Project_ID,Line_of_Business,Region,Country_Code,Forecast_Cost,Estimated_Sell_Price,Change_Order_Cost,Change_Order_Sell_Price,Final_Cost,Final_Sell_Price,Estimated_Duration_Days,Delays_Days,Final_Duration_Days,Tier,Risks_registered,Risks prevented
PRJ-0001,Service,Asia,JP,1212698,1574309.61,297629.43,393952.99,1510327.43,1968262.6,484,86,570,Tier 3,6,6
PRJ-0002,Install,Europe,DE,2170699,1342527.42,12281.61,15101.71,2182980.61,1357629.13,769,33,802,Tier 3,5,0
PRJ-0003,Service,Africa,ZA,3986668,5325972.32,369266.23,405406.68,4355934.23,5731379,416,50,466,Tier 3,2,2
PRJ-0004,Energy,Europe,FR,3077768,4810246.53,49775.42,57648.99,3127543.42,4867895.53,1110,194,1304,Tier 3,3,1
PRJ-0005,Install,Oceania,AU,1840692,2717168.94,401269.57,539258.65,2241961.57,3256427.59,322,21,343,Tier 3,3,1
PRJ-0006,Install,North America,MX,4834963,4542021.37,241885.65,309326.57,5076848.65,4851347.94,1281,157,1438,Tier 2,8,3
PRJ-0007,Service,South America,BR,1183340,1767652.72,127796.71,154868.27,1311136.71,1922520.99,640,101,741,Tier 3,0,0
PRJ-0008,Energy,Africa,ZA,3422267,5621919.01,189469.47,281224.23,3611736.47,5903143.25,1689,238,1927,Tier 3,0,0
PRJ-0009,Install,Africa,ZA,3222765,3968067.03,960154.5,1286838.94,4182919.5,5254905.97,78,3,81,Tier 3,9,5
PRJ-0010,Install,Oceania,AU,2625810,2681351.24,340581.04,431005.8,2966391.04,3112357.04,1115,208,1323,Tier 3,1,0
PRJ-0011,Service,South America,BR,1978857,1238165.8,419939.71,497686.58,2398796.71,1735852.38,1764,259,2023,Tier 3,10,2
PRJ-0012,Install,North America,MX,2911437,2334626.02,363249.35,459190.01,3274686.35,2793816.04,1593,119,1712,Tier 3,3,3
PRJ-0013,Energy,Oceania,AU,790598,1056247.8,95206.18,115774.56,885804.18,1172022.36,1120,146,1266,Tier 4,5,0
PRJ-0014,Service,North America,MX,1087747,1067570.73,83833.44,86596.14,1171580.44,1154166.87,904,86,990,Tier 3,4,1
PRJ-0015,Energy,Asia,CN,3777289,4595809.02,542734.04,544307.26,4320023.04,5140116.28,307,43,350,Tier 3,5,2
PRJ-0016,Install,Asia,JP,2752743,4819473.35,638040.46,866146.17,3390783.46,5685619.52,795,128,923,Tier 3,5,5
PRJ-0017,Install,Europe,FR,4528407,4549416.06,179697.15,253291.75,4708104.15,4802707.81,1123,84,1207,Tier 3,8,5
PRJ-0018,Service,Oceania,AU,2280450,2519491.72,46449.9,47724.9,2326899.9,2567216.62,1080,173,1253,Tier 3,0,0
PRJ-0019,Service,North America,MX,1481642,1483231.07,281155.03,302068.6,1762797.03,1785299.66,995,2,997,Tier 3,5,5
PRJ-0020,Service,Africa,EG,3320998,2838513.71,978974.21,1423183.71,4299972.21,4261697.41,1379,258,1637,Tier 3,6,5
PRJ-0021,Service,South America,BR,1802441,2718441.2,272041.82,371045.38,2074482.82,3089486.57,1028,19,1047,Tier 3,0,0
PRJ-0022,Service,Oceania,NZ,558220,638792.95,37644.38,42427.25,595864.38,681220.2,1301,31,1332,Tier 4,10,2
PRJ-0023,Install,Africa,EG,2365255,1875846.54,33873.6,46812.16,2399128.6,1922658.7,1651,126,1777,Tier 3,4,3
PRJ-0024,Energy,South America,BR,1545101,2359280.49,124068.1,175062.66,1669169.1,2534343.15,57,0,57,Tier 3,2,0
PRJ-0025,Install,North America,MX,1885326,2174310.34,164239.57,220464.24,2049565.57,2394774.58,700,100,800,Tier 3,7,0
PRJ-0026,Service,Oceania,AU,547006,836751.18,40512.6,45819.46,587518.6,882570.63,329,60,389,Tier 4,1,0
PRJ-0027,Install,Asia,JP,4177829,4053661.95,900789.83,911143.27,5078618.83,4964805.22,23,2,25,Tier 2,10,1
PRJ-0028,Energy,Oceania,AU,2780736,2738098.14,307168.83,424494.89,3087904.83,3162593.04,1458,94,1552,Tier 3,0,0
PRJ-0029,Energy,North America,MX,2310345,1404918.7,131039.02,173206.44,2441384.02,1578125.14,1694,74,1768,Tier 3,2,1
PRJ-0030,Install,Oceania,AU,1003159,1613378.82,98379.33,100867.36,1101538.33,1714246.17,1427,193,1620,Tier 3,8,2
PRJ-0031,Service,North America,MX,2965318,4609337.7,688080.91,721727.18,3653398.91,5331064.88,1541,299,1840,Tier 3,5,2
PRJ-0032,Energy,Asia,CN,3898045,4821889.2,1040158.95,1095356.95,4938203.95,5917246.15,364,49,413,Tier 3,4,1
PRJ-0033,Energy,Africa,EG,1810255,3188461.49,142066.21,169634.2,1952321.21,3358095.69,1287,221,1508,Tier 3,1,0
PRJ-0034,Service,Asia,JP,147916,225541.32,9256.96,11097,157172.96,236638.32,1615,137,1752,Tier 5,8,1
PRJ-0035,Energy,Africa,EG,2883544,1945465.01,707746.21,810018.75,3591290.21,2755483.76,162,13,175,Tier 3,0,0
PRJ-0036,Service,Oceania,AU,4619467,3674826.42,1123136.41,1677445.01,5742603.41,5352271.42,287,40,327,Tier 2,3,2
PRJ-0037,Service,Asia,JP,1595360,1650788.83,466152.44,618210.89,2061512.44,2268999.72,322,11,333,Tier 3,1,0
PRJ-0038,Service,Europe,DE,3116702,3637445.5,919682.39,1323757.93,4036384.39,4961203.43,1560,20,1580,Tier 3,3,1
PRJ-0039,Install,North America,US,4859864,6204328.74,295069.34,310756.93,5154933.34,6515085.67,1382,12,1394,Tier 2,6,6
PRJ-0040,Install,Europe,DE,4647054,8220997.33,834911.72,1246437.86,5481965.72,9467435.2,265,39,304,Tier 2,6,3
PRJ-0041,Service,Europe,FR,55788,48564.72,3306.3,3944.95,59094.3,52509.67,574,63,637,Tier 5,10,2
PRJ-0042,Energy,Oceania,NZ,1365725,1382650.03,272657.07,377819.14,1638382.07,1760469.16,542,54,596,Tier 3,0,0
PRJ-0043,Energy,North America,MX,4474072,3497793.12,1164844.95,1204673.03,5638916.95,4702466.16,65,8,73,Tier 2,4,4
PRJ-0044,Install,Asia,JP,1714794,2660975.87,285312.43,367826.62,2000106.43,3028802.49,1575,304,1879,Tier 3,9,0
PRJ-0045,Install,North America,MX,2184135,1460320.37,423387.96,468738.94,2607522.96,1929059.31,1112,50,1162,Tier 3,9,7
PRJ-0046,Energy,South America,AR,1141593,1350100.81,30381.14,44080.37,1171974.14,1394181.18,641,76,717,Tier 3,5,1
PRJ-0047,Service,Europe,DE,3723408,3255171.23,73807.12,85833.01,3797215.12,3341004.25,167,18,185,Tier 3,0,0
PRJ-0048,Service,Europe,FR,1368215,947886.33,224967.45,243258.16,1593182.45,1191144.49,1172,206,1378,Tier 3,10,7
PRJ-0049,Install,Asia,CN,4812083,3281778.57,56807.44,66442.92,4868890.44,3348221.48,566,14,580,Tier 3,0,0
PRJ-0050,Service,Africa,EG,2235547,2004824.25,522672.96,535769.74,2758219.96,2540593.99,1404,103,1507,Tier 3,0,0
PRJ-0051,Energy,South America,BR,730582,1309936.16,26229.52,30666.27,756811.52,1340602.43,49,7,56,Tier 4,10,1
PRJ-0052,Install,South America,AR,3455407,2090460.13,818328.18,839356.76,4273735.18,2929816.9,41,0,41,Tier 3,5,3
PRJ-0053,Install,North America,MX,160609,283174.96,1347.37,1418.42,161956.37,284593.38,423,32,455,Tier 5,4,2
PRJ-0054,Install,Europe,FR,4379931,5272683.86,1094943.79,1177798.65,5474874.79,6450482.51,1153,170,1323,Tier 2,6,4
PRJ-0055,Install,North America,US,2859481,4912726.64,90156.27,91470.35,2949637.27,5004196.99,1011,5,1016,Tier 3,0,0
PRJ-0056,Install,Europe,DE,3988065,3222532.41,459739.49,467195.91,4447804.49,3689728.32,1243,28,1271,Tier 3,7,4
PRJ-0057,Energy,Oceania,NZ,1138952,1156908.18,58050.84,73827.98,1197002.84,1230736.17,612,106,718,Tier 3,9,4
PRJ-0058,Service,Oceania,NZ,106953,104712.47,4700.36,6967.52,111653.36,111680,137,21,158,Tier 5,7,6
PRJ-0059,Energy,North America,MX,2369775,1839983.14,125262.45,166552.94,2495037.45,2006536.08,914,59,973,Tier 3,3,1
PRJ-0060,Service,North America,US,615888,908685.02,39018.46,53104.79,654906.46,961789.81,1430,254,1684,Tier 4,8,6
PRJ-0061,Install,South America,BR,4309284,6612379.12,720280.07,1077728.41,5029564.07,7690107.54,1296,48,1344,Tier 2,2,0
PRJ-0062,Energy,Europe,DE,623125,878924.88,181460.27,243010.13,804585.27,1121935.02,52,7,59,Tier 4,5,0
PRJ-0063,Energy,Asia,JP,4702236,3195460.25,698187.36,957906.39,5400423.36,4153366.64,1162,151,1313,Tier 2,0,0
PRJ-0064,Service,Oceania,AU,4028787,5370388.21,410223.28,539982.6,4439010.28,5910370.81,776,129,905,Tier 3,6,3
PRJ-0065,Service,Africa,EG,1318574,1929906.38,317340.71,432854.39,1635914.71,2362760.77,854,64,918,Tier 3,3,0
PRJ-0066,Service,Oceania,NZ,2431078,2222124.41,393919.82,464936.22,2824997.82,2687060.63,769,37,806,Tier 3,5,1
PRJ-0067,Install,Oceania,AU,2661758,4453699.64,345919.2,427017.12,3007677.2,4880716.75,166,9,175,Tier 3,7,0
PRJ-0068,Energy,Asia,JP,3735211,6065377.99,963269.02,1157768.91,4698480.02,7223146.9,636,77,713,Tier 3,8,5
PRJ-0069,Service,North America,US,3500237,2209468.31,712720.13,797217.88,4212957.13,3006686.19,1406,233,1639,Tier 3,7,0
PRJ-0070,Install,Oceania,NZ,1963583,3477572.14,580258.02,768957.12,2543841.02,4246529.27,595,100,695,Tier 3,8,3
PRJ-0071,Energy,Europe,DE,990477,1324013.15,151763.04,212759.52,1142240.04,1536772.67,1261,98,1359,Tier 3,6,4
PRJ-0072,Energy,Africa,EG,3972321,4737541.4,88172.12,128296.85,4060493.12,4865838.25,1104,130,1234,Tier 3,6,5
PRJ-0073,Service,Africa,ZA,1685103,2966216.18,52732.3,60085.4,1737835.3,3026301.59,229,11,240,Tier 3,3,2
PRJ-0074,Install,Asia,CN,3407470,3388404.24,702764.19,1025962.71,4110234.19,4414366.94,822,83,905,Tier 3,6,6
PRJ-0075,Service,North America,MX,285224,321113.23,27320.81,34677.43,312544.81,355790.66,777,152,929,Tier 4,10,2
PRJ-0076,Install,Europe,DE,1339758,869706.16,303222.08,311243.31,1642980.08,1180949.48,850,64,914,Tier 3,6,2
PRJ-0077,Install,Europe,DE,3084859,2114882.34,547304.01,739354.85,3632163.01,2854237.2,1563,237,1800,Tier 3,6,4
PRJ-0078,Service,North America,MX,4883617,4848611.6,799453.96,885411.15,5683070.96,5734022.76,508,88,596,Tier 2,9,1
PRJ-0079,Service,North America,MX,4360218,3861790.4,864506.05,1194211.43,5224724.05,5056001.82,1457,253,1710,Tier 2,3,2
PRJ-0080,Service,South America,BR,2529066,4427035.91,443751.57,571522.54,2972817.57,4998558.44,236,13,249,Tier 3,3,2
PRJ-0081,Install,Africa,EG,1096194,941776.51,26992.23,29008.4,1123186.23,970784.91,1113,129,1242,Tier 3,9,0
PRJ-0082,Energy,South America,AR,3867362,5929103.37,1129117.35,1544892.33,4996479.35,7473995.71,221,11,232,Tier 3,1,1
PRJ-0083,Install,North America,MX,3222531,4642837.27,945014.48,1119056.84,4167545.48,5761894.11,247,6,253,Tier 3,0,0
PRJ-0084,Service,Africa,EG,1558460,2282567.2,332156.76,366578.88,1890616.76,2649146.08,113,4,117,Tier 3,10,0
PRJ-0085,Energy,Oceania,AU,4021786,6498544.86,1151597.57,1655789.19,5173383.57,8154334.04,54,9,63,Tier 2,1,1
PRJ-0086,Service,North America,MX,4845254,5758732.9,374522.73,472290.03,5219776.73,6231022.93,1107,107,1214,Tier 2,2,1
PRJ-0087,Energy,Europe,DE,1054346,1447998.8,75585.37,104132.97,1129931.37,1552131.77,926,50,976,Tier 3,8,4
PRJ-0088,Energy,Africa,ZA,4547383,5276809.04,1065246.36,1488556.34,5612629.36,6765365.38,80,5,85,Tier 2,2,1
PRJ-0089,Service,North America,MX,2349133,3666590.02,300806.5,322607.94,2649939.5,3989197.96,1768,314,2082,Tier 3,0,0
PRJ-0090,Install,Europe,DE,204173,177120.77,7395.78,10771.1,211568.78,187891.88,920,116,1036,Tier 5,9,1
PRJ-0091,Install,Oceania,AU,1263494,922142.04,119230.19,171086.24,1382724.19,1093228.28,1676,88,1764,Tier 3,9,6
PRJ-0092,Service,Europe,DE,3911116,3494514.71,471707.51,596053,4382823.51,4090567.71,389,37,426,Tier 3,7,3
PRJ-0093,Energy,Oceania,AU,1514190,2121847.14,113170.76,138812.78,1627360.76,2260659.92,1470,87,1557,Tier 3,5,0
PRJ-0094,Service,Africa,EG,1498744,1148130.74,401392.16,558784.92,1900136.16,1706915.66,52,2,54,Tier 3,6,3
PRJ-0095,Install,Asia,JP,1430230,2475819.29,162050.54,213151.3,1592280.54,2688970.59,626,6,632,Tier 3,5,5
PRJ-0096,Install,Europe,FR,2734866,3688682.3,40855.47,46556.1,2775721.47,3735238.4,1526,239,1765,Tier 3,6,5
PRJ-0097,Service,Europe,FR,2732364,2786028.39,407186.7,483556.81,3139550.7,3269585.2,778,99,877,Tier 3,2,1
PRJ-0098,Install,Asia,CN,777433,943939.76,186763.56,267266.62,964196.56,1211206.38,1571,231,1802,Tier 4,5,2
PRJ-0099,Install,Oceania,AU,2263018,3933209.41,365202.25,387968.68,2628220.25,4321178.09,1364,215,1579,Tier 3,3,2
PRJ-0100,Energy,Europe,DE,697344,678281.33,65906.74,71722.31,763250.74,750003.64,768,117,885,Tier 4,0,0
PRJ-0101,Install,South America,BR,4095833,3655153.9,311268.23,332435.22,4407101.23,3987589.12,1210,216,1426,Tier 3,1,0
PRJ-0102,Service,Africa,ZA,3490257,3744840.33,527836.97,638489.48,4018093.97,4383329.81,214,13,227,Tier 3,5,0
PRJ-0103,Service,Asia,CN,4532000,6955653.87,795219.23,805084.65,5327219.23,7760738.52,1238,49,1287,Tier 2,2,0
PRJ-0104,Energy,Europe,FR,4894517,7168582.69,840907.83,853856.43,5735424.83,8022439.12,980,192,1172,Tier 2,9,1
PRJ-0105,Install,Africa,ZA,4630983,4921502.43,939770.11,1014241.62,5570753.11,5935744.05,1412,215,1627,Tier 2,4,2
PRJ-0106,Energy,Oceania,NZ,1934545,1884376.9,533200.26,707693.29,2467745.26,2592070.19,717,32,749,Tier 3,4,2
PRJ-0107,Service,South America,AR,1684120,2087130.87,270227.25,335337.72,1954347.25,2422468.59,565,20,585,Tier 3,4,3
PRJ-0108,Install,Europe,FR,3742351,5431489.6,552804.77,696156.03,4295155.77,6127645.62,1504,74,1578,Tier 3,5,3
PRJ-0109,Energy,Europe,FR,2943319,2425202.86,5554.81,7747.85,2948873.81,2432950.71,609,61,670,Tier 3,10,1
PRJ-0110,Install,Europe,DE,1908342,2770201.85,191326.29,261257.25,2099668.29,3031459.1,967,151,1118,Tier 3,10,9
PRJ-0111,Service,North America,US,2894848,1919234.83,798226.11,1005641.63,3693074.11,2924876.46,356,54,410,Tier 3,9,5
PRJ-0112,Install,Africa,ZA,1672829,1710782.05,75688.63,88795.17,1748517.63,1799577.22,804,60,864,Tier 3,3,3
PRJ-0113,Install,Africa,EG,1963632,1368610.96,534822.21,673687.22,2498454.21,2042298.18,488,93,581,Tier 3,5,4
PRJ-0114,Service,Oceania,NZ,4006941,6278830.71,413450.07,527258.81,4420391.07,6806089.53,626,39,665,Tier 3,2,0
PRJ-0115,Energy,North America,US,3286911,5086281.92,848716.68,901758.26,4135627.68,5988040.18,68,6,74,Tier 3,4,2
PRJ-0116,Service,Africa,EG,1509911,1487095.3,142505.27,176111.95,1652416.27,1663207.25,1276,151,1427,Tier 3,3,3
PRJ-0117,Energy,Oceania,NZ,2355395,3582845.01,571940.2,590817.93,2927335.2,4173662.94,1541,60,1601,Tier 3,7,4
PRJ-0118,Energy,Africa,EG,3440945,4308280.05,699578.13,929463.54,4140523.13,5237743.59,182,6,188,Tier 3,6,5
PRJ-0119,Install,Africa,EG,4822707,8354918.77,1027510.25,1224138.61,5850217.25,9579057.38,1801,212,2013,Tier 2,2,0
PRJ-0120,Energy,South America,BR,584454,829714.41,18586.34,21003.88,603040.34,850718.29,188,10,198,Tier 4,6,5
PRJ-0121,Service,Europe,DE,191751,208951.15,16375.56,18273.62,208126.56,227224.77,33,3,36,Tier 5,9,1
PRJ-0122,Install,Oceania,AU,2931457,2179732.22,436281.77,511557.72,3367738.77,2691289.94,1020,16,1036,Tier 3,8,5
PRJ-0123,Energy,Africa,ZA,1375191,1555039.46,8283.69,10557.56,1383474.69,1565597.02,477,73,550,Tier 3,5,4
PRJ-0124,Energy,Oceania,AU,1552383,2600435.27,359336.8,414285.29,1911719.8,3014720.56,1145,208,1353,Tier 3,10,7
PRJ-0125,Install,Europe,FR,288252,339118.07,4668.98,5735.16,292920.98,344853.23,548,101,649,Tier 4,10,9
PRJ-0126,Install,Europe,DE,3506613,3067370.13,533714.77,588265.39,4040327.77,3655635.52,1535,210,1745,Tier 3,0,0
PRJ-0127,Service,Oceania,NZ,3062598,2902149.21,246693.73,294859.44,3309291.73,3197008.64,624,46,670,Tier 3,3,3
PRJ-0128,Service,Asia,JP,4074638,7251913.91,148426.96,212481.72,4223064.96,7464395.64,975,73,1048,Tier 3,4,0
PRJ-0129,Install,Africa,ZA,2291656,1529151.35,203498.9,223925.57,2495154.9,1753076.93,676,41,717,Tier 3,9,7
PRJ-0130,Install,North America,MX,4165547,6558974.1,844272.02,1077170.72,5009819.02,7636144.82,1449,218,1667,Tier 2,1,0
PRJ-0131,Energy,Oceania,NZ,943802,1531201.26,145404.47,176043.66,1089206.47,1707244.92,1259,101,1360,Tier 3,6,3
PRJ-0132,Service,South America,BR,4670537,5579084.9,56651.4,70283.44,4727188.4,5649368.34,206,35,241,Tier 3,2,0
PRJ-0133,Service,North America,US,2672797,3456310.06,221595.44,260375.69,2894392.44,3716685.74,951,14,965,Tier 3,5,0
PRJ-0134,Install,Africa,ZA,4145121,4196151.72,1174936.92,1618436.02,5320057.92,5814587.74,1539,291,1830,Tier 2,5,4
PRJ-0135,Service,North America,MX,1446422,1238275.05,67417.46,95041.39,1513839.46,1333316.44,1159,107,1266,Tier 3,4,4
PRJ-0136,Install,South America,AR,2346410,3641917.56,167636.55,174191.7,2514046.55,3816109.26,476,50,526,Tier 3,10,3
PRJ-0137,Service,Oceania,NZ,856810,1481103,14874.77,20079.54,871684.77,1501182.54,666,59,725,Tier 4,2,1
PRJ-0138,Install,Africa,EG,1427144,1917763.32,209918.57,296584.44,1637062.57,2214347.75,1279,39,1318,Tier 3,10,5
PRJ-0139,Service,Africa,EG,777900,1325482.6,82283.15,114079.09,860183.15,1439561.69,625,67,692,Tier 4,10,2
PRJ-0140,Energy,Asia,CN,3671169,2654537.68,586948.12,808835.55,4258117.12,3463373.23,270,30,300,Tier 3,7,4
PRJ-0141,Install,Asia,JP,3355021,2927077.74,849742.83,948430.37,4204763.83,3875508.1,512,99,611,Tier 3,10,5
PRJ-0142,Energy,Europe,FR,1098783,1587015.54,37934.48,45930.16,1136717.48,1632945.7,845,15,860,Tier 3,1,0
PRJ-0143,Install,Europe,FR,2235335,2049164.18,615495.11,873087.62,2850830.11,2922251.8,1383,223,1606,Tier 3,3,3
PRJ-0144,Energy,North America,US,1474478,2426520.19,45731.76,66647.63,1520209.76,2493167.82,1584,286,1870,Tier 3,9,4
PRJ-0145,Install,Europe,DE,3010756,2335676.82,749902.91,963834.95,3760658.91,3299511.77,1247,238,1485,Tier 3,5,0
PRJ-0146,Energy,Europe,FR,1528573,1034304.34,119279.91,157437.45,1647852.91,1191741.79,1676,30,1706,Tier 3,8,1
PRJ-0147,Install,North America,MX,818234,1213866.03,18854.04,19617.76,837088.04,1233483.79,786,98,884,Tier 4,7,6
PRJ-0148,Service,Oceania,NZ,58492,85291.98,1854.23,1916.88,60346.23,87208.86,1277,135,1412,Tier 5,1,0
PRJ-0149,Energy,Oceania,AU,4969423,5283371.86,781079.28,964333.14,5750502.28,6247705,716,71,787,Tier 2,4,1
PRJ-0150,Install,Europe,DE,825866,580235.59,86658.15,112946.61,912524.15,693182.2,1471,96,1567,Tier 4,0,0
PRJ-0151,Service,Africa,EG,2619674,4632854.29,42566.67,45050.66,2662240.67,4677904.95,1648,237,1885,Tier 3,8,8
PRJ-0152,Service,South America,BR,2842291,4371817.14,232877.91,290824.55,3075168.91,4662641.69,459,50,509,Tier 3,6,0
PRJ-0153,Service,South America,AR,4045062,2471797.24,153249.64,189361.55,4198311.64,2661158.79,1248,209,1457,Tier 3,1,0
PRJ-0154,Install,Asia,JP,1895629,1226933.65,127808.55,188572.61,2023437.55,1415506.26,1042,148,1190,Tier 3,6,0
PRJ-0155,Energy,Europe,FR,2336285,3467232.25,394913.68,515113.4,2731198.68,3982345.65,1405,10,1415,Tier 3,5,5
PRJ-0156,Service,Europe,FR,2080871,2385452.57,133020.43,154341.59,2213891.43,2539794.15,595,14,609,Tier 3,8,6
PRJ-0157,Service,Oceania,AU,789127,660610.54,182987.15,216378.95,972114.15,876989.49,345,63,408,Tier 4,5,3
PRJ-0158,Install,Africa,ZA,2654262,2766124.13,469806.45,603171.62,3124068.45,3369295.74,1276,186,1462,Tier 3,9,6
PRJ-0159,Energy,Africa,EG,2330900,2963278.49,122871.39,156286.26,2453771.39,3119564.75,1431,286,1717,Tier 3,0,0
PRJ-0160,Energy,North America,US,4581082,3814818.96,1205985.09,1493089.79,5787067.09,5307908.75,1565,15,1580,Tier 2,6,3
PRJ-0161,Install,Europe,DE,195081,256544.11,24969.41,28684.79,220050.41,285228.9,1208,66,1274,Tier 5,5,4
PRJ-0162,Service,South America,AR,2318756,2439682.93,469945.59,511918.28,2788701.59,2951601.21,259,24,283,Tier 3,9,9
PRJ-0163,Energy,Oceania,NZ,3153950,2440193.3,189024.79,251112.55,3342974.79,2691305.85,1181,63,1244,Tier 3,1,1
PRJ-0164,Energy,Oceania,AU,2713018,4579037.05,412667.27,573824.97,3125685.27,5152862.03,1374,238,1612,Tier 3,8,7
PRJ-0165,Install,Asia,JP,2706924,2897632.78,328121.15,355677.67,3035045.15,3253310.45,1162,232,1394,Tier 3,3,1
PRJ-0166,Energy,North America,US,4075149,4655586.58,239049.77,315667.47,4314198.77,4971254.05,153,13,166,Tier 3,10,4
PRJ-0167,Energy,Africa,ZA,4895724,6301004.52,547195.41,780226.87,5442919.41,7081231.39,791,96,887,Tier 2,3,3
PRJ-0168,Install,South America,BR,2651542,1935001.09,255115.65,282633.06,2906657.65,2217634.15,1191,0,1191,Tier 3,7,6
PRJ-0169,Service,Africa,EG,2654828,3902473.97,466319.73,584459.89,3121147.73,4486933.86,889,154,1043,Tier 3,7,0
PRJ-0170,Energy,North America,MX,3571973,4723938.17,866138.16,871512.43,4438111.16,5595450.6,1643,54,1697,Tier 3,4,0
PRJ-0171,Install,Europe,DE,3828828,5553527.65,3203.1,4348.2,3832031.1,5557875.85,1497,5,1502,Tier 3,7,7
PRJ-0172,Install,North America,MX,3589968,6426107.61,40822.63,53447.71,3630790.63,6479555.33,1157,87,1244,Tier 3,6,2
PRJ-0173,Install,South America,AR,1298729,1415613.42,323166.25,445153.19,1621895.25,1860766.61,378,10,388,Tier 3,6,1
PRJ-0174,Service,Africa,EG,1349922,1348857.51,400876.47,568171.34,1750798.47,1917028.85,119,3,122,Tier 3,5,3
PRJ-0175,Install,Africa,ZA,3127151,2544822.49,605857.76,826397.26,3733008.76,3371219.76,917,45,962,Tier 3,10,0
PRJ-0176,Install,South America,BR,2504716,2440573.33,471818.12,634312.25,2976534.12,3074885.58,995,0,995,Tier 3,0,0
PRJ-0177,Service,Africa,EG,2416107,2181124.22,516283.34,694678.98,2932390.34,2875803.2,756,14,770,Tier 3,9,3
PRJ-0178,Install,Africa,EG,3109414,2294864.9,367740.02,426080.41,3477154.02,2720945.31,1119,58,1177,Tier 3,0,0
PRJ-0179,Energy,South America,AR,2865920,3330188.33,732335.64,735649.18,3598255.64,4065837.51,271,36,307,Tier 3,8,0
PRJ-0180,Install,South America,AR,3836909,2624306.32,1028324.39,1535145.29,4865233.39,4159451.61,1266,211,1477,Tier 3,6,3
PRJ-0181,Service,South America,AR,2953442,2124530.95,426657.05,435970.67,3380099.05,2560501.62,1425,171,1596,Tier 3,8,6
PRJ-0182,Energy,Asia,JP,1315464,993915.24,24906.93,33271.72,1340370.93,1027186.96,92,7,99,Tier 3,7,6
PRJ-0183,Service,Oceania,NZ,4720685,5529766.56,1120278.23,1271884.24,5840963.23,6801650.8,1805,254,2059,Tier 2,4,0
PRJ-0184,Install,Europe,DE,1429196,1201611.72,112321.33,146136.01,1541517.33,1347747.74,132,7,139,Tier 3,5,4
PRJ-0185,Service,Oceania,AU,453839,531001.9,90774.35,134047.82,544613.35,665049.72,1718,244,1962,Tier 4,6,5
PRJ-0186,Service,Asia,CN,3075682,4750969.04,96034.04,130945.07,3171716.04,4881914.11,824,96,920,Tier 3,2,2
PRJ-0187,Install,Europe,FR,4815815,5233532.35,726185.11,988409.75,5542000.11,6221942.11,1539,64,1603,Tier 2,0,0
PRJ-0188,Energy,Asia,CN,2047700,3647990.7,414220.45,523942.45,2461920.45,4171933.14,1163,3,1166,Tier 3,1,1
PRJ-0189,Energy,Africa,ZA,2021009,2957092.59,155934.1,161348.23,2176943.1,3118440.81,1651,222,1873,Tier 3,10,2
PRJ-0190,Energy,North America,US,3632508,2938786.95,278757.19,284475.15,3911265.19,3223262.09,1695,112,1807,Tier 3,1,0
PRJ-0191,Service,Africa,ZA,2178623,1893338.41,218640.77,221409.71,2397263.77,2114748.13,1711,315,2026,Tier 3,8,6
PRJ-0192,Install,Oceania,NZ,3358788,4292118.17,672141.25,740963.77,4030929.25,5033081.94,1123,89,1212,Tier 3,1,1
PRJ-0193,Service,Europe,FR,2348006,1597576.92,473610.01,637840.4,2821616.01,2235417.33,649,126,775,Tier 3,2,1
PRJ-0194,Service,Europe,FR,2320928,2237172.29,590186.43,808418.42,2911114.43,3045590.71,1532,68,1600,Tier 3,1,1
PRJ-0195,Service,Oceania,AU,1927998,1376286.1,481815.51,648334.29,2409813.51,2024620.39,1659,250,1909,Tier 3,9,9
PRJ-0196,Service,Oceania,NZ,1388657,1121365.15,122950.46,130084.48,1511607.46,1251449.62,848,38,886,Tier 3,7,1
PRJ-0197,Energy,Oceania,AU,4363183,4131142.86,622936.35,636519.05,4986119.35,4767661.91,489,12,501,Tier 3,3,1
PRJ-0198,Energy,Asia,CN,3372056,2121580.28,40322.56,41751.26,3412378.56,2163331.55,1433,262,1695,Tier 3,0,0
PRJ-0199,Install,South America,BR,2624589,2523822.19,383442.01,476757.17,3008031.01,3000579.36,139,17,156,Tier 3,7,0
PRJ-0200,Service,Europe,DE,3263652,4455883.56,788916.1,1007546.15,4052568.1,5463429.71,534,87,621,Tier 3,4,0
PRJ-0201,Energy,Europe,DE,3857993,6875443.8,577160.45,589850.56,4435153.45,7465294.36,1803,284,2087,Tier 3,7,3
PRJ-0202,Service,Oceania,AU,2762970,2994786.53,658808.26,937952.97,3421778.26,3932739.5,188,37,225,Tier 3,9,0
PRJ-0203,Install,South America,BR,4041401,6779256.49,470788.27,617385.12,4512189.27,7396641.61,1030,75,1105,Tier 3,0,0
PRJ-0204,Energy,Africa,EG,3371254,2484879.31,847447.91,937858.58,4218701.91,3422737.89,707,32,739,Tier 3,1,0
PRJ-0205,Service,Asia,JP,373323,461791.14,96264.2,131403.26,469587.2,593194.4,1332,73,1405,Tier 4,8,8
PRJ-0206,Install,Asia,JP,979176,1688063.15,281324.75,285179.88,1260500.75,1973243.03,1721,193,1914,Tier 3,3,3
PRJ-0207,Energy,Oceania,AU,1572814,1860004.51,210005.34,262275.63,1782819.34,2122280.13,1810,274,2084,Tier 3,7,7
PRJ-0208,Energy,Oceania,NZ,1935700,2512232.93,68580.76,71630.64,2004280.76,2583863.57,299,33,332,Tier 3,10,4
PRJ-0209,Install,North America,US,3298525,2874729.55,387818.52,443728.79,3686343.52,3318458.34,1423,53,1476,Tier 3,5,1
PRJ-0210,Energy,Asia,JP,601474,393807.94,59487.34,66802.24,660961.34,460610.18,1749,171,1920,Tier 4,9,2
PRJ-0211,Service,South America,BR,2120936,1392377.37,259478.24,377988.83,2380414.24,1770366.2,1468,231,1699,Tier 3,6,4
PRJ-0212,Energy,Europe,DE,4815693,3513578.85,1437287.77,1746425.71,6252980.77,5260004.56,809,21,830,Tier 2,9,1
PRJ-0213,Service,Africa,ZA,2471301,3658989.3,314034.8,379031.41,2785335.8,4038020.72,616,39,655,Tier 3,2,2
PRJ-0214,Energy,Oceania,NZ,1122583,1868478.51,330855.26,461845.08,1453438.26,2330323.58,1698,196,1894,Tier 3,7,4
PRJ-0215,Service,Africa,ZA,4929600,8639133.09,1206242.75,1329625.52,6135842.75,9968758.61,999,22,1021,Tier 2,2,0
PRJ-0216,Energy,Oceania,AU,2129817,3666810.3,221787.99,254907.5,2351604.99,3921717.8,936,32,968,Tier 3,2,0
PRJ-0217,Service,North America,MX,1117347,1848305.72,60262.63,85303.79,1177609.63,1933609.51,1540,133,1673,Tier 3,4,1
PRJ-0218,Service,North America,US,3992292,3300134.14,90329.01,111921.94,4082621.01,3412056.07,1212,131,1343,Tier 3,1,1
PRJ-0219,Service,South America,AR,2693389,4128513.64,38867.09,45652.91,2732256.09,4174166.55,732,119,851,Tier 3,1,0
PRJ-0220,Service,South America,BR,1126008,680231.47,284164.05,366124.53,1410172.05,1046356,1278,30,1308,Tier 3,1,0
PRJ-0221,Install,North America,US,3991726,3326978.71,535660.97,779934.66,4527386.97,4106913.38,362,7,369,Tier 3,5,5
PRJ-0222,Service,Asia,JP,2670386,2278288.44,791596.04,914729.45,3461982.04,3193017.89,1462,61,1523,Tier 3,6,2
PRJ-0223,Install,South America,BR,1856813,2923236.58,225316.76,261380.24,2082129.76,3184616.82,1555,242,1797,Tier 3,9,8
PRJ-0224,Service,Europe,DE,69770,121125.1,6341.87,9011.8,76111.87,130136.9,1656,193,1849,Tier 5,5,3
PRJ-0225,Install,Africa,EG,2294697,3764656.66,507755.37,524375.55,2802452.37,4289032.21,962,38,1000,Tier 3,2,1
PRJ-0226,Energy,Oceania,AU,1141557,1827919.95,269242.86,273317.32,1410799.86,2101237.28,744,80,824,Tier 3,7,7
PRJ-0227,Service,North America,US,841072,1094867.23,236551.44,344336.5,1077623.44,1439203.73,1825,297,2122,Tier 3,4,4
PRJ-0228,Install,Oceania,NZ,742219,565899.67,3000.07,3034.37,745219.07,568934.05,401,27,428,Tier 4,1,1
PRJ-0229,Energy,Africa,EG,2382295,3861523.36,377482.41,499703.6,2759777.41,4361226.96,755,10,765,Tier 3,10,8
PRJ-0230,Energy,Oceania,AU,4049618,6271845.74,1030336.09,1496450.07,5079954.09,7768295.81,1030,160,1190,Tier 2,6,2
PRJ-0231,Service,Africa,EG,3621548,3286290.08,332237,417973.77,3953785,3704263.86,1566,254,1820,Tier 3,6,0
PRJ-0232,Service,Oceania,AU,4390113,4865545.82,380564.12,471511.21,4770677.12,5337057.04,692,116,808,Tier 3,4,0
PRJ-0233,Energy,Oceania,NZ,1118814,1721329.28,283075.9,404191.23,1401889.9,2125520.51,1573,134,1707,Tier 3,5,1
PRJ-0234,Energy,Europe,FR,2624247,4516837.85,448844.87,496400.97,3073091.87,5013238.82,820,94,914,Tier 3,0,0
PRJ-0235,Install,Europe,FR,689220,897662.05,32691.5,39711.33,721911.5,937373.38,1808,214,2022,Tier 4,8,8
PRJ-0236,Energy,North America,US,382533,351991.85,74315.08,97804.76,456848.08,449796.61,1653,217,1870,Tier 4,9,3
PRJ-0237,Energy,Asia,CN,1877988,1390615.4,278110.29,314841.42,2156098.29,1705456.81,330,57,387,Tier 3,0,0
PRJ-0238,Energy,North America,US,3979506,6339339.89,357162.91,517952.02,4336668.91,6857291.91,1812,262,2074,Tier 3,1,0
PRJ-0239,Service,North America,US,1134457,1771253.79,83119.65,119651.67,1217576.65,1890905.45,1474,30,1504,Tier 3,10,2
PRJ-0240,Energy,Oceania,AU,1699384,2472621.84,209406.05,243171.92,1908790.05,2715793.76,1778,232,2010,Tier 3,8,4
PRJ-0241,Energy,Asia,JP,1431088,1871790.93,124421.1,169299.65,1555509.1,2041090.58,1503,121,1624,Tier 3,2,2
PRJ-0242,Service,Europe,FR,4483912,5426239.74,625722.77,688891.03,5109634.77,6115130.77,1100,161,1261,Tier 2,4,4
PRJ-0243,Energy,South America,AR,3427939,5692234,187538.05,225731.27,3615477.05,5917965.27,1538,17,1555,Tier 3,2,2
PRJ-0244,Install,Oceania,NZ,824635,871455,193324.04,250367.33,1017959.04,1121822.33,1302,19,1321,Tier 3,3,2
PRJ-0245,Install,Oceania,NZ,420383,302715.06,83485.92,120180.19,503868.92,422895.25,509,98,607,Tier 4,9,5
PRJ-0246,Service,Africa,ZA,3317873,2254387.42,68148.37,94199.63,3386021.37,2348587.05,775,26,801,Tier 3,10,0
PRJ-0247,Install,Asia,CN,1371297,1687090.84,282512.38,316532.63,1653809.38,2003623.47,341,30,371,Tier 3,10,4
PRJ-0248,Service,North America,MX,2087046,2805340.64,455397.58,564485.34,2542443.58,3369825.97,393,65,458,Tier 3,1,1
PRJ-0249,Service,North America,US,2082569,2085508.39,352365.13,419503.66,2434934.13,2505012.05,1664,40,1704,Tier 3,8,5
PRJ-0250,Energy,Europe,FR,3858199,6866082.4,1057066.94,1514478.21,4915265.94,8380560.61,577,11,588,Tier 3,1,0
PRJ-0251,Service,Europe,DE,1381436,2132552.59,204083.72,271229.45,1585519.72,2403782.04,1777,273,2050,Tier 3,5,5
PRJ-0252,Service,Asia,JP,1472467,2439439.31,377543.31,415750.37,1850010.31,2855189.68,1269,30,1299,Tier 3,10,10
PRJ-0253,Energy,Oceania,NZ,2354066,3567567.8,109445.4,133516.58,2463511.4,3701084.37,1518,181,1699,Tier 3,3,2
PRJ-0254,Install,Europe,FR,1297813,2143461.23,151125.66,219548.12,1448938.66,2363009.36,78,10,88,Tier 3,2,2
PRJ-0255,Service,North America,US,4407306,6390382.29,343850.6,400965.97,4751156.6,6791348.26,173,5,178,Tier 3,6,0
PRJ-0256,Energy,South America,BR,1785897,2245607.28,284778.01,339073.67,2070675.01,2584680.96,80,3,83,Tier 3,7,5
PRJ-0257,Service,Africa,EG,106704,156544.35,5285.83,7327.44,111989.83,163871.79,171,7,178,Tier 5,8,0
PRJ-0258,Install,North America,US,3710866,4386501.52,223618.28,293867.07,3934484.28,4680368.59,1757,12,1769,Tier 3,9,9
PRJ-0259,Service,Africa,EG,421212,611016.4,30948.21,45851.32,452160.21,656867.72,766,23,789,Tier 4,10,3
PRJ-0260,Service,South America,AR,4623181,4281703.45,1368438.58,1379951.18,5991619.58,5661654.63,1443,22,1465,Tier 2,1,1
PRJ-0261,Service,Oceania,AU,1361975,2357108.84,29473.37,37746.41,1391448.37,2394855.25,1500,274,1774,Tier 3,3,2
PRJ-0262,Install,Africa,ZA,3940752,7024168.34,692061.85,819174.3,4632813.85,7843342.64,1380,23,1403,Tier 3,10,1
PRJ-0263,Energy,Africa,ZA,576874,937816.2,44885.41,54088.53,621759.41,991904.73,1665,279,1944,Tier 4,1,0
PRJ-0264,Service,Africa,ZA,3977945,6842669.9,778003.82,998450.07,4755948.82,7841119.97,1177,103,1280,Tier 3,4,1
PRJ-0265,Service,Oceania,AU,2584353,4429171.57,575549.64,625627.72,3159902.64,5054799.29,739,32,771,Tier 3,8,2
PRJ-0266,Energy,North America,US,2354891,1755096.4,633682.07,880644.51,2988573.07,2635740.91,1307,53,1360,Tier 3,1,0
PRJ-0267,Energy,Asia,CN,3870505,6051575.4,112438.63,134135.09,3982943.63,6185710.5,1181,57,1238,Tier 3,4,1
PRJ-0268,Install,North America,MX,592547,543663.48,116331.4,140161.32,708878.4,683824.8,365,59,424,Tier 4,9,2
PRJ-0269,Energy,Europe,FR,308349,255483.02,83973.35,117580.66,392322.35,373063.68,94,2,96,Tier 4,0,0
PRJ-0270,Energy,South America,AR,751839,1231027.82,191754.74,214933.27,943593.74,1445961.09,399,14,413,Tier 4,9,5
PRJ-0271,Install,North America,US,1080058,1770258.32,12604.69,15764.22,1092662.69,1786022.54,1601,295,1896,Tier 3,0,0
PRJ-0272,Energy,Asia,CN,4114064,4001970.26,1122770,1375594.82,5236834,5377565.08,462,59,521,Tier 2,1,0
PRJ-0273,Install,Africa,ZA,2819319,3383716.51,745002.89,999901.78,3564321.89,4383618.29,887,174,1061,Tier 3,6,0
PRJ-0274,Install,Europe,DE,2264241,3355771.45,493175.54,511125.27,2757416.54,3866896.72,227,45,272,Tier 3,9,0
PRJ-0275,Energy,Europe,DE,4257579,3956221.93,892115.91,1111150.58,5149694.91,5067372.51,1309,237,1546,Tier 2,6,6
PRJ-0276,Service,North America,MX,269418,380422.56,28179.86,40903.44,297597.86,421326.01,177,5,182,Tier 4,0,0
PRJ-0277,Energy,South America,BR,4528241,3025942.66,981028.27,1220894.9,5509269.27,4246837.56,1057,75,1132,Tier 2,6,0
PRJ-0278,Energy,Oceania,NZ,3551464,4765008.61,628438.46,871046.9,4179902.46,5636055.51,1662,89,1751,Tier 3,6,1
PRJ-0279,Energy,Africa,ZA,1706944,2939293.21,260919.15,344420.15,1967863.15,3283713.36,138,22,160,Tier 3,9,8
PRJ-0280,Energy,Asia,JP,3539706,2198657.25,359406.17,477457.31,3899112.17,2676114.56,648,123,771,Tier 3,10,5
PRJ-0281,Install,Asia,JP,1854338,3095437.21,79704.03,98791.03,1934042.03,3194228.24,1348,15,1363,Tier 3,4,2
PRJ-0282,Service,Asia,CN,3771078,5358593.63,1087398.08,1448436.39,4858476.08,6807030.02,1787,200,1987,Tier 3,5,2
PRJ-0283,Energy,Africa,ZA,4616543,6219279.53,1085901.26,1142593.29,5702444.26,7361872.82,1031,147,1178,Tier 2,3,3
PRJ-0284,Energy,Oceania,AU,1252201,1632913.42,188530,275595.78,1440731,1908509.2,1343,71,1414,Tier 3,3,3
PRJ-0285,Install,Europe,DE,2443611,3750138.77,380821.63,562752.79,2824432.63,4312891.56,1266,225,1491,Tier 3,2,1
PRJ-0286,Install,North America,US,3328520,5951217.83,250766.98,354655.65,3579286.98,6305873.48,1039,189,1228,Tier 3,7,3
PRJ-0287,Energy,Africa,ZA,3040249,4855693.7,559998.83,835407.24,3600247.83,5691100.94,1238,131,1369,Tier 3,1,1
PRJ-0288,Service,North America,MX,203125,173849.11,14308.7,19150.58,217433.7,192999.69,1115,220,1335,Tier 5,5,1
PRJ-0289,Energy,Oceania,AU,55714,45428.79,3970.14,5120.21,59684.14,50549.01,166,21,187,Tier 5,8,4
PRJ-0290,Install,Africa,EG,3100253,5156762.27,571513.29,807742.72,3671766.29,5964504.99,839,104,943,Tier 3,9,0
PRJ-0291,Service,North America,US,3462918,2253288.27,62870.82,70501.58,3525788.82,2323789.85,148,5,153,Tier 3,0,0
PRJ-0292,Service,South America,AR,1257923,1170677.48,266898.7,336713.99,1524821.7,1507391.47,1535,175,1710,Tier 3,1,1
PRJ-0293,Energy,Asia,JP,2987794,4332996.9,766876.9,952491.64,3754670.9,5285488.54,772,103,875,Tier 3,7,2
PRJ-0294,Energy,Africa,EG,1895315,3266038.63,558772.91,562124.72,2454087.91,3828163.35,1267,211,1478,Tier 3,7,7
PRJ-0295,Service,Africa,EG,161259,116094.97,11119.97,15968.67,172378.97,132063.63,783,42,825,Tier 5,7,5
PRJ-0296,Service,Africa,EG,2941301,4842809.76,222338.22,312667.78,3163639.22,5155477.54,789,80,869,Tier 3,7,0
PRJ-0297,Install,South America,AR,1370760,2421349.74,290588.17,320109.66,1661348.17,2741459.4,1489,242,1731,Tier 3,2,2
PRJ-0298,Energy,Oceania,NZ,4356795,3395390.14,976941.99,1011790.38,5333736.99,4407180.53,1252,177,1429,Tier 2,9,4
PRJ-0299,Install,South America,BR,405145,676916.3,26854.71,30430.09,431999.71,707346.39,848,79,927,Tier 4,9,7
PRJ-0300,Service,North America,US,2108435,2390346.77,28372.93,42201.38,2136807.93,2432548.14,1621,238,1859,Tier 3,10,5
PRJ-0301,Install,Oceania,NZ,4326383,3243924.46,1088024.79,1163347.27,5414407.79,4407271.73,1612,102,1714,Tier 2,10,9
PRJ-0302,Install,Africa,ZA,123747,162845.69,34107.7,38454.76,157854.7,201300.45,285,50,335,Tier 5,9,1
PRJ-0303,Energy,Africa,ZA,3054590,3124773.09,728146.04,799928.87,3782736.04,3924701.96,1549,75,1624,Tier 3,0,0
PRJ-0304,Energy,Europe,FR,594612,415652.47,45066.8,59728.5,639678.8,475380.96,47,1,48,Tier 4,9,4
PRJ-0305,Install,South America,BR,4328394,5408059.38,49407.05,67937.77,4377801.05,5475997.15,1189,205,1394,Tier 3,2,1
PRJ-0306,Service,North America,MX,1961522,2857519.06,545916.1,648718.97,2507438.1,3506238.03,266,46,312,Tier 3,8,6
PRJ-0307,Install,Africa,ZA,4071195,4916598.63,251155.96,262467.69,4322350.96,5179066.32,1692,260,1952,Tier 3,3,0
PRJ-0308,Service,South America,BR,3758913,3447495.26,138733.94,202954.33,3897646.94,3650449.58,1571,152,1723,Tier 3,9,6
PRJ-0309,Install,North America,US,1474426,1699836.07,256740.81,377691.34,1731166.81,2077527.41,698,135,833,Tier 3,10,4
PRJ-0310,Energy,Asia,JP,3589696,5242692.9,143292.15,156393.34,3732988.15,5399086.24,1350,144,1494,Tier 3,9,9
PRJ-0311,Install,Oceania,NZ,3186056,2709734.41,842028.59,1009969.74,4028084.59,3719704.14,442,83,525,Tier 3,9,1
PRJ-0312,Energy,Oceania,NZ,2400443,2493191.3,301936.02,319333.17,2702379.02,2812524.47,1408,105,1513,Tier 3,9,9
PRJ-0313,Install,South America,BR,2424054,3054860.26,75126.91,99086.9,2499180.91,3153947.16,1699,187,1886,Tier 3,1,0
PRJ-0314,Energy,Europe,FR,1268429,1654259.31,333685.65,450938.97,1602114.65,2105198.28,1705,9,1714,Tier 3,5,3
PRJ-0315,Service,Europe,DE,4051524,6854018.99,131795.28,187389.25,4183319.28,7041408.24,1124,31,1155,Tier 3,6,1
PRJ-0316,Service,Asia,JP,1142416,1709346.59,96820.53,122124.78,1239236.53,1831471.37,1686,189,1875,Tier 3,9,2
PRJ-0317,Energy,Africa,ZA,667375,610315.26,127084.57,137614.84,794459.57,747930.1,907,10,917,Tier 4,1,1
PRJ-0318,Service,Africa,EG,4594476,7182385.89,843661.79,1068008.05,5438137.79,8250393.94,1319,53,1372,Tier 2,5,4
PRJ-0319,Energy,Oceania,NZ,4128225,3843388.65,1231113.93,1422202.49,5359338.93,5265591.14,1782,28,1810,Tier 2,5,0
PRJ-0320,Install,South America,BR,2228064,2617690.25,118979.69,145240.56,2347043.69,2762930.8,1802,169,1971,Tier 3,9,7
PRJ-0321,Install,North America,US,2709945,4824944.99,458255.32,483145.55,3168200.32,5308090.54,1019,62,1081,Tier 3,7,4
PRJ-0322,Energy,North America,US,3881151,5609072.78,994202.88,1389528.78,4875353.88,6998601.56,1656,83,1739,Tier 3,7,1
PRJ-0323,Install,Europe,FR,4057179,6410564.73,146623.69,218248.77,4203802.69,6628813.5,540,104,644,Tier 3,7,5
PRJ-0324,Energy,Europe,DE,3828931,2973954.75,1088417.56,1610422.84,4917348.56,4584377.59,1206,230,1436,Tier 3,5,3
PRJ-0325,Service,Africa,ZA,4915310,3103470.41,1459416.6,2011334.45,6374726.6,5114804.86,1818,35,1853,Tier 2,2,1
PRJ-0326,Service,Oceania,NZ,2197326,3950920.98,379873.05,447966.8,2577199.05,4398887.78,297,40,337,Tier 3,5,5
PRJ-0327,Install,North America,US,4207276,6017880.6,704183.91,982136.14,4911459.91,7000016.74,297,37,334,Tier 3,5,3
PRJ-0328,Install,Europe,FR,1293828,1254955.07,242381.52,269928.59,1536209.52,1524883.66,640,49,689,Tier 3,5,3
PRJ-0329,Install,Europe,FR,2979503,1809248.79,227906.28,295988.77,3207409.28,2105237.56,1700,97,1797,Tier 3,4,4
PRJ-0330,Service,North America,MX,4918872,6852898.41,31662.91,38453.02,4950534.91,6891351.43,1592,130,1722,Tier 3,3,3
PRJ-0331,Energy,Asia,JP,1460097,1417619.82,55368.66,69175.01,1515465.66,1486794.84,1535,176,1711,Tier 3,3,2
PRJ-0332,Energy,North America,US,1094049,1819333.53,214923.74,245470.02,1308972.74,2064803.55,408,14,422,Tier 3,3,2
PRJ-0333,Install,Africa,ZA,2197094,2414062.12,613926.23,896349.7,2811020.23,3310411.82,851,87,938,Tier 3,3,2
PRJ-0334,Energy,South America,AR,1104066,1872274.95,21257.39,27755.18,1125323.39,1900030.12,598,50,648,Tier 3,0,0
PRJ-0335,Install,Oceania,NZ,3628594,5024281.15,230433.84,305457.27,3859027.84,5329738.43,993,125,1118,Tier 3,8,7
PRJ-0336,Install,Europe,FR,4387353,5872322.09,1124609.14,1501538.02,5511962.14,7373860.11,1230,188,1418,Tier 2,1,0
PRJ-0337,Install,North America,US,2037578,1905966.18,418335.62,583490.3,2455913.62,2489456.48,1548,286,1834,Tier 3,10,6
PRJ-0338,Energy,Asia,CN,2296622,2541575.16,41873.47,49771.4,2338495.47,2591346.56,106,4,110,Tier 3,7,6
PRJ-0339,Install,North America,US,1642962,1478265.32,414146.02,535439.56,2057108.02,2013704.89,36,0,36,Tier 3,4,2
PRJ-0340,Install,Europe,FR,4829443,3707882.92,357254.02,450161.97,5186697.02,4158044.89,1466,54,1520,Tier 2,2,1
PRJ-0341,Service,Africa,ZA,1343827,2377616.72,175959.9,217944.4,1519786.9,2595561.13,834,67,901,Tier 3,2,0
PRJ-0342,Service,Asia,JP,927734,976269.9,107190.12,122524.14,1034924.12,1098794.04,506,9,515,Tier 3,0,0
PRJ-0343,Service,South America,AR,2957576,1962821.83,352305.99,481363.86,3309881.99,2444185.69,577,76,653,Tier 3,8,7
PRJ-0344,Service,North America,US,4919920,7248658.08,658073.5,882198.06,5577993.5,8130856.15,166,29,195,Tier 2,9,8
PRJ-0345,Energy,North America,MX,1588977,2271581.02,453121.88,491465.66,2042098.88,2763046.68,113,6,119,Tier 3,3,1
PRJ-0346,Service,North America,MX,4332697,3514828.26,1073587.97,1444179.17,5406284.97,4959007.43,1302,14,1316,Tier 2,7,3
PRJ-0347,Energy,Europe,DE,2741738,1953560.44,506568.46,509579.04,3248306.46,2463139.49,1440,150,1590,Tier 3,7,7
PRJ-0348,Service,North America,US,599008,809689.04,36338.36,40510.35,635346.36,850199.39,233,43,276,Tier 4,3,1
PRJ-0349,Energy,South America,BR,2930115,4311857.76,552592.76,805760.02,3482707.76,5117617.78,74,3,77,Tier 3,10,10
PRJ-0350,Install,Oceania,NZ,4215509,7523617.53,721981.66,1060202.93,4937490.66,8583820.46,636,123,759,Tier 3,5,3
PRJ-0351,Energy,Africa,EG,3603002,5567458.73,438536.87,440519.92,4041538.87,6007978.66,308,57,365,Tier 3,4,1
PRJ-0352,Install,Oceania,AU,3147842,2060861.55,912705.3,1345358.72,4060547.3,3406220.27,1718,244,1962,Tier 3,10,1
PRJ-0353,Energy,Oceania,AU,3124294,3047809.49,234694.96,257273.8,3358988.96,3305083.29,424,24,448,Tier 3,0,0
PRJ-0354,Service,Asia,JP,714486,1200272.82,134266.89,145594.98,848752.89,1345867.8,1381,142,1523,Tier 4,1,1
PRJ-0355,Install,South America,BR,3355286,3830504.75,852949.17,909209.34,4208235.17,4739714.09,521,91,612,Tier 3,6,5
PRJ-0356,Energy,Oceania,AU,4846975,4684219.48,1286748.26,1572550.29,6133723.26,6256769.77,1167,41,1208,Tier 2,2,2
PRJ-0357,Install,Africa,ZA,182115,131987.81,35683.17,43288.6,217798.17,175276.41,1652,275,1927,Tier 5,0,0
PRJ-0358,Energy,North America,US,2053664,2677878.2,497522.07,741311.98,2551186.07,3419190.17,447,46,493,Tier 3,9,8
PRJ-0359,Service,Europe,FR,497610,570049.6,93460.92,96961.16,591070.92,667010.76,1095,6,1101,Tier 4,0,0
PRJ-0360,Service,South America,BR,1479894,2653579.97,51957.53,65802.8,1531851.53,2719382.78,1396,260,1656,Tier 3,4,0
PRJ-0361,Service,South America,AR,3560320,2731103.37,184860.52,233998.04,3745180.52,2965101.41,609,32,641,Tier 3,5,1
PRJ-0362,Service,South America,BR,2688072,3526931.31,665368.53,915734.96,3353440.53,4442666.26,1027,141,1168,Tier 3,9,1
PRJ-0363,Service,Asia,CN,4043943,7090270.9,589064.66,780807.72,4633007.66,7871078.63,975,88,1063,Tier 3,9,7
PRJ-0364,Service,Oceania,AU,4881477,3801601.08,401875.97,581060.17,5283352.97,4382661.25,147,16,163,Tier 2,6,0
PRJ-0365,Service,Europe,DE,3133673,1995452.65,119845.24,156818.4,3253518.24,2152271.04,1168,119,1287,Tier 3,8,8
PRJ-0366,Install,Africa,ZA,1567827,1983954.47,140233.84,162687.02,1708060.84,2146641.49,1128,102,1230,Tier 3,1,0
PRJ-0367,Install,North America,MX,3277111,5554674.92,306415.82,383455.51,3583526.82,5938130.43,842,51,893,Tier 3,7,3
PRJ-0368,Install,Oceania,NZ,1367512,1334231.77,352149.21,484247.9,1719661.21,1818479.67,674,91,765,Tier 3,5,4
PRJ-0369,Install,Africa,ZA,4731127,8019932.28,426227.85,518526.01,5157354.85,8538458.29,298,25,323,Tier 2,8,2
PRJ-0370,Install,Africa,ZA,4898331,4060289.13,1276337.67,1895627.87,6174668.67,5955917,903,71,974,Tier 2,6,4
PRJ-0371,Energy,South America,AR,2413167,2037722.13,589309.02,614012.52,3002476.02,2651734.65,542,34,576,Tier 3,7,2
PRJ-0372,Install,Africa,EG,4071500,5202428.4,1095564.07,1507146.89,5167064.07,6709575.29,1657,59,1716,Tier 2,0,0
PRJ-0373,Energy,Oceania,AU,1827313,2359740.36,148168.14,170848.6,1975481.14,2530588.97,202,38,240,Tier 3,3,0
PRJ-0374,Energy,Africa,ZA,173957,125110.36,8172.66,9653.76,182129.66,134764.12,694,56,750,Tier 5,8,6
PRJ-0375,Install,North America,US,738917,479810.39,158528.73,223873.2,897445.73,703683.59,500,57,557,Tier 4,1,0
PRJ-0376,Service,North America,MX,4748802,6747398.19,960047.44,1415910.19,5708849.44,8163308.38,504,44,548,Tier 2,0,0
PRJ-0377,Energy,Oceania,NZ,4710878,3299232.42,958929.99,1363303.37,5669807.99,4662535.79,461,21,482,Tier 2,7,4
PRJ-0378,Service,Africa,ZA,2320782,3389062.8,267987.41,382034.45,2588769.41,3771097.26,118,12,130,Tier 3,7,6
PRJ-0379,Energy,South America,AR,2028321,2441369.98,24995.8,26830.84,2053316.8,2468200.82,1513,199,1712,Tier 3,10,9
PRJ-0380,Service,Europe,FR,3898473,6751360.53,878502.19,1220964.87,4776975.19,7972325.41,1019,167,1186,Tier 3,10,8
PRJ-0381,Energy,Oceania,AU,261139,349033.24,26143.22,39018.6,287282.22,388051.84,947,152,1099,Tier 4,1,1
PRJ-0382,Service,Europe,FR,3141102,3023535.95,904267.6,1282608.9,4045369.6,4306144.85,1266,223,1489,Tier 3,10,1
PRJ-0383,Energy,Asia,CN,752730,1149739.35,221867.76,327583.92,974597.76,1477323.27,608,79,687,Tier 4,4,1
PRJ-0384,Energy,South America,BR,1684824,2552580.62,220150.05,234789.33,1904974.05,2787369.95,1091,102,1193,Tier 3,5,4
PRJ-0385,Install,North America,US,2305982,2138490.74,307584.04,378910.59,2613566.04,2517401.32,759,33,792,Tier 3,10,1
PRJ-0386,Service,Africa,EG,4973408,6530993.66,923416.25,1124788.27,5896824.25,7655781.93,732,127,859,Tier 2,10,4
PRJ-0387,Install,Oceania,AU,1081245,1567325.86,251180.48,370095.4,1332425.48,1937421.26,1666,207,1873,Tier 3,3,1
PRJ-0388,Energy,Asia,CN,1022364,988629.98,262896.91,270712.25,1285260.91,1259342.23,1434,12,1446,Tier 3,8,2
PRJ-0389,Install,Asia,CN,2040089,2957085.46,465403.43,636546.03,2505492.43,3593631.48,1011,55,1066,Tier 3,8,6
PRJ-0390,Energy,South America,BR,1853050,1635705.97,104145.56,148224.34,1957195.56,1783930.31,888,57,945,Tier 3,6,3
PRJ-0391,Install,Asia,JP,3335867,2591502.72,300903.02,421403.25,3636770.02,3012905.96,17,0,17,Tier 3,8,2
PRJ-0392,Energy,South America,BR,2681497,4617892.01,373050.33,379236.9,3054547.33,4997128.91,883,23,906,Tier 3,8,5
PRJ-0393,Energy,Oceania,AU,3524647,2204545.55,932476.99,973938.86,4457123.99,3178484.41,447,39,486,Tier 3,5,0
PRJ-0394,Service,South America,AR,437467,745524.21,82434.62,84009.48,519901.62,829533.69,1820,186,2006,Tier 4,3,3
PRJ-0395,Install,South America,BR,1509747,2281561.53,321327.03,471800.31,1831074.03,2753361.84,1069,59,1128,Tier 3,1,0
PRJ-0396,Service,South America,BR,908930,1598221.84,255582.55,291592.46,1164512.55,1889814.3,317,31,348,Tier 3,4,3
PRJ-0397,Energy,Oceania,AU,3097157,3571081.31,866501.48,1012856.31,3963658.48,4583937.63,1385,144,1529,Tier 3,1,1
PRJ-0398,Service,South America,BR,4869646,6119333.24,279090.24,406915.92,5148736.24,6526249.15,1207,59,1266,Tier 2,10,5
PRJ-0399,Install,South America,AR,2607113,2818538.75,7971.65,9040.59,2615084.65,2827579.33,59,4,63,Tier 3,8,4
PRJ-0400,Energy,Europe,DE,3237223,2990417.59,12679.22,15500.01,3249902.22,3005917.59,660,55,715,Tier 3,2,2
PRJ-0401,Service,North America,MX,4729165,5273613.44,18993.71,27775.51,4748158.71,5301388.95,1557,298,1855,Tier 3,8,3
PRJ-0402,Energy,Asia,CN,2548927,2607188.18,239812.99,270782.38,2788739.99,2877970.56,1428,76,1504,Tier 3,5,1
PRJ-0403,Energy,Africa,EG,3177339,5566464.7,553885.68,765720.58,3731224.68,6332185.28,1692,275,1967,Tier 3,7,0
PRJ-0404,Install,South America,AR,3900385,5745417.7,720320.41,859122.72,4620705.41,6604540.42,170,20,190,Tier 3,3,2
PRJ-0405,Energy,South America,BR,1097829,1699350.23,95537.53,129635.01,1193366.53,1828985.24,1018,111,1129,Tier 3,1,1
PRJ-0406,Service,North America,MX,3512093,3628390.13,188075.13,229387.9,3700168.13,3857778.03,1733,273,2006,Tier 3,5,5
PRJ-0407,Energy,Africa,ZA,164834,183878.42,19509.74,22312.3,184343.74,206190.72,685,89,774,Tier 5,4,4
PRJ-0408,Install,Europe,FR,1350076,2353842.14,214917.29,251766.29,1564993.29,2605608.43,1765,335,2100,Tier 3,0,0
PRJ-0409,Service,Asia,CN,3467900,5644444.61,354278.91,447982.15,3822178.91,6092426.77,1142,82,1224,Tier 3,0,0
PRJ-0410,Service,Europe,DE,2640041,2087891.63,133030.58,150068.03,2773071.58,2237959.67,305,11,316,Tier 3,9,3
PRJ-0411,Energy,Africa,EG,1510627,2165804.02,257859.58,303589.53,1768486.58,2469393.55,799,40,839,Tier 3,2,0
PRJ-0412,Energy,North America,US,618689,677193.41,179792.93,238198.92,798481.93,915392.34,136,2,138,Tier 4,6,4
PRJ-0413,Service,Africa,EG,3667232,5912355.49,681877.08,795207.29,4349109.08,6707562.78,1128,172,1300,Tier 3,4,3
PRJ-0414,Energy,Africa,EG,2360274,3208945.5,612203.22,813263.74,2972477.22,4022209.24,1471,189,1660,Tier 3,7,4
PRJ-0415,Service,Asia,CN,4598760,6049356.24,781116.6,1069696.38,5379876.6,7119052.62,264,34,298,Tier 2,10,2
PRJ-0416,Install,Asia,CN,767991,1353625.63,39251.64,45647.01,807242.64,1399272.64,1686,265,1951,Tier 4,2,0
PRJ-0417,Energy,Africa,EG,2014490,2591297.72,8251.18,11358.94,2022741.18,2602656.66,877,94,971,Tier 3,1,0
PRJ-0418,Service,Africa,ZA,3258091,3463121.2,682674.76,687906.6,3940765.76,4151027.8,107,2,109,Tier 3,3,3
PRJ-0419,Install,Oceania,AU,2929389,4670593.16,300845.96,344165.19,3230234.96,5014758.35,267,44,311,Tier 3,5,2
PRJ-0420,Service,South America,BR,4590801,2813319.92,267350.82,288028.1,4858151.82,3101348.02,942,117,1059,Tier 3,7,0
PRJ-0421,Install,Asia,CN,1956664,2424514.04,169213.67,252695.46,2125877.67,2677209.5,1565,301,1866,Tier 3,3,0
PRJ-0422,Service,Asia,CN,876205,619905.16,230005.66,234950.44,1106210.66,854855.61,691,101,792,Tier 3,9,0
PRJ-0423,Install,North America,MX,457553,633263.22,51236.58,72689.72,508789.58,705952.94,921,116,1037,Tier 4,2,1
PRJ-0424,Install,South America,AR,2118474,1975194.11,248066.14,286106.88,2366540.14,2261300.99,1174,160,1334,Tier 3,10,10
PRJ-0425,Install,Asia,CN,2237925,2990310.42,375902.54,555275.55,2613827.54,3545585.98,1392,172,1564,Tier 3,0,0
PRJ-0426,Energy,Oceania,AU,3831647,6818449.45,1022822.54,1120308.39,4854469.54,7938757.84,868,17,885,Tier 3,9,2
PRJ-0427,Install,South America,AR,2580246,3784118.96,315264.37,376505.43,2895510.37,4160624.39,895,57,952,Tier 3,6,2
PRJ-0428,Energy,Europe,DE,3516727,4811565.72,671125.85,936185.51,4187852.85,5747751.23,810,35,845,Tier 3,0,0
PRJ-0429,Energy,Europe,DE,4324698,3416673.09,676365.67,883318.32,5001063.67,4299991.41,811,80,891,Tier 2,9,8
PRJ-0430,Install,Africa,EG,1918839,2074296.41,535671.91,617305.29,2454510.91,2691601.69,888,4,892,Tier 3,9,7
PRJ-0431,Energy,South America,AR,1039513,763995.91,122567.39,169208.9,1162080.39,933204.8,1595,57,1652,Tier 3,6,3
PRJ-0432,Install,Europe,DE,192473,186636.7,18070.32,21983.65,210543.32,208620.35,20,2,22,Tier 5,9,0
PRJ-0433,Service,Asia,CN,1680247,1038046.34,412148.28,478934.78,2092395.28,1516981.12,889,52,941,Tier 3,4,3
PRJ-0434,Energy,North America,MX,3591474,5310072.58,45321.94,50699.97,3636795.94,5360772.55,1377,13,1390,Tier 3,0,0
PRJ-0435,Energy,Europe,FR,4745801,5896868.25,228203.77,283038.99,4974004.77,6179907.24,1715,321,2036,Tier 3,6,6
PRJ-0436,Install,Europe,DE,4435946,6458383.92,649367.78,942669.27,5085313.78,7401053.19,1649,160,1809,Tier 2,6,3
PRJ-0437,Service,Oceania,NZ,4025733,4848363.54,1055725.69,1274312.62,5081458.69,6122676.16,766,79,845,Tier 2,9,9
PRJ-0438,Install,Africa,ZA,4937891,6251293.79,1106702.76,1436240.08,6044593.76,7687533.87,206,28,234,Tier 2,5,3
PRJ-0439,Energy,Oceania,AU,4973116,8512005.6,211409.56,296055.81,5184525.56,8808061.41,1358,223,1581,Tier 2,2,1
PRJ-0440,Install,Europe,FR,3573705,5530907.65,266909.58,382343.27,3840614.58,5913250.92,675,40,715,Tier 3,3,1
PRJ-0441,Service,Oceania,AU,4004796,5379754.53,353738.91,432603.1,4358534.91,5812357.64,194,4,198,Tier 3,10,3
PRJ-0442,Service,North America,US,2796448,2539738.33,465453.76,549295.52,3261901.76,3089033.85,142,12,154,Tier 3,10,8
PRJ-0443,Energy,Oceania,AU,3065124,4417667.73,666041.71,919063.29,3731165.71,5336731.02,447,76,523,Tier 3,2,1
PRJ-0444,Install,Oceania,AU,2240784,3076507.19,355136.59,382565.3,2595920.59,3459072.49,723,23,746,Tier 3,10,7
PRJ-0445,Energy,South America,AR,1821948,3089043.93,161659.86,167869.83,1983607.86,3256913.76,540,92,632,Tier 3,9,6
PRJ-0446,Install,South America,BR,1352688,2105088.49,27169.61,39779.56,1379857.61,2144868.05,761,112,873,Tier 3,9,2
PRJ-0447,Service,Asia,JP,2291729,3337397.88,467152.21,628426.91,2758881.21,3965824.79,494,5,499,Tier 3,1,0
PRJ-0448,Install,South America,BR,4016800,2933724.43,885454.56,1113657.35,4902254.56,4047381.79,854,68,922,Tier 3,0,0
PRJ-0449,Energy,South America,BR,4243554,5293314.63,1221551.91,1469932.58,5465105.91,6763247.21,1224,28,1252,Tier 2,9,1
PRJ-0450,Service,Asia,CN,1464666,2273512.01,251136.37,290564.49,1715802.37,2564076.5,639,55,694,Tier 3,10,3
PRJ-0451,Install,Africa,EG,2579141,3580140.11,61007.24,68943.53,2640148.24,3649083.64,1022,27,1049,Tier 3,8,4
PRJ-0452,Energy,Asia,JP,539961,893218.41,103880.19,106154.53,643841.19,999372.95,1243,101,1344,Tier 4,5,4
PRJ-0453,Install,Asia,CN,4051801,6731014.71,850109.27,983906.25,4901910.27,7714920.96,1590,52,1642,Tier 3,6,3
PRJ-0454,Energy,Asia,CN,2965135,2314249.66,681005.91,754103.85,3646140.91,3068353.5,16,2,18,Tier 3,9,3
PRJ-0455,Service,Europe,DE,731273,1297645.07,63418.97,73913.36,794691.97,1371558.43,1594,194,1788,Tier 4,6,1
PRJ-0456,Service,Oceania,NZ,1798405,1817817.18,310324.21,435976.02,2108729.21,2253793.2,1276,87,1363,Tier 3,9,5
PRJ-0457,Energy,Asia,JP,3926130,4619996.15,17284.78,17521.98,3943414.78,4637518.13,697,38,735,Tier 3,6,2
PRJ-0458,Install,Europe,DE,2923612,5093101.77,447560.17,669963.89,3371172.17,5763065.66,678,126,804,Tier 3,2,0
PRJ-0459,Service,South America,AR,3608836,2274023.27,721955.24,927590.06,4330791.24,3201613.34,1289,169,1458,Tier 3,2,0
PRJ-0460,Install,Oceania,AU,2659390,4561078.7,380825.54,382223.37,3040215.54,4943302.07,589,23,612,Tier 3,5,2
PRJ-0461,Install,Asia,JP,4617059,5778162.17,212584.22,250803.23,4829643.22,6028965.4,1043,107,1150,Tier 3,2,1
PRJ-0462,Energy,Africa,ZA,1645501,1998155.1,268435.33,321782.42,1913936.33,2319937.52,35,1,36,Tier 3,8,8
PRJ-0463,Energy,Oceania,AU,4132944,5884243.05,987202.2,1411331,5120146.2,7295574.05,1220,37,1257,Tier 2,8,1
PRJ-0464,Service,Europe,FR,2423247,4291577.49,613281.35,893164.18,3036528.35,5184741.68,1530,9,1539,Tier 3,8,7
PRJ-0465,Energy,Africa,EG,1455727,2070525.82,374747.05,530751.79,1830474.05,2601277.62,1405,195,1600,Tier 3,4,2
PRJ-0466,Energy,Asia,CN,819092,630969.18,109432.3,113844.34,928524.3,744813.52,1030,55,1085,Tier 4,9,0
PRJ-0467,Service,Africa,ZA,1616335,2022968.12,398019.52,421160.1,2014354.52,2444128.21,1718,237,1955,Tier 3,0,0
PRJ-0468,Install,South America,BR,2930099,3930301.08,336799.37,431740.7,3266898.37,4362041.78,788,113,901,Tier 3,0,0
PRJ-0469,Install,Oceania,NZ,2170397,2843228.02,74804.24,97468,2245201.24,2940696.01,1208,223,1431,Tier 3,8,3
PRJ-0470,Energy,Africa,EG,2858511,1870592.3,565724.87,824837.02,3424235.87,2695429.32,1335,197,1532,Tier 3,9,5
PRJ-0471,Service,Oceania,NZ,3823412,4198256.87,837073.29,1174798.78,4660485.29,5373055.65,1351,43,1394,Tier 3,10,0
PRJ-0472,Install,North America,US,4810293,6590467.95,404025.19,405184.26,5214318.19,6995652.21,1801,79,1880,Tier 2,3,0
PRJ-0473,Energy,Africa,EG,358692,407998.59,35641.57,40546.82,394333.57,448545.41,1025,50,1075,Tier 4,9,0
PRJ-0474,Energy,North America,US,1626766,2724072.34,313854.15,361913.65,1940620.15,3085985.99,855,1,856,Tier 3,9,0
PRJ-0475,Service,Oceania,AU,3835939,3179190.88,1124309.56,1141860.1,4960248.56,4321050.99,1399,186,1585,Tier 3,5,0
PRJ-0476,Energy,South America,AR,3444772,5246618.5,342118.83,507138.85,3786890.83,5753757.35,66,6,72,Tier 3,10,10
PRJ-0477,Energy,Asia,JP,940683,1614181.45,65420.12,87563.12,1006103.12,1701744.57,222,14,236,Tier 3,3,0
PRJ-0478,Energy,Africa,EG,4412542,7137369.06,280885.45,328011.47,4693427.45,7465380.53,740,114,854,Tier 3,2,2
PRJ-0479,Energy,Asia,JP,2230272,3728211.55,197302.47,222275.18,2427574.47,3950486.73,1754,16,1770,Tier 3,8,0
PRJ-0480,Install,Oceania,NZ,3207632,3021292.72,32498.73,43762.3,3240130.73,3065055.02,441,62,503,Tier 3,9,3
PRJ-0481,Energy,Europe,DE,2848093,5085988.06,258584.41,259880.45,3106677.41,5345868.51,755,122,877,Tier 3,5,0
PRJ-0482,Energy,Asia,CN,3573106,4472335.74,411165.36,568833.34,3984271.36,5041169.08,1635,223,1858,Tier 3,3,2
PRJ-0483,Service,Oceania,AU,3672168,2622200.06,20715.49,27254.36,3692883.49,2649454.41,763,22,785,Tier 3,1,0
PRJ-0484,Energy,Africa,ZA,2943021,2720482.07,143107.24,193392.32,3086128.24,2913874.39,1141,184,1325,Tier 3,3,1
PRJ-0485,Service,South America,AR,2154030,3304103.63,456497.22,507945.67,2610527.22,3812049.3,284,50,334,Tier 3,3,3
PRJ-0486,Energy,South America,BR,865968,924916.75,45515.86,47420.15,911483.86,972336.9,732,138,870,Tier 4,6,6
PRJ-0487,Service,Asia,JP,237199,233761.09,33814.12,34360.73,271013.12,268121.82,1123,15,1138,Tier 4,2,1
PRJ-0488,Energy,Africa,EG,4041997,6494940.93,1150222.21,1655811.53,5192219.21,8150752.45,1345,60,1405,Tier 2,3,1
PRJ-0489,Install,Asia,CN,3249556,4119247.28,502844.38,675880.23,3752400.38,4795127.51,145,21,166,Tier 3,2,0
PRJ-0490,Energy,North America,MX,2085863,1808762.82,256979,369249.04,2342842,2178011.87,1276,54,1330,Tier 3,3,2
PRJ-0491,Energy,Oceania,AU,1670217,1701160.15,387105.76,500180.06,2057322.76,2201340.21,759,69,828,Tier 3,3,1
PRJ-0492,Service,Oceania,NZ,3694294,5420690.4,547892.39,765752.75,4242186.39,6186443.15,822,117,939,Tier 3,7,4
PRJ-0493,Energy,Asia,JP,4872348,6599017.27,108196.04,134540.03,4980544.04,6733557.3,838,89,927,Tier 3,5,3
PRJ-0494,Install,South America,AR,2305387,2132090.65,507911.24,648284.82,2813298.24,2780375.47,797,33,830,Tier 3,7,4
PRJ-0495,Service,Africa,ZA,1765932,1361343.69,244570.09,260365.48,2010502.09,1621709.17,1613,107,1720,Tier 3,8,7
PRJ-0496,Install,South America,BR,4977558,3354125.6,1370062.91,1916483.82,6347620.91,5270609.42,691,74,765,Tier 2,7,7
PRJ-0497,Energy,Africa,ZA,523158,646442.98,3811.58,5177.37,526969.58,651620.35,643,11,654,Tier 4,2,1
PRJ-0498,Install,Asia,CN,3553228,5853245.38,880984.67,1083848.81,4434212.67,6937094.19,279,0,279,Tier 3,4,4
PRJ-0499,Energy,Oceania,NZ,2954332,3314868.96,49570.93,50182.51,3003902.93,3365051.47,961,86,1047,Tier 3,9,7
PRJ-0500,Install,Oceania,NZ,852932,1130663.44,179695.25,235851.31,1032627.25,1366514.75,1781,33,1814,Tier 3,8,1
PRJ-0501,Energy,Africa,EG,4378457,6055039.93,631998.78,643304.48,5010455.78,6698344.41,1223,119,1342,Tier 2,8,2
PRJ-0502,Install,Asia,CN,1949105,1835085.29,34033.14,34345.03,1983138.14,1869430.32,923,151,1074,Tier 3,5,4
PRJ-0503,Install,Asia,CN,681928,763700.33,166218.55,218430.55,848146.55,982130.89,349,7,356,Tier 4,2,2
PRJ-0504,Install,Oceania,NZ,1446901,2401124.26,366498.87,424212.95,1813399.87,2825337.21,573,96,669,Tier 3,5,0
PRJ-0505,Service,Europe,DE,2807497,3707364.38,766060.94,914882.31,3573557.94,4622246.68,1057,5,1062,Tier 3,6,3
PRJ-0506,Service,South America,BR,4005382,6152162.83,1023609.91,1331834.34,5028991.91,7483997.18,1497,216,1713,Tier 2,9,7
PRJ-0507,Service,Africa,ZA,1203395,1934916.47,317503.71,325719.49,1520898.71,2260635.96,435,8,443,Tier 3,2,0
PRJ-0508,Energy,South America,BR,1105112,1544243.57,257762.01,358800.72,1362874.01,1903044.29,1275,176,1451,Tier 3,4,0
PRJ-0509,Energy,Europe,FR,3155422,3983003.12,530385.86,649750.4,3685807.86,4632753.52,1621,228,1849,Tier 3,0,0
PRJ-0510,Energy,South America,BR,287233,473347.33,59531.34,85059.58,346764.34,558406.91,1070,132,1202,Tier 4,1,0
PRJ-0511,Energy,Asia,CN,2607117,3580038.96,155436.27,188999.2,2762553.27,3769038.17,1057,163,1220,Tier 3,7,0
PRJ-0512,Install,Africa,EG,1583496,1218285.45,225798.08,317590.97,1809294.08,1535876.42,447,44,491,Tier 3,1,0
PRJ-0513,Energy,Asia,JP,3166391,3744561.87,853726.5,1173624.82,4020117.5,4918186.69,647,44,691,Tier 3,3,2
PRJ-0514,Service,South America,BR,2760965,1745320.04,309056.71,340163.76,3070021.71,2085483.81,1491,244,1735,Tier 3,8,0
PRJ-0515,Service,Oceania,AU,1854434,1344622.29,533459.39,650180.67,2387893.39,1994802.96,1786,344,2130,Tier 3,6,0
PRJ-0516,Energy,South America,AR,1016777,1642710.63,296821.97,354735.33,1313598.97,1997445.96,711,51,762,Tier 3,8,1
PRJ-0517,Install,Asia,CN,2185739,2344949.58,432007.99,462261.98,2617746.99,2807211.55,933,20,953,Tier 3,10,1
PRJ-0518,Service,South America,AR,850671,566622.31,58369.52,86552.44,909040.52,653174.76,578,54,632,Tier 4,6,1
PRJ-0519,Install,Africa,ZA,2210841,2456027.96,520807.26,638009.53,2731648.26,3094037.49,134,9,143,Tier 3,3,1
PRJ-0520,Install,North America,US,3690073,5172135.12,1070553.37,1381512.84,4760626.37,6553647.96,600,78,678,Tier 3,6,1
PRJ-0521,Energy,South America,AR,2693057,1701989.63,619350.71,647627.75,3312407.71,2349617.37,1426,123,1549,Tier 3,10,4
PRJ-0522,Install,Asia,CN,1472588,1040038.14,415289.75,619795.54,1887877.75,1659833.68,1797,62,1859,Tier 3,1,1
PRJ-0523,Service,Oceania,NZ,589513,544082.31,171716.94,233194.62,761229.94,777276.92,1037,134,1171,Tier 4,6,6
PRJ-0524,Service,Asia,JP,3959342,4746460.79,373434.18,425398.52,4332776.18,5171859.31,221,5,226,Tier 3,1,1
PRJ-0525,Service,Asia,JP,3444504,3532582.88,625511.36,644090.23,4070015.36,4176673.1,289,39,328,Tier 3,10,2
PRJ-0526,Energy,South America,AR,77706,68376.7,9710.57,12581.95,87416.57,80958.65,1549,47,1596,Tier 5,0,0
PRJ-0527,Install,Asia,CN,2639844,4668847.3,650239.48,918796.06,3290083.48,5587643.36,562,73,635,Tier 3,6,4
PRJ-0528,Energy,South America,BR,3302812,3834749.04,109586.15,124135.01,3412398.15,3958884.05,452,35,487,Tier 3,5,4
PRJ-0529,Install,Oceania,AU,2089848,3031541.02,60908.34,76292.96,2150756.34,3107833.98,1154,174,1328,Tier 3,7,2
PRJ-0530,Service,Europe,DE,767634,861721.17,134836.05,201056.89,902470.05,1062778.06,1202,193,1395,Tier 4,0,0
PRJ-0531,Service,South America,BR,1144525,1304129.96,77678.06,92158.54,1222203.06,1396288.51,491,88,579,Tier 3,6,5
PRJ-0532,Service,Asia,JP,513306,394165.43,151555.23,197227.71,664861.23,591393.13,180,22,202,Tier 4,9,9
PRJ-0533,Energy,Africa,ZA,2127119,3743570.99,598336.8,729646.36,2725455.8,4473217.35,787,70,857,Tier 3,10,9
PRJ-0534,Install,North America,US,3984142,6713996.39,710195.71,919816.37,4694337.71,7633812.76,1822,154,1976,Tier 3,1,1
PRJ-0535,Energy,Oceania,AU,4162319,2751052.48,1015626.4,1465180.02,5177945.4,4216232.5,624,114,738,Tier 2,0,0
PRJ-0536,Energy,Africa,ZA,317389,247594.9,12387.45,14704.58,329776.45,262299.47,745,92,837,Tier 4,7,2
PRJ-0537,Energy,Asia,JP,279062,467345.1,12858.33,13148.39,291920.33,480493.49,611,95,706,Tier 4,2,0
PRJ-0538,Install,Asia,CN,1404187,1421503.54,267410.37,353515.79,1671597.37,1775019.33,1024,184,1208,Tier 3,8,0
PRJ-0539,Service,Oceania,NZ,1239704,779700.04,688.22,733.42,1240392.22,780433.46,1458,38,1496,Tier 3,2,1
PRJ-0540,Energy,North America,US,4448676,7177522.01,178291.61,250041.32,4626967.61,7427563.33,318,16,334,Tier 3,10,9
PRJ-0541,Service,North America,MX,2874118,2154570.84,118200.01,154316.57,2992318.01,2308887.42,83,11,94,Tier 3,4,4
PRJ-0542,Install,North America,MX,1069294,1645775.53,284741.89,383439.75,1354035.89,2029215.28,393,62,455,Tier 3,9,0
PRJ-0543,Energy,Oceania,NZ,2654751,1887204.32,267835.9,387401.51,2922586.9,2274605.83,476,84,560,Tier 3,1,1
PRJ-0544,Energy,Europe,FR,2290869,3512706.02,29567.22,29969.5,2320436.22,3542675.51,1322,124,1446,Tier 3,0,0
PRJ-0545,Energy,South America,AR,1577460,1987765.45,413963.05,417727.45,1991423.05,2405492.9,1145,29,1174,Tier 3,2,1
PRJ-0546,Service,Europe,FR,545542,521026.87,61391.32,72014.36,606933.32,593041.24,1448,27,1475,Tier 4,5,1
PRJ-0547,Energy,Asia,JP,2644525,3332629.53,737691.76,782305.01,3382216.76,4114934.55,1259,70,1329,Tier 3,1,1
PRJ-0548,Install,North America,MX,1203838,1448945.31,168179.01,251455.65,1372017.01,1700400.96,814,71,885,Tier 3,6,0
PRJ-0549,Service,Oceania,AU,2986201,3757167.75,803814.21,987444.46,3790015.21,4744612.21,504,15,519,Tier 3,7,2
PRJ-0550,Service,Asia,JP,4133959,6140847.37,1238549.83,1482644.31,5372508.83,7623491.68,860,65,925,Tier 2,3,0
PRJ-0551,Install,Europe,FR,2358015,3202000.87,602850.96,881824.04,2960865.96,4083824.92,1406,241,1647,Tier 3,6,3
PRJ-0552,Install,Europe,FR,4686160,6831688.95,275756.54,341999.64,4961916.54,7173688.59,832,127,959,Tier 3,3,1
PRJ-0553,Install,North America,MX,3921167,3766131.34,585885.22,860110.73,4507052.22,4626242.06,1590,264,1854,Tier 3,7,2
PRJ-0554,Service,Asia,CN,3478319,5212118.79,486288.85,637765.69,3964607.85,5849884.47,714,112,826,Tier 3,0,0
PRJ-0555,Service,Africa,EG,436519,537094.59,102343.91,148376.13,538862.91,685470.72,1065,184,1249,Tier 4,9,8
PRJ-0556,Service,South America,AR,4628729,5851681.57,1165380.68,1658913.57,5794109.68,7510595.14,1587,249,1836,Tier 2,7,3
PRJ-0557,Service,Oceania,NZ,1250067,1476456.22,344344.78,487896.87,1594411.78,1964353.09,1706,8,1714,Tier 3,4,2
PRJ-0558,Service,North America,US,4943326,3772342.5,283633.85,403590.21,5226959.85,4175932.71,343,54,397,Tier 2,1,1
PRJ-0559,Install,Asia,JP,4234771,6321112.98,952879.07,1186021.39,5187650.07,7507134.37,693,130,823,Tier 2,2,1
PRJ-0560,Install,South America,AR,4239450,7178182.26,831297.42,1118310.47,5070747.42,8296492.74,1449,125,1574,Tier 2,4,2
PRJ-0561,Install,South America,AR,3289602,3533968.93,259149.2,264593.68,3548751.2,3798562.6,1730,43,1773,Tier 3,7,7
PRJ-0562,Service,South America,BR,3455233,5149277.99,572255.97,763225.54,4027488.97,5912503.53,1692,279,1971,Tier 3,2,0
PRJ-0563,Install,South America,AR,4744689,2871226.92,334288.2,470958.26,5078977.2,3342185.19,1792,220,2012,Tier 2,8,4
PRJ-0564,Install,South America,BR,2828215,3296637.77,101741.01,106268.07,2929956.01,3402905.84,1043,130,1173,Tier 3,9,4
PRJ-0565,Service,South America,BR,83882,56093.62,4164.01,4534.15,88046.01,60627.77,1033,147,1180,Tier 5,5,5
PRJ-0566,Energy,Africa,ZA,1187835,1142801.51,151632.49,166797.44,1339467.49,1309598.94,585,38,623,Tier 3,4,2
PRJ-0567,Service,Africa,EG,4425618,4003706.7,1314903.97,1378267.2,5740521.97,5381973.9,1228,19,1247,Tier 2,8,6
PRJ-0568,Install,North America,MX,387538,410128.46,30797.35,36353.27,418335.35,446481.73,1100,88,1188,Tier 4,8,3
PRJ-0569,Service,Oceania,NZ,1736015,1169773.49,208141.18,215077.65,1944156.18,1384851.14,1125,116,1241,Tier 3,7,5
PRJ-0570,Energy,Oceania,NZ,3306889,5151944.23,629794.23,771828.14,3936683.23,5923772.37,1723,180,1903,Tier 3,5,5
PRJ-0571,Install,Africa,EG,103348,137986.22,24343.26,26747.53,127691.26,164733.74,897,167,1064,Tier 5,0,0
PRJ-0572,Energy,Africa,ZA,4865633,8167239.3,928302.84,1353234.66,5793935.84,9520473.97,105,11,116,Tier 2,4,0
PRJ-0573,Install,North America,US,2304309,3472206.05,346282.37,367724.79,2650591.37,3839930.84,687,99,786,Tier 3,10,3
PRJ-0574,Install,North America,US,1393018,2365197.23,289257.76,314236.49,1682275.76,2679433.71,1117,162,1279,Tier 3,4,3
PRJ-0575,Service,Europe,DE,3514283,3557436.05,504097.4,676907.77,4018380.4,4234343.82,896,163,1059,Tier 3,3,3
PRJ-0576,Energy,Asia,JP,2202797,2018112.9,94535.74,124109.61,2297332.74,2142222.51,483,91,574,Tier 3,8,7
PRJ-0577,Install,Asia,JP,4646062,3594219.43,185982.42,256580.88,4832044.42,3850800.31,1447,19,1466,Tier 3,5,2
PRJ-0578,Energy,North America,MX,3094934,3129744.12,622963.99,717559.17,3717897.99,3847303.29,532,102,634,Tier 3,8,0
PRJ-0579,Service,Europe,FR,4840449,8037206,158866.29,176331.28,4999315.29,8213537.27,1248,161,1409,Tier 3,3,2
PRJ-0580,Energy,North America,US,122339,197442.78,22199.2,25779.75,144538.2,223222.52,90,7,97,Tier 5,8,5
PRJ-0581,Service,Europe,FR,2047941,3514948.1,477860.3,538851.38,2525801.3,4053799.48,1095,207,1302,Tier 3,2,1
PRJ-0582,Service,Oceania,NZ,1784208,1643476.36,3022.78,4392.32,1787230.78,1647868.68,1167,113,1280,Tier 3,4,2
PRJ-0583,Service,Africa,ZA,3514551,2582742.11,923164.4,999517.13,4437715.4,3582259.24,337,8,345,Tier 3,9,0
PRJ-0584,Service,Oceania,AU,4903539,7487744.33,1251085.27,1822864.74,6154624.27,9310609.07,518,5,523,Tier 2,2,2
PRJ-0585,Energy,Oceania,AU,2450973,3686721.94,124214.73,148153.45,2575187.73,3834875.39,232,27,259,Tier 3,8,5
PRJ-0586,Energy,Oceania,AU,2757485,4949170.11,508426.67,639377.65,3265911.67,5588547.76,1174,192,1366,Tier 3,9,0
PRJ-0587,Energy,North America,MX,150011,161097.3,39498.16,44571.83,189509.16,205669.13,1021,107,1128,Tier 5,2,2
PRJ-0588,Energy,North America,MX,4610357,3561039.74,847980.68,906011.05,5458337.68,4467050.8,799,120,919,Tier 2,8,2
PRJ-0589,Install,North America,MX,1588169,1570462.17,157899.54,205979.98,1746068.54,1776442.15,1415,203,1618,Tier 3,8,8
PRJ-0590,Service,Oceania,AU,1438558,1035394.82,112390.22,118719.37,1550948.22,1154114.18,791,156,947,Tier 3,7,7
PRJ-0591,Energy,South America,BR,528525,480409.33,39922,45143.63,568447,525552.97,1628,37,1665,Tier 4,8,8
PRJ-0592,Install,South America,BR,1037698,985178.51,244973.06,253209.38,1282671.06,1238387.9,1057,207,1264,Tier 3,6,2
PRJ-0593,Install,Africa,EG,1901111,2510852.54,248462.87,253236.11,2149573.87,2764088.65,343,24,367,Tier 3,4,3
PRJ-0594,Service,North America,MX,1862550,3321021.09,214125.33,217886.59,2076675.33,3538907.69,679,103,782,Tier 3,9,9
PRJ-0595,Energy,Asia,CN,2125284,1530013.94,25829.61,32212.03,2151113.61,1562225.97,1336,3,1339,Tier 3,1,0
PRJ-0596,Install,Asia,JP,1941247,2844745.08,482617.52,608251.74,2423864.52,3452996.82,406,38,444,Tier 3,1,1
PRJ-0597,Energy,North America,US,563702,949797.55,125118.11,155090.87,688820.11,1104888.42,1162,2,1164,Tier 4,3,2
PRJ-0598,Energy,Oceania,AU,1016700,867412.57,146836.14,215921.23,1163536.14,1083333.79,498,70,568,Tier 3,0,0
PRJ-0599,Service,Asia,CN,4005306,6366843.57,248720.48,310833.08,4254026.48,6677676.65,1726,263,1989,Tier 3,6,1
PRJ-0600,Install,Asia,JP,175973,137228.12,8572.83,11148.08,184545.83,148376.19,182,2,184,Tier 5,7,5
PRJ-0601,Energy,Africa,ZA,912570,855231.41,53223.24,65883.81,965793.24,921115.22,1584,151,1735,Tier 4,0,0
PRJ-0602,Install,Africa,ZA,665334,1186426.05,14721.41,20217.84,680055.41,1206643.89,1371,80,1451,Tier 4,9,2
PRJ-0603,Install,North America,US,3755667,2305873.84,146204.72,161651.39,3901871.72,2467525.23,1363,214,1577,Tier 3,4,3
PRJ-0604,Service,Africa,EG,799594,1309421.5,65242.29,80803.24,864836.29,1390224.74,195,9,204,Tier 4,5,3
PRJ-0605,Service,Asia,CN,1209923,1143254.45,16510.37,22224.83,1226433.37,1165479.27,1491,176,1667,Tier 3,4,2
PRJ-0606,Energy,Oceania,NZ,394988,434519.55,59553.41,67693.3,454541.41,502212.84,171,14,185,Tier 4,7,0
PRJ-0607,Energy,Africa,ZA,3383981,5218672.06,958361.17,1126176.81,4342342.17,6344848.87,1574,119,1693,Tier 3,10,2
PRJ-0608,Install,South America,AR,3829620,5311912.3,645789.78,693519.06,4475409.78,6005431.36,483,88,571,Tier 3,6,4
PRJ-0609,Install,Africa,ZA,4388104,5616732.07,1169856.82,1442821.35,5557960.82,7059553.42,159,28,187,Tier 2,7,5
PRJ-0610,Install,Asia,CN,2386066,1579075.8,441665.07,582644.18,2827731.07,2161719.98,771,11,782,Tier 3,5,1
PRJ-0611,Service,North America,US,4338590,5981383.49,537632.31,565339.45,4876222.31,6546722.94,793,114,907,Tier 3,7,7
PRJ-0612,Install,South America,AR,663832,1139233.62,137040.06,184541.55,800872.06,1323775.18,1296,20,1316,Tier 4,1,1
PRJ-0613,Energy,Europe,FR,4549257,4765590.9,1270128.42,1856764.9,5819385.42,6622355.8,1652,41,1693,Tier 2,0,0
PRJ-0614,Install,Africa,EG,4658793,5460817.61,802656.55,855158.04,5461449.55,6315975.65,1584,54,1638,Tier 2,0,0
PRJ-0615,Energy,Africa,ZA,3606357,4794468.33,316839.16,453108.24,3923196.16,5247576.57,419,40,459,Tier 3,5,1
PRJ-0616,Install,Asia,JP,1158298,1543195.61,60936.3,63035.45,1219234.3,1606231.06,1699,42,1741,Tier 3,3,0
PRJ-0617,Service,Asia,CN,4532407,7617321.71,18435.53,23353.46,4550842.53,7640675.17,468,68,536,Tier 3,6,2
PRJ-0618,Energy,South America,BR,3462131,5912583.43,48978.55,69785.23,3511109.55,5982368.66,1619,70,1689,Tier 3,6,4
PRJ-0619,Install,South America,BR,1713795,2666307.02,236567.93,318205.66,1950362.93,2984512.68,262,39,301,Tier 3,6,4
PRJ-0620,Service,North America,MX,3360350,3637353.09,412311.6,478373.95,3772661.6,4115727.04,1102,151,1253,Tier 3,1,1
PRJ-0621,Energy,North America,MX,1910289,2456812.38,544013.3,564384.34,2454302.3,3021196.72,1690,128,1818,Tier 3,8,7
PRJ-0622,Energy,Oceania,AU,2614124,2584794.35,261212.85,278632.6,2875336.85,2863426.95,981,111,1092,Tier 3,3,1
PRJ-0623,Service,North America,US,4688861,2905589.19,476318.59,620857.59,5165179.59,3526446.78,457,16,473,Tier 2,10,9
PRJ-0624,Energy,Africa,EG,1030466,1065695.45,190507.04,246943.82,1220973.04,1312639.27,1165,103,1268,Tier 3,6,5
PRJ-0625,Service,Oceania,AU,4624353,5748747.74,976815.88,1438541.65,5601168.88,7187289.38,1260,195,1455,Tier 2,7,3
PRJ-0626,Install,Europe,DE,3293520,2633479.44,161378.76,210301.22,3454898.76,2843780.66,208,22,230,Tier 3,7,7
PRJ-0627,Install,Oceania,NZ,4527035,7411000.9,453086.78,480648.38,4980121.78,7891649.28,459,19,478,Tier 3,5,5
PRJ-0628,Energy,Oceania,NZ,2526359,3928572.55,341841.11,436097.42,2868200.11,4364669.97,77,9,86,Tier 3,5,2
PRJ-0629,Energy,Europe,FR,4305640,5708067.94,169733.03,233627.21,4475373.03,5941695.15,400,69,469,Tier 3,4,1
PRJ-0630,Install,Asia,CN,120393,202732.92,3555.12,3752.61,123948.12,206485.53,1015,61,1076,Tier 5,6,1
PRJ-0631,Energy,Oceania,AU,3817149,4693001.56,886618.82,1144409.2,4703767.82,5837410.76,1594,269,1863,Tier 3,6,6
PRJ-0632,Service,Asia,CN,1528047,1859035.91,349017.95,378170.66,1877064.95,2237206.56,848,147,995,Tier 3,6,0
PRJ-0633,Service,Oceania,NZ,4805082,2914871.02,462530.84,537234.79,5267612.84,3452105.82,111,21,132,Tier 2,1,0
PRJ-0634,Service,North America,MX,1825109,1473569.9,510994.82,686402.06,2336103.82,2159971.95,1688,100,1788,Tier 3,3,1
PRJ-0635,Energy,Asia,CN,3553320,3760244.75,179310.71,206177.24,3732630.71,3966421.99,1460,124,1584,Tier 3,7,7
PRJ-0636,Service,North America,MX,4590233,7019923.55,575008.23,785973.86,5165241.23,7805897.41,1454,32,1486,Tier 2,8,8
PRJ-0637,Energy,Europe,DE,1616395,2897573.32,329858.97,359749.81,1946253.97,3257323.14,1590,110,1700,Tier 3,10,6
PRJ-0638,Energy,Europe,DE,1907590,1705621.39,354425.83,476412.1,2262015.83,2182033.5,1295,114,1409,Tier 3,3,2
PRJ-0639,Energy,North America,US,1066072,757805.44,316085.29,343724.55,1382157.29,1101529.98,1721,209,1930,Tier 3,8,3
PRJ-0640,Service,North America,MX,1557504,2329033.05,243577.27,324203.11,1801081.27,2653236.16,916,10,926,Tier 3,1,1
PRJ-0641,Energy,Europe,FR,798058,689686.23,180144.17,229423.72,978202.17,919109.94,923,1,924,Tier 4,10,9
PRJ-0642,Install,Europe,FR,4454759,3306603.15,570232.14,633492.67,5024991.14,3940095.82,1700,16,1716,Tier 2,1,0
PRJ-0643,Service,South America,AR,2725017,4764629.7,623862.03,643712.22,3348879.03,5408341.92,1436,185,1621,Tier 3,2,0
PRJ-0644,Service,South America,AR,1635870,2524009.79,271292.61,335005.43,1907162.61,2859015.22,243,38,281,Tier 3,9,4
PRJ-0645,Energy,South America,BR,1897612,2664587.76,407216.74,539195.74,2304828.74,3203783.5,661,60,721,Tier 3,9,1
PRJ-0646,Energy,Europe,FR,3341397,3334041.65,692285.61,1025593.71,4033682.61,4359635.37,402,38,440,Tier 3,0,0
PRJ-0647,Energy,South America,BR,2575861,3202928.58,682593.8,938112.83,3258454.8,4141041.41,1031,4,1035,Tier 3,9,2
PRJ-0648,Energy,Africa,ZA,2284206,3486608.47,146963.79,149071.06,2431169.79,3635679.53,1281,249,1530,Tier 3,5,4
PRJ-0649,Install,Oceania,AU,4482788,7649551.04,909329.95,975507.36,5392117.95,8625058.4,1739,48,1787,Tier 2,7,4
PRJ-0650,Energy,Africa,EG,3634250,4672619.69,128283.32,179440.26,3762533.32,4852059.95,1709,218,1927,Tier 3,5,0
PRJ-0651,Service,Asia,JP,563762,642990.83,102668.62,144508.39,666430.62,787499.22,1531,287,1818,Tier 4,4,2
PRJ-0652,Install,North America,US,2526665,4448268.59,484489.78,615081.51,3011154.78,5063350.1,352,28,380,Tier 3,10,4
PRJ-0653,Service,North America,US,1032318,850111.28,110642.09,127185.31,1142960.09,977296.59,887,55,942,Tier 3,7,3
PRJ-0654,Service,Africa,EG,469031,641911.03,13704.57,13720.5,482735.57,655631.53,1001,141,1142,Tier 4,9,0
PRJ-0655,Install,Europe,FR,3161944,3274736.81,66456.85,93235.23,3228400.85,3367972.04,1538,158,1696,Tier 3,8,2
PRJ-0656,Energy,Europe,FR,3333935,4872177.84,308071.2,417292.9,3642006.2,5289470.74,1307,13,1320,Tier 3,5,2
PRJ-0657,Service,Oceania,NZ,1648616,2685645.13,48015.43,52857.55,1696631.43,2738502.68,251,39,290,Tier 3,1,1
PRJ-0658,Install,Asia,CN,136259,102894.13,23945.94,31618.6,160204.94,134512.73,1235,13,1248,Tier 5,5,2
PRJ-0659,Service,Europe,FR,4479171,6050472.43,589369.44,853835.35,5068540.44,6904307.78,1395,7,1402,Tier 2,9,1
PRJ-0660,Install,Oceania,NZ,2066783,3323547.36,439509.49,571634.86,2506292.49,3895182.22,395,33,428,Tier 3,1,1
PRJ-0661,Install,Africa,EG,4113690,6557597.52,598234.73,752947.4,4711924.73,7310544.92,541,105,646,Tier 3,5,4
PRJ-0662,Energy,Oceania,NZ,2701742,2614899.05,317710.77,414326.19,3019452.77,3029225.24,1790,189,1979,Tier 3,2,1
PRJ-0663,Service,Europe,FR,664374,1099319.48,186808.72,219717.14,851182.72,1319036.61,1622,223,1845,Tier 4,0,0
PRJ-0664,Service,North America,US,825614,1279480.74,17431.88,19975.8,843045.88,1299456.54,1058,143,1201,Tier 4,2,1
PRJ-0665,Install,Oceania,NZ,2329962,3033835.13,83276.02,104950.8,2413238.02,3138785.93,977,167,1144,Tier 3,7,7
PRJ-0666,Install,North America,US,4199288,3568687.98,1238742.21,1271998.56,5438030.21,4840686.54,998,0,998,Tier 2,5,2
PRJ-0667,Service,Europe,DE,2224228,3427495.21,403153.61,433547.97,2627381.61,3861043.18,1206,135,1341,Tier 3,3,1
PRJ-0668,Install,Europe,FR,4211861,2624079.51,976916.37,1426791.07,5188777.37,4050870.58,1151,7,1158,Tier 2,10,3
PRJ-0669,Install,Europe,DE,4561217,7767407.49,506383.28,749493.86,5067600.28,8516901.35,188,28,216,Tier 2,3,3
PRJ-0670,Service,Oceania,AU,1165406,1943167.21,239265.27,274135.88,1404671.27,2217303.09,1624,110,1734,Tier 3,8,2
PRJ-0671,Install,Asia,JP,505238,473578.66,28864.46,42971.96,534102.46,516550.62,723,118,841,Tier 4,4,3
PRJ-0672,Install,Africa,ZA,570163,867318.81,148999.08,180610.46,719162.08,1047929.27,956,67,1023,Tier 4,4,2
PRJ-0673,Service,North America,MX,444919,688527.94,69732.12,99764.06,514651.12,788292,1113,141,1254,Tier 4,7,6
PRJ-0674,Install,Oceania,AU,3828307,5347996.59,807754.44,1060432.7,4636061.44,6408429.28,1314,165,1479,Tier 3,0,0
PRJ-0675,Energy,Oceania,NZ,2788116,4572600,453262.75,644918.05,3241378.75,5217518.05,1796,258,2054,Tier 3,4,4
PRJ-0676,Install,Asia,CN,4995393,4283048.4,566311.24,845960.91,5561704.24,5129009.31,1718,174,1892,Tier 2,5,4
PRJ-0677,Service,North America,US,3572286,5247973.34,261299.71,362960.71,3833585.71,5610934.05,871,154,1025,Tier 3,10,2
PRJ-0678,Energy,South America,AR,2422752,2482509.46,627033.44,645428.76,3049785.44,3127938.23,379,27,406,Tier 3,9,2
PRJ-0679,Install,North America,MX,1453102,959022.34,274342.51,347687.47,1727444.51,1306709.8,1553,56,1609,Tier 3,0,0
PRJ-0680,Energy,Africa,ZA,3805788,5831486.22,782524.1,987704.55,4588312.1,6819190.77,398,8,406,Tier 3,6,1
PRJ-0681,Install,South America,BR,1677312,2085940.52,180774.63,190924.33,1858086.63,2276864.84,555,18,573,Tier 3,9,0
PRJ-0682,Install,South America,AR,658374,458394.9,31122.31,43835.83,689496.31,502230.73,446,46,492,Tier 4,6,1
PRJ-0683,Service,Africa,ZA,2629000,2989042.64,260641.76,389731.33,2889641.76,3378773.96,1267,237,1504,Tier 3,2,0
PRJ-0684,Install,South America,AR,2997995,3360168.09,46026.01,49103.33,3044021.01,3409271.42,1210,178,1388,Tier 3,6,3
PRJ-0685,Service,Europe,FR,611999,913071.04,89130.47,115800.15,701129.47,1028871.19,17,2,19,Tier 4,1,1
PRJ-0686,Install,South America,BR,2486487,3786987.33,602715.26,648105.48,3089202.26,4435092.81,1406,96,1502,Tier 3,7,2
PRJ-0687,Install,North America,MX,4661518,6606348.05,362013.85,515356.78,5023531.85,7121704.84,179,22,201,Tier 2,2,1
PRJ-0688,Service,Asia,CN,1939775,1367334.54,381434.24,497871.02,2321209.24,1865205.55,678,122,800,Tier 3,2,0
PRJ-0689,Install,South America,BR,251691,186147.35,4083.96,4261.92,255774.96,190409.27,559,81,640,Tier 4,7,7
PRJ-0690,Energy,Europe,FR,3381100,3398311.33,426146.65,527184.79,3807246.65,3925496.11,863,140,1003,Tier 3,2,0
PRJ-0691,Install,Oceania,AU,1779465,1629926.18,490506.14,699463.79,2269971.14,2329389.97,941,175,1116,Tier 3,0,0
PRJ-0692,Energy,North America,US,4124167,3561018.92,79168.98,101122.84,4203335.98,3662141.77,1705,48,1753,Tier 3,10,6
PRJ-0693,Service,Europe,DE,276726,240220.86,45090.57,46778.98,321816.57,286999.84,392,56,448,Tier 4,8,7
PRJ-0694,Install,Europe,FR,4045354,4258304.48,775839.34,1084004.69,4821193.34,5342309.17,930,99,1029,Tier 3,5,2
PRJ-0695,Service,Asia,CN,590508,487794.19,74337.38,99507.26,664845.38,587301.46,1296,168,1464,Tier 4,8,8
PRJ-0696,Service,South America,BR,2192958,1762158,327094.64,427408.57,2520052.64,2189566.57,1083,108,1191,Tier 3,0,0
PRJ-0697,Service,North America,US,4669408,3187408.3,233571.57,332102.71,4902979.57,3519511.01,1001,121,1122,Tier 3,1,0
PRJ-0698,Service,Oceania,AU,3849013,4917945.98,321475.87,445603.99,4170488.87,5363549.97,252,5,257,Tier 3,7,0
PRJ-0699,Energy,Oceania,AU,3813275,6074479.55,315193.96,360055.17,4128468.96,6434534.72,145,1,146,Tier 3,6,1
PRJ-0700,Install,South America,BR,2578095,4238863.2,688099.19,728867.34,3266194.19,4967730.54,1458,282,1740,Tier 3,10,4
PRJ-0701,Energy,Africa,ZA,502767,838539.28,124255.79,137430.68,627022.79,975969.96,175,22,197,Tier 4,8,4
PRJ-0702,Energy,Oceania,NZ,3913885,6264128.58,1148828.48,1427034.75,5062713.48,7691163.33,408,34,442,Tier 2,3,0
PRJ-0703,Energy,Asia,CN,3484781,4024869.3,438794.3,443988.1,3923575.3,4468857.4,557,90,647,Tier 3,3,2
PRJ-0704,Install,Africa,ZA,4551363,5442918.36,1133000.2,1327392.93,5684363.2,6770311.29,1819,292,2111,Tier 2,9,1
PRJ-0705,Energy,Africa,ZA,4919047,5905595.14,1167150.21,1740921.74,6086197.21,7646516.88,702,3,705,Tier 2,8,4
PRJ-0706,Service,Europe,FR,2930882,4278861.24,467912.02,535805.03,3398794.02,4814666.27,722,63,785,Tier 3,10,5
PRJ-0707,Install,Asia,CN,1212027,2058009.49,249431.11,323437.95,1461458.11,2381447.44,114,2,116,Tier 3,0,0
PRJ-0708,Energy,Oceania,AU,557677,749508,25393.5,31062.2,583070.5,780570.2,233,2,235,Tier 4,5,5
PRJ-0709,Energy,Europe,FR,3498678,2743456.5,153420.1,177295.42,3652098.1,2920751.92,1199,3,1202,Tier 3,0,0
PRJ-0710,Energy,Europe,FR,4940275,8327371.21,19351.45,24795.78,4959626.45,8352167,1477,106,1583,Tier 3,6,6
PRJ-0711,Service,South America,BR,1536845,1323943.92,70090.48,79512.84,1606935.48,1403456.76,166,16,182,Tier 3,8,6
PRJ-0712,Energy,Asia,CN,4938214,3061061.89,1042760.26,1489292.28,5980974.26,4550354.17,236,31,267,Tier 2,7,7
PRJ-0713,Energy,Africa,ZA,683939,493446.93,184217.52,191005.46,868156.52,684452.39,1180,17,1197,Tier 4,1,0
PRJ-0714,Service,Asia,JP,2664143,3373016.79,684283.23,996893.39,3348426.23,4369910.18,493,38,531,Tier 3,10,1
PRJ-0715,Energy,North America,MX,3958275,4035723.27,179129.37,264276.73,4137404.37,4299999.99,803,35,838,Tier 3,1,1
PRJ-0716,Service,South America,BR,1842924,1765509.98,272408.36,318966.34,2115332.36,2084476.33,1338,99,1437,Tier 3,3,1
PRJ-0717,Energy,North America,MX,848379,775957.38,13704.71,17045.22,862083.71,793002.6,717,78,795,Tier 4,5,1
PRJ-0718,Energy,South America,AR,2810828,4225851.42,149859.95,203939.18,2960687.95,4429790.6,24,1,25,Tier 3,7,4
PRJ-0719,Install,Asia,JP,112421,76233.73,23299.85,24518.18,135720.85,100751.91,705,113,818,Tier 5,9,6
PRJ-0720,Energy,Asia,JP,86356,115097.54,23914.28,32166.13,110270.28,147263.67,1724,224,1948,Tier 5,6,6
PRJ-0721,Energy,Oceania,AU,3494732,6248293.86,451864.09,515914.22,3946596.09,6764208.09,791,26,817,Tier 3,9,3
PRJ-0722,Install,Oceania,AU,2477479,2728176.44,360553.86,431317.89,2838032.86,3159494.32,397,32,429,Tier 3,9,5
PRJ-0723,Install,Asia,JP,1336927,1686891.5,142048.62,184910.06,1478975.62,1871801.56,1044,105,1149,Tier 3,3,2
PRJ-0724,Service,North America,MX,4201491,3634199.49,629053.33,641305.89,4830544.33,4275505.38,1467,17,1484,Tier 3,6,4
PRJ-0725,Install,North America,US,3937675,4611380.02,1114894.09,1639907.67,5052569.09,6251287.68,891,162,1053,Tier 2,4,2
PRJ-0726,Energy,North America,MX,1028171,1476775.78,134355.72,191995.14,1162526.72,1668770.92,96,15,111,Tier 3,7,6
PRJ-0727,Energy,Europe,DE,2405845,2692881.05,705674.17,732602.5,3111519.17,3425483.55,1520,128,1648,Tier 3,4,4
PRJ-0728,Energy,Europe,DE,2603151,1962278.1,723756.64,1055871.78,3326907.64,3018149.88,575,111,686,Tier 3,6,5
PRJ-0729,Install,Asia,CN,1704650,1244243.41,463365.35,553062.12,2168015.35,1797305.53,1822,76,1898,Tier 3,3,2
PRJ-0730,Install,Oceania,NZ,4088305,4970308.47,810911.76,914707.17,4899216.76,5885015.64,1424,131,1555,Tier 3,1,0
PRJ-0731,Install,South America,BR,454878,765172.9,51774.03,64068.84,506652.03,829241.75,529,98,627,Tier 4,5,5
PRJ-0732,Install,Africa,ZA,4372631,4735128.55,781807.6,785325.81,5154438.6,5520454.36,1116,18,1134,Tier 2,10,5
PRJ-0733,Install,Africa,ZA,3909082,6983537.17,306588.62,383961.65,4215670.62,7367498.82,1069,32,1101,Tier 3,0,0
PRJ-0734,Service,Asia,CN,3643700,6233013.92,110460.77,145137.8,3754160.77,6378151.73,171,33,204,Tier 3,10,8
PRJ-0735,Service,Asia,JP,2556484,3843153.25,523001.41,628062.9,3079485.41,4471216.15,852,53,905,Tier 3,3,2
PRJ-0736,Service,Africa,ZA,303219,256629.51,32001.57,32922.55,335220.57,289552.06,1211,186,1397,Tier 4,7,2
PRJ-0737,Install,Asia,CN,3611989,3404887.32,97778.07,134112.13,3709767.07,3538999.45,1258,180,1438,Tier 3,8,6
PRJ-0738,Install,Europe,DE,2552216,2183432.76,78482.21,116744.21,2630698.21,2300176.97,800,135,935,Tier 3,9,6
PRJ-0739,Energy,South America,AR,173437,300680.16,10830.15,12856.9,184267.15,313537.06,704,72,776,Tier 5,4,1
PRJ-0740,Service,Asia,JP,2311334,2510891.6,297787.93,365402.75,2609121.93,2876294.36,118,15,133,Tier 3,3,3
PRJ-0741,Install,South America,AR,248373,330741.76,24328.55,30436.47,272701.55,361178.23,820,74,894,Tier 4,3,0
PRJ-0742,Energy,Asia,JP,1871360,2377570.44,349279.34,417322.55,2220639.34,2794892.99,1775,57,1832,Tier 3,5,5
PRJ-0743,Install,Europe,FR,547944,847408.1,161188.57,175161.24,709132.57,1022569.34,962,116,1078,Tier 4,1,0
PRJ-0744,Install,North America,MX,2597896,1859335.84,599933.5,643386.04,3197829.5,2502721.88,1449,102,1551,Tier 3,9,1
PRJ-0745,Service,Europe,FR,4548789,3187107.58,633093.91,913450.71,5181882.91,4100558.29,1091,12,1103,Tier 2,10,0
PRJ-0746,Service,South America,BR,2781213,4648702.4,663767.96,970746.57,3444980.96,5619448.96,1602,24,1626,Tier 3,1,0
PRJ-0747,Install,South America,AR,4328815,5918429.58,1156221.86,1496968.57,5485036.86,7415398.15,637,71,708,Tier 2,4,1
PRJ-0748,Service,South America,BR,1431560,2019702.76,111222.95,122611.17,1542782.95,2142313.94,768,123,891,Tier 3,7,3
PRJ-0749,Service,North America,MX,2845466,3148369.2,809454.09,1014960.03,3654920.09,4163329.24,1487,96,1583,Tier 3,8,7
PRJ-0750,Service,Asia,JP,793883,587745.49,46346.83,50649.49,840229.83,638394.98,249,22,271,Tier 4,9,4
PRJ-0751,Service,Africa,EG,4727321,8409709.21,341186.34,507033.09,5068507.34,8916742.3,732,38,770,Tier 2,5,3
PRJ-0752,Install,Oceania,AU,630208,727773.2,133831.69,167741.96,764039.69,895515.16,674,95,769,Tier 4,10,4
PRJ-0753,Service,South America,AR,481080,362141.9,106155.45,155997.15,587235.45,518139.05,269,23,292,Tier 4,3,0
PRJ-0754,Install,South America,AR,1865071,2858747.49,122681.64,125223.84,1987752.64,2983971.33,1348,86,1434,Tier 3,7,0
PRJ-0755,Energy,Oceania,NZ,2364451,3194866.19,182347.6,244723.77,2546798.6,3439589.96,148,14,162,Tier 3,7,2
PRJ-0756,Install,Asia,JP,782455,573499.69,20883.32,23359.8,803338.32,596859.49,1353,0,1353,Tier 4,1,0
PRJ-0757,Energy,Africa,EG,1096269,1291839.75,80634.09,82390.71,1176903.09,1374230.46,1488,137,1625,Tier 3,3,2
PRJ-0758,Install,Africa,ZA,4545155,4605761.73,934213.89,1167159.47,5479368.89,5772921.2,888,2,890,Tier 2,7,2
PRJ-0759,Install,Oceania,NZ,98063,105234.2,5384.32,6697.03,103447.32,111931.23,1350,46,1396,Tier 5,4,4
PRJ-0760,Install,Europe,DE,2314155,2363266.15,191182.09,206406.32,2505337.09,2569672.47,361,37,398,Tier 3,7,0
PRJ-0761,Service,Oceania,AU,4339506,7459077.92,1157456.57,1702819.9,5496962.57,9161897.82,706,15,721,Tier 2,5,3
PRJ-0762,Install,Asia,CN,1518813,2571947.85,159508.22,163941.51,1678321.22,2735889.36,844,99,943,Tier 3,2,1
PRJ-0763,Service,Europe,FR,2607974,3982924.87,481360.35,542770.1,3089334.35,4525694.97,750,8,758,Tier 3,0,0
PRJ-0764,Install,Asia,CN,4100391,6659792.26,1188317.92,1776596.65,5288708.92,8436388.91,1704,338,2042,Tier 2,4,0
PRJ-0765,Energy,Europe,DE,4376309,7124797.77,333102.37,384529.23,4709411.37,7509327,842,131,973,Tier 3,6,4
PRJ-0766,Energy,Europe,FR,4566568,3326708.67,320532.41,415924.33,4887100.41,3742633.01,1438,236,1674,Tier 3,7,4
PRJ-0767,Install,South America,AR,2738915,3476779.12,431786.4,589157.81,3170701.4,4065936.93,967,130,1097,Tier 3,4,1
PRJ-0768,Install,North America,US,1936676,2307437.91,525813.09,759131.36,2462489.09,3066569.27,1381,204,1585,Tier 3,2,0
PRJ-0769,Energy,South America,BR,4527645,5489970.04,269844.37,387638.41,4797489.37,5877608.44,313,17,330,Tier 3,1,0
PRJ-0770,Service,Africa,ZA,2560223,1957005.2,692053.9,765468.1,3252276.9,2722473.3,896,108,1004,Tier 3,6,0
PRJ-0771,Install,Europe,FR,4397336,3299840.19,670042.22,738487.13,5067378.22,4038327.32,622,40,662,Tier 2,3,2
PRJ-0772,Energy,Asia,JP,720066,681693.03,40586.1,46434.03,760652.1,728127.06,601,12,613,Tier 4,2,0
PRJ-0773,Install,Asia,JP,2328542,3263057.14,390465.82,397314.36,2719007.82,3660371.5,59,7,66,Tier 3,6,5
PRJ-0774,Energy,North America,MX,2730746,3976717.07,204933.27,250351.91,2935679.27,4227068.98,909,24,933,Tier 3,4,4
PRJ-0775,Service,Europe,DE,2250576,3536296.84,557539.53,580057.33,2808115.53,4116354.17,120,14,134,Tier 3,0,0
PRJ-0776,Energy,South America,AR,4130336,5029992.59,1080230.41,1572981.28,5210566.41,6602973.87,565,4,569,Tier 2,6,1
PRJ-0777,Energy,South America,AR,4920080,7945603.26,1376728.68,1945290.68,6296808.68,9890893.94,1311,247,1558,Tier 2,6,4
PRJ-0778,Energy,North America,US,561794,509438.96,23090.98,32531,584884.98,541969.97,1412,273,1685,Tier 4,10,3
PRJ-0779,Service,Europe,DE,308381,343528,78959.99,91063.74,387340.99,434591.74,1590,145,1735,Tier 4,2,0
PRJ-0780,Energy,Africa,EG,3077049,5237414.49,606679.95,726048.58,3683728.95,5963463.07,566,19,585,Tier 3,6,2
PRJ-0781,Energy,North America,MX,845949,956519.49,81309.58,114553.88,927258.58,1071073.37,194,19,213,Tier 4,2,0
PRJ-0782,Install,Europe,DE,1899656,1549658.4,495187.4,649446.19,2394843.4,2199104.6,349,29,378,Tier 3,9,5
PRJ-0783,Install,Oceania,AU,3207582,1988798.07,832625.08,1227815.94,4040207.08,3216614,1729,287,2016,Tier 3,4,4
PRJ-0784,Energy,Oceania,NZ,4799908,4355661.32,1363092.66,1562103.1,6163000.66,5917764.42,728,7,735,Tier 2,1,0
PRJ-0785,Service,Europe,FR,4752620,3812724.33,363504.84,508481.91,5116124.84,4321206.24,955,82,1037,Tier 2,0,0
PRJ-0786,Energy,Africa,ZA,4657894,7013133.81,985240.12,1071735.76,5643134.12,8084869.57,57,4,61,Tier 2,7,1
PRJ-0787,Install,Oceania,AU,4206311,3024812.84,151483.04,196835.54,4357794.04,3221648.38,726,23,749,Tier 3,6,1
PRJ-0788,Energy,Europe,DE,708533,1088648.18,60150.45,83147.25,768683.45,1171795.44,627,57,684,Tier 4,7,0
PRJ-0789,Service,Europe,DE,1082899,1541242.09,32227.55,47993.89,1115126.55,1589235.98,973,184,1157,Tier 3,3,0
PRJ-0790,Install,North America,US,2585215,2876829.59,575886.5,768457.66,3161101.5,3645287.25,1168,190,1358,Tier 3,9,6
PRJ-0791,Install,North America,MX,3332502,2469175.95,752198.8,811073.01,4084700.8,3280248.97,1387,39,1426,Tier 3,2,0
PRJ-0792,Install,Europe,DE,3347983,4049473.03,490550.44,590460.08,3838533.44,4639933.11,1569,122,1691,Tier 3,6,5
PRJ-0793,Energy,North America,US,380753,450446.27,34214.4,50282.95,414967.4,500729.22,901,65,966,Tier 4,5,3
PRJ-0794,Energy,Asia,JP,4102220,2638232.08,537627.69,570557.87,4639847.69,3208789.95,1787,326,2113,Tier 3,2,0
PRJ-0795,Install,Europe,DE,2771481,2545653.72,145774.81,176363.88,2917255.81,2722017.6,153,10,163,Tier 3,0,0
PRJ-0796,Service,Europe,FR,126668,217948.52,32011.42,46020.98,158679.42,263969.5,974,31,1005,Tier 5,4,4
PRJ-0797,Service,Oceania,AU,3519592,3786894.08,813679.23,862068.82,4333271.23,4648962.89,1064,101,1165,Tier 3,2,1
PRJ-0798,Install,North America,US,1526654,1451958.77,139785.52,190535.13,1666439.52,1642493.9,261,49,310,Tier 3,4,3
PRJ-0799,Service,Asia,JP,333234,483814.71,43329.21,63231.24,376563.21,547045.94,1593,27,1620,Tier 4,8,3
PRJ-0800,Install,North America,US,599237,364814.31,23556.43,28536.9,622793.43,393351.21,792,136,928,Tier 4,2,0
PRJ-0801,Install,South America,AR,4784002,3227156.51,1040517.52,1515348.69,5824519.52,4742505.2,137,13,150,Tier 2,2,2
PRJ-0802,Energy,South America,BR,4175600,4121482.88,396844.88,453133,4572444.88,4574615.88,608,42,650,Tier 3,3,3
PRJ-0803,Install,Africa,EG,135447,137811.62,38211.65,51780.65,173658.65,189592.27,1445,170,1615,Tier 5,5,2
PRJ-0804,Energy,North America,MX,2170561,1727515.79,347658.32,496532.31,2518219.32,2224048.1,128,4,132,Tier 3,10,4
PRJ-0805,Install,Africa,ZA,4254062,4969162.56,921747.59,929852.36,5175809.59,5899014.92,667,30,697,Tier 2,3,1
PRJ-0806,Service,Oceania,AU,1480295,1768932.97,196833.9,232626.53,1677128.9,2001559.49,1071,70,1141,Tier 3,9,9
PRJ-0807,Service,North America,US,1236305,2122915.18,275079.13,377931.77,1511384.13,2500846.95,415,43,458,Tier 3,9,9
PRJ-0808,Install,South America,AR,213913,133958.27,49596.76,61681.58,263509.76,195639.85,988,96,1084,Tier 4,6,1
PRJ-0809,Service,North America,MX,1343488,906823.48,76209.64,86645.31,1419697.64,993468.78,218,10,228,Tier 3,10,8
PRJ-0810,Energy,Asia,CN,365864,322626.2,83436.36,99455.09,449300.36,422081.29,1648,47,1695,Tier 4,2,2
PRJ-0811,Install,North America,US,4366289,5222306.85,1081182.16,1436865.07,5447471.16,6659171.92,534,102,636,Tier 2,1,0
PRJ-0812,Install,Oceania,AU,2136223,3325319.73,45734.93,47352.75,2181957.93,3372672.49,117,10,127,Tier 3,1,0
PRJ-0813,Energy,Europe,FR,2064240,3015266.87,555223.76,617706.47,2619463.76,3632973.34,1307,74,1381,Tier 3,8,2
PRJ-0814,Service,South America,AR,3176981,4478508.4,846205.39,1078252.3,4023186.39,5556760.7,1672,16,1688,Tier 3,5,0
PRJ-0815,Install,Africa,EG,2414374,3348730.73,371442.7,449663.26,2785816.7,3798393.99,995,51,1046,Tier 3,3,2
PRJ-0816,Install,Europe,DE,3776916,4494809.56,1066122.71,1468790.36,4843038.71,5963599.92,166,2,168,Tier 3,6,1
PRJ-0817,Energy,Europe,FR,3348589,4663781.92,820294.59,908903.73,4168883.59,5572685.65,408,30,438,Tier 3,8,8
PRJ-0818,Install,Africa,EG,4178416,5056711.94,583445.11,664230.33,4761861.11,5720942.27,717,137,854,Tier 3,7,0
PRJ-0819,Energy,Africa,EG,2231874,3663488.91,132999.33,153119.3,2364873.33,3816608.21,1663,204,1867,Tier 3,8,1
PRJ-0820,Energy,Oceania,AU,1098027,1354098.11,245402.27,257830.91,1343429.27,1611929.02,1548,144,1692,Tier 3,9,9
PRJ-0821,Service,Europe,FR,4670906,8225399.21,10658.33,11139.96,4681564.33,8236539.17,99,12,111,Tier 3,5,4
PRJ-0822,Install,Europe,FR,2247391,2063474.57,458320.3,548362.46,2705711.3,2611837.03,681,71,752,Tier 3,0,0
PRJ-0823,Energy,North America,US,634350,851460.46,154127.07,218988.49,788477.07,1070448.95,74,8,82,Tier 4,10,4
PRJ-0824,Energy,Europe,FR,3585082,3619064.18,807442.57,1184764.72,4392524.57,4803828.9,1492,224,1716,Tier 3,7,7
PRJ-0825,Energy,Oceania,NZ,2650301,2760215.22,575981.41,809600.89,3226282.41,3569816.12,40,4,44,Tier 3,0,0
PRJ-0826,Install,Asia,JP,985979,1112191.87,209729.84,238642.03,1195708.84,1350833.9,1478,280,1758,Tier 3,4,1
PRJ-0827,Service,South America,BR,2649667,4561794.98,121269.49,180878.41,2770936.49,4742673.4,424,38,462,Tier 3,10,9
PRJ-0828,Energy,South America,BR,245443,371433.36,30973.51,35259.61,276416.51,406692.97,597,56,653,Tier 4,8,7
PRJ-0829,Install,Asia,CN,3587390,5017932.27,685098.18,793682.81,4272488.18,5811615.08,419,66,485,Tier 3,8,5
PRJ-0830,Install,Oceania,NZ,582401,517279.48,60503.06,63041.34,642904.06,580320.82,246,28,274,Tier 4,9,5
PRJ-0831,Energy,North America,US,853595,842614.61,32764.54,36245.01,886359.54,878859.61,877,40,917,Tier 4,9,4
PRJ-0832,Service,South America,BR,1146359,1140681.96,187474.34,246203.86,1333833.34,1386885.82,781,53,834,Tier 3,1,1
PRJ-0833,Service,South America,BR,2609374,2160249.77,221238.63,298885.36,2830612.63,2459135.14,510,85,595,Tier 3,6,6
PRJ-0834,Energy,Europe,FR,4113054,7221576.83,1046535.88,1299093.07,5159589.88,8520669.9,1137,160,1297,Tier 2,7,3
PRJ-0835,Energy,Africa,EG,1784743,1996142.84,220939.59,279669.54,2005682.59,2275812.38,1183,54,1237,Tier 3,8,7
PRJ-0836,Install,South America,AR,3522848,4190581.73,335165.21,421435.49,3858013.21,4612017.23,1512,21,1533,Tier 3,3,2
PRJ-0837,Install,Asia,JP,4902961,6134974.14,1139226.55,1645107.25,6042187.55,7780081.38,1093,4,1097,Tier 2,10,4
PRJ-0838,Install,Oceania,NZ,4920438,5029371.85,1197380.92,1738826.04,6117818.92,6768197.89,768,123,891,Tier 2,3,3
PRJ-0839,Service,Africa,ZA,2331914,3799021.01,518692.91,684525.96,2850606.91,4483546.97,1574,34,1608,Tier 3,2,1
PRJ-0840,Service,North America,US,2120199,3516772.41,469540.68,616284.58,2589739.68,4133056.99,841,129,970,Tier 3,5,0
PRJ-0841,Energy,South America,AR,2244284,3550651.07,166376.15,216877.36,2410660.15,3767528.43,42,7,49,Tier 3,10,2
PRJ-0842,Energy,North America,US,3470531,3574278.28,566314.82,667276.57,4036845.82,4241554.84,1130,87,1217,Tier 3,3,2
PRJ-0843,Service,Asia,JP,1458379,2602357.49,320159.1,430532.84,1778538.1,3032890.33,324,61,385,Tier 3,10,2
PRJ-0844,Energy,Africa,ZA,4987092,5282895.77,1339261.84,1784281.65,6326353.84,7067177.42,725,128,853,Tier 2,4,0
PRJ-0845,Energy,Asia,CN,1548709,1028964.3,259896.2,369872.59,1808605.2,1398836.88,981,171,1152,Tier 3,1,0
PRJ-0846,Service,Africa,ZA,4318931,6138438.04,987151.49,1113002.07,5306082.49,7251440.1,187,33,220,Tier 2,10,0
PRJ-0847,Service,North America,MX,4189471,5362947.67,184825.86,235758.56,4374296.86,5598706.23,75,13,88,Tier 3,2,2
PRJ-0848,Install,Oceania,AU,609285,862152.1,125746.11,185267.55,735031.11,1047419.64,1028,141,1169,Tier 4,9,1
PRJ-0849,Energy,Oceania,NZ,4554625,7352573.36,1084837.45,1171329.83,5639462.45,8523903.19,896,178,1074,Tier 2,2,0
PRJ-0850,Install,Africa,EG,2375871,3135150.36,609561.65,895646.93,2985432.65,4030797.29,602,27,629,Tier 3,0,0
PRJ-0851,Service,Africa,EG,4896836,6461932.53,515056.26,695684.67,5411892.26,7157617.2,662,23,685,Tier 2,8,1
PRJ-0852,Energy,Asia,JP,213743,332934.32,19418.54,20661.21,233161.54,353595.53,962,127,1089,Tier 5,10,4
PRJ-0853,Service,Europe,DE,1579489,1961076.57,471599.04,509128.84,2051088.04,2470205.41,1781,46,1827,Tier 3,5,5
PRJ-0854,Service,North America,MX,563961,908775.23,86815.05,120861.35,650776.05,1029636.57,796,59,855,Tier 4,10,7
PRJ-0855,Install,North America,US,728601,1005540.87,28752.53,42257.16,757353.53,1047798.03,675,19,694,Tier 4,6,2
PRJ-0856,Service,Oceania,AU,770282,555400.31,58458.1,71036.17,828740.1,626436.48,76,14,90,Tier 4,6,4
PRJ-0857,Energy,Asia,JP,856602,953761.51,241345.28,338739.45,1097947.28,1292500.96,402,57,459,Tier 3,3,0
PRJ-0858,Install,South America,BR,2752743,4234743.38,768255.51,1098057.62,3520998.51,5332801,1207,211,1418,Tier 3,0,0
PRJ-0859,Service,South America,AR,2169480,2795051.47,600975.91,654958.23,2770455.91,3450009.69,1018,67,1085,Tier 3,0,0
PRJ-0860,Service,Africa,EG,2462257,2208081.54,299847.66,397539.61,2762104.66,2605621.14,367,49,416,Tier 3,4,4
PRJ-0861,Energy,Europe,DE,1556489,2030034.32,50784.87,53112.71,1607273.87,2083147.03,777,151,928,Tier 3,2,1
PRJ-0862,Install,South America,BR,4893989,8422431.24,426621.14,491981.21,5320610.14,8914412.44,825,48,873,Tier 2,4,0
PRJ-0863,Energy,Oceania,NZ,1644396,1130224.39,157892.18,192111.84,1802288.18,1322336.24,1440,158,1598,Tier 3,1,1
PRJ-0864,Install,Europe,FR,1298446,2015350.72,306560.66,418140.02,1605006.66,2433490.74,763,79,842,Tier 3,3,0
PRJ-0865,Install,South America,BR,4782804,3799386.6,478416.89,698149.89,5261220.89,4497536.5,580,82,662,Tier 2,5,3
PRJ-0866,Install,Oceania,AU,3838313,6590448.61,874881.35,991739.47,4713194.35,7582188.08,133,19,152,Tier 3,3,0
PRJ-0867,Install,Asia,CN,2389608,2051809.29,83253.54,113298.88,2472861.54,2165108.16,1539,19,1558,Tier 3,10,9
PRJ-0868,Install,Oceania,AU,4292945,2717687.64,377685.14,506928.34,4670630.14,3224615.97,540,13,553,Tier 3,10,9
PRJ-0869,Service,South America,AR,2438206,3938454.58,96390.63,135808.27,2534596.63,4074262.85,169,0,169,Tier 3,1,0
PRJ-0870,Service,South America,AR,3554324,3566984.43,325581.11,387239.8,3879905.11,3954224.24,294,12,306,Tier 3,4,3
PRJ-0871,Service,Europe,DE,341698,340503.06,23632.3,30872.41,365330.3,371375.46,230,38,268,Tier 4,0,0
PRJ-0872,Service,Oceania,NZ,4798028,6733560.81,317681.53,415027.71,5115709.53,7148588.52,1718,194,1912,Tier 2,5,5
PRJ-0873,Install,Oceania,NZ,216935,276427.98,30051.35,40954.19,246986.35,317382.17,1556,230,1786,Tier 5,8,6
PRJ-0874,Install,South America,AR,4690110,3808670.68,115825.38,170008.09,4805935.38,3978678.77,684,122,806,Tier 3,10,10
PRJ-0875,Energy,Asia,CN,3728573,3019242.1,645531.52,820896.52,4374104.52,3840138.62,1169,50,1219,Tier 3,0,0
PRJ-0876,Energy,Oceania,NZ,3632477,3720235.38,101805.4,114828.42,3734282.4,3835063.8,990,175,1165,Tier 3,0,0
PRJ-0877,Energy,Europe,DE,3584393,3153364.32,879160.11,904033.36,4463553.11,4057397.68,321,27,348,Tier 3,10,7
PRJ-0878,Service,Oceania,AU,4525739,4376075.16,1317801.82,1926995.58,5843540.82,6303070.75,1316,107,1423,Tier 2,2,2
PRJ-0879,Energy,Europe,DE,3731679,2742524.86,477217.12,617156.64,4208896.12,3359681.5,552,81,633,Tier 3,1,1
PRJ-0880,Install,Oceania,NZ,723419,443068.76,119976.66,131237.84,843395.66,574306.59,1728,175,1903,Tier 4,10,4
PRJ-0881,Service,Asia,CN,4854058,6225555.16,1136868.42,1181566.95,5990926.42,7407122.11,913,80,993,Tier 2,6,4
PRJ-0882,Install,Asia,JP,2805183,4789243.73,91332.83,105254.52,2896515.83,4894498.26,388,16,404,Tier 3,4,4
PRJ-0883,Service,North America,MX,2650356,3141493,673886.97,862783.48,3324242.97,4004276.48,861,145,1006,Tier 3,2,2
PRJ-0884,Install,Africa,EG,4756946,4665013.52,13360.16,16194.77,4770306.16,4681208.3,1614,183,1797,Tier 3,7,5
PRJ-0885,Energy,North America,US,1028815,1821815.09,97018.66,120445.32,1125833.66,1942260.41,197,4,201,Tier 3,5,1
PRJ-0886,Energy,Asia,CN,3574986,5172399.03,425149.23,578519.68,4000135.23,5750918.7,631,71,702,Tier 3,1,0
PRJ-0887,Energy,Africa,ZA,1403315,2125270.46,29556.92,39511.86,1432871.92,2164782.31,997,20,1017,Tier 3,5,3
PRJ-0888,Install,Europe,FR,2798633,3020261.99,275772.36,371029.15,3074405.36,3391291.14,463,7,470,Tier 3,8,1
PRJ-0889,Service,Asia,CN,1357375,960898.19,349525.22,520693.1,1706900.22,1481591.29,335,55,390,Tier 3,0,0
PRJ-0890,Install,Oceania,AU,3462759,4071659.35,531875.11,616170.97,3994634.11,4687830.33,848,105,953,Tier 3,5,3
PRJ-0891,Install,Africa,ZA,2876680,4973447.6,692073.31,788175.34,3568753.31,5761622.94,167,3,170,Tier 3,5,1
PRJ-0892,Energy,Oceania,NZ,1601469,2147720.3,120612.79,147571.39,1722081.79,2295291.69,1437,36,1473,Tier 3,2,1
PRJ-0893,Install,Oceania,NZ,4039891,5453732.24,263186.86,307417.18,4303077.86,5761149.42,1081,135,1216,Tier 3,7,3
PRJ-0894,Install,Europe,DE,3139099,2379388.23,650986.86,815382.96,3790085.86,3194771.19,1457,291,1748,Tier 3,6,6
PRJ-0895,Energy,South America,AR,2540886,2473656.02,18541.33,24200.36,2559427.33,2497856.37,628,6,634,Tier 3,6,5
PRJ-0896,Service,Africa,ZA,4204554,5626423.17,733904.04,872591.36,4938458.04,6499014.53,795,107,902,Tier 3,1,0
PRJ-0897,Install,Oceania,NZ,4874438,7519545.41,1159447.54,1667441.22,6033885.54,9186986.62,1666,242,1908,Tier 2,2,2
PRJ-0898,Install,North America,US,1173715,735430.72,115819.56,133827.33,1289534.56,869258.05,1411,54,1465,Tier 3,9,6
PRJ-0899,Install,Asia,CN,2144208,1890908.74,258101.59,344587.43,2402309.59,2235496.17,994,184,1178,Tier 3,0,0
PRJ-0900,Install,Asia,CN,209145,240213.36,49575.52,60813.63,258720.52,301026.99,1067,53,1120,Tier 4,3,1
PRJ-0901,Service,North America,MX,4855286,4234050.15,1385511.95,2021149.94,6240797.95,6255200.09,1222,189,1411,Tier 2,0,0
PRJ-0902,Energy,Africa,ZA,255018,194979.26,53291.22,64873.53,308309.22,259852.79,1744,332,2076,Tier 4,4,3
PRJ-0903,Service,Asia,JP,2894044,1829260.93,313218.07,381382.13,3207262.07,2210643.07,924,94,1018,Tier 3,8,1
PRJ-0904,Energy,Europe,FR,2557438,2101665.73,139269.67,197107.32,2696707.67,2298773.05,62,6,68,Tier 3,2,1
PRJ-0905,Install,Europe,FR,4284229,3522503.56,1170240.06,1537191.8,5454469.06,5059695.36,153,21,174,Tier 2,6,0
PRJ-0906,Energy,Africa,ZA,3043656,2185228.18,330650.73,489538.5,3374306.73,2674766.68,416,61,477,Tier 3,0,0
PRJ-0907,Install,Oceania,NZ,1266682,1311972.29,140047.84,195799.45,1406729.84,1507771.74,428,70,498,Tier 3,3,3
PRJ-0908,Install,Africa,ZA,1359602,1987579.2,77594.66,82210.34,1437196.66,2069789.54,1522,4,1526,Tier 3,3,3
PRJ-0909,Install,North America,US,1708818,2361481.14,133299.89,192980.98,1842117.89,2554462.13,489,93,582,Tier 3,3,2
PRJ-0910,Service,Oceania,AU,3099465,4456985.44,360643.26,438812.62,3460108.26,4895798.06,1437,6,1443,Tier 3,5,5
PRJ-0911,Service,North America,US,3956318,5885164.08,1148947.75,1471044.93,5105265.75,7356209,1038,206,1244,Tier 2,1,0
PRJ-0912,Energy,Asia,CN,4372200,7269728.47,975436.46,1083632.58,5347636.46,8353361.05,280,49,329,Tier 2,9,4
PRJ-0913,Energy,North America,US,3789036,3815645.66,1030629.71,1531462.58,4819665.71,5347108.23,1738,134,1872,Tier 3,0,0
PRJ-0914,Install,Africa,ZA,1915556,3231410.71,502717.53,629496.45,2418273.53,3860907.15,1822,303,2125,Tier 3,1,1
PRJ-0915,Service,Africa,EG,3748594,5857203.59,595320.57,851990.2,4343914.57,6709193.8,608,114,722,Tier 3,0,0
PRJ-0916,Install,Oceania,AU,3209255,5571971.54,540298.78,701906.14,3749553.78,6273877.68,1580,192,1772,Tier 3,6,4
PRJ-0917,Service,Africa,EG,3487468,2938627.59,165939.82,219414.73,3653407.82,3158042.31,524,73,597,Tier 3,2,2
PRJ-0918,Energy,North America,MX,1894521,1318259.28,273988.05,338948.15,2168509.05,1657207.43,1710,237,1947,Tier 3,0,0
PRJ-0919,Service,Europe,DE,3334395,2157345.19,58796.23,74892.7,3393191.23,2232237.89,963,149,1112,Tier 3,5,5
PRJ-0920,Energy,Oceania,NZ,4296864,4888628.56,1017487.49,1254110.84,5314351.49,6142739.4,1706,137,1843,Tier 2,9,5
PRJ-0921,Energy,South America,AR,842618,997899.71,178105.68,261064.66,1020723.68,1258964.38,1379,108,1487,Tier 3,4,0
PRJ-0922,Service,Oceania,AU,3896216,6272999.12,423117.85,466940.48,4319333.85,6739939.61,1231,139,1370,Tier 3,4,0
PRJ-0923,Service,North America,MX,4664199,5940802.12,276416.9,391374.86,4940615.9,6332176.98,1524,189,1713,Tier 3,9,0
PRJ-0924,Energy,Europe,FR,290855,517132.24,45368.03,63778.2,336223.03,580910.45,1184,159,1343,Tier 4,5,5
PRJ-0925,Energy,North America,US,2174030,2817394.63,315980.65,381540.19,2490010.65,3198934.82,801,33,834,Tier 3,4,3
PRJ-0926,Install,Asia,JP,2368601,2313111.11,25904.51,29649.77,2394505.51,2342760.88,105,12,117,Tier 3,7,2
PRJ-0927,Energy,Asia,JP,194290,260783.3,93.68,138.46,194383.68,260921.76,366,7,373,Tier 5,8,4
PRJ-0928,Service,Europe,FR,4210838,3317512.06,940415.97,1220146.85,5151253.97,4537658.91,203,2,205,Tier 2,6,3
PRJ-0929,Service,Europe,DE,560983,970561.49,40299.06,50328.64,601282.06,1020890.13,1188,28,1216,Tier 4,2,1
PRJ-0930,Energy,South America,BR,327640,493624.44,67297.82,92839.38,394937.82,586463.82,170,23,193,Tier 4,7,2
PRJ-0931,Install,South America,BR,1890934,2735703.96,111806.73,147425.8,2002740.73,2883129.76,431,35,466,Tier 3,4,0
PRJ-0932,Energy,Oceania,NZ,1673296,2593764.53,390506.03,559088.93,2063802.03,3152853.47,1159,229,1388,Tier 3,5,1
PRJ-0933,Service,South America,AR,2491711,1979793.41,461035.31,500654.76,2952746.31,2480448.16,726,125,851,Tier 3,1,1
PRJ-0934,Install,Asia,CN,2043340,2906310.06,90995.27,104787.49,2134335.27,3011097.55,1143,57,1200,Tier 3,7,2
PRJ-0935,Service,Asia,CN,3300541,4765313.11,196278.63,218812.66,3496819.63,4984125.77,1073,192,1265,Tier 3,4,4
PRJ-0936,Install,Europe,FR,4127860,5256820.34,688027.14,739945.8,4815887.14,5996766.14,25,1,26,Tier 3,8,3
PRJ-0937,Install,Oceania,AU,3625750,5916508,511053.24,569682.71,4136803.24,6486190.71,96,3,99,Tier 3,0,0
PRJ-0938,Install,Africa,ZA,3634409,5603068.4,731946.67,930251.2,4366355.67,6533319.6,352,10,362,Tier 3,10,10
PRJ-0939,Service,North America,US,3869412,5531227.4,1056776.78,1084673.1,4926188.78,6615900.5,1279,44,1323,Tier 3,3,1
PRJ-0940,Install,Oceania,AU,3047510,5358056.36,591094.21,756550.16,3638604.21,6114606.52,1099,11,1110,Tier 3,9,0
PRJ-0941,Energy,Asia,JP,4147680,4457222.94,43408.71,43692.55,4191088.71,4500915.49,851,22,873,Tier 3,5,1
PRJ-0942,Energy,Africa,ZA,457643,517902.24,53197.33,69409.18,510840.33,587311.42,294,58,352,Tier 4,8,7
PRJ-0943,Energy,Oceania,AU,1583795,1013425.39,225049.47,270091.88,1808844.47,1283517.27,208,7,215,Tier 3,2,2
PRJ-0944,Install,Asia,CN,3331534,4624907.85,301411.13,370186.18,3632945.13,4995094.02,1547,101,1648,Tier 3,3,0
PRJ-0945,Energy,North America,US,1233832,2009756.03,260010.35,303641.28,1493842.35,2313397.31,1204,175,1379,Tier 3,1,1
PRJ-0946,Service,Oceania,NZ,137005,96978.9,17438.81,19150.07,154443.81,116128.96,979,15,994,Tier 5,10,9
PRJ-0947,Service,Asia,CN,1900931,2140109.82,392318.99,484177.08,2293249.99,2624286.9,199,28,227,Tier 3,1,1
PRJ-0948,Energy,South America,AR,615766,937181.3,83462.88,123851.39,699228.88,1061032.69,651,48,699,Tier 4,0,0
PRJ-0949,Install,Africa,ZA,2566969,3954705.98,204976.18,250623.65,2771945.18,4205329.64,1631,292,1923,Tier 3,6,0
PRJ-0950,Install,Oceania,NZ,309416,276984.21,11462.97,12795.64,320878.97,289779.84,989,121,1110,Tier 4,1,0
PRJ-0951,Install,Africa,ZA,4434928,5573491.2,1064173.96,1203016.75,5499101.96,6776507.95,1796,293,2089,Tier 2,8,5
PRJ-0952,Service,Africa,ZA,687738,449883.07,88142.83,122632.54,775880.83,572515.61,1386,114,1500,Tier 4,0,0
PRJ-0953,Install,Asia,JP,1081318,1021370.53,137769.74,167408.21,1219087.74,1188778.74,1488,276,1764,Tier 3,9,1
PRJ-0954,Install,North America,MX,4496847,4288501.27,1088256.85,1297846.55,5585103.85,5586347.82,884,162,1046,Tier 2,1,1
PRJ-0955,Service,Oceania,AU,827285,576392.04,86186.4,122951.48,913471.4,699343.52,276,26,302,Tier 4,1,1
PRJ-0956,Install,Asia,JP,3557184,4627251,40085.78,56723.83,3597269.78,4683974.83,311,42,353,Tier 3,5,1
PRJ-0957,Energy,Africa,EG,2944265,3949123.3,166670.98,214073.23,3110935.98,4163196.53,300,21,321,Tier 3,3,0
PRJ-0958,Energy,South America,BR,2046117,3149442.02,179876.56,195775.78,2225993.56,3345217.8,471,17,488,Tier 3,8,7
PRJ-0959,Energy,South America,BR,3844137,3321267.11,497035.11,728877.51,4341172.11,4050144.63,1385,264,1649,Tier 3,3,3
PRJ-0960,Install,Africa,EG,2145570,1622837.02,245458.97,285243.59,2391028.97,1908080.61,1295,27,1322,Tier 3,6,5
PRJ-0961,Install,Africa,ZA,3499726,2853452.22,743891.58,1104752.08,4243617.58,3958204.3,808,10,818,Tier 3,9,4
PRJ-0962,Energy,North America,MX,2372967,4211196.91,114501.39,147168.45,2487468.39,4358365.36,393,18,411,Tier 3,9,5
PRJ-0963,Service,Africa,EG,1844554,1703601.97,56373.27,66789.96,1900927.27,1770391.93,1555,177,1732,Tier 3,10,0
PRJ-0964,Energy,North America,MX,1577513,1454291.02,367224.46,390282.13,1944737.46,1844573.15,136,22,158,Tier 3,2,1
PRJ-0965,Service,Europe,FR,221514,299413.51,11194.83,15597.49,232708.83,315011.01,1596,70,1666,Tier 5,7,6
PRJ-0966,Install,South America,BR,1467980,1528137.31,263306.96,387792.88,1731286.96,1915930.19,1122,204,1326,Tier 3,8,0
PRJ-0967,Service,Asia,JP,3712421,3858486.28,869370.11,1108296.93,4581791.11,4966783.21,71,10,81,Tier 3,3,1
PRJ-0968,Install,North America,US,4192851,4898406.61,995289.8,1244404.32,5188140.8,6142810.92,1321,25,1346,Tier 2,10,3
PRJ-0969,Install,Asia,JP,688373,613789.49,204033.13,266974.29,892406.13,880763.78,932,168,1100,Tier 4,7,4
PRJ-0970,Energy,Africa,EG,1428512,2131681.34,236223.27,318311.68,1664735.27,2449993.02,424,0,424,Tier 3,7,5
PRJ-0971,Install,Africa,EG,2155517,1862940.3,155679.02,207484.37,2311196.02,2070424.66,1374,125,1499,Tier 3,0,0
PRJ-0972,Install,South America,AR,3246509,2899589.56,284982.98,285443.43,3531491.98,3185032.98,1129,58,1187,Tier 3,10,9
PRJ-0973,Install,North America,MX,2920095,1993074.32,102627.32,133234.13,3022722.32,2126308.45,514,46,560,Tier 3,10,3
PRJ-0974,Service,Europe,DE,4665315,4296418.34,258796.05,281198.01,4924111.05,4577616.35,1357,265,1622,Tier 3,3,2
PRJ-0975,Service,Oceania,AU,71316,45623.47,10473.86,11121.76,81789.86,56745.24,711,99,810,Tier 5,3,2
PRJ-0976,Service,Asia,CN,704248,647196.9,94119.42,96837.73,798367.42,744034.63,521,100,621,Tier 4,4,0
PRJ-0977,Install,North America,MX,436353,644597.97,26651.32,39760.12,463004.32,684358.09,256,16,272,Tier 4,10,5
PRJ-0978,Service,South America,AR,3213390,3408941.74,566954.94,763854.54,3780344.94,4172796.27,1771,334,2105,Tier 3,2,1
PRJ-0979,Energy,Europe,FR,2742989,4022638.96,57101.95,70252.63,2800090.95,4092891.59,1546,197,1743,Tier 3,0,0
PRJ-0980,Energy,Europe,FR,3904055,5329286.25,1046923.89,1259691.39,4950978.89,6588977.63,499,54,553,Tier 3,2,0
PRJ-0981,Install,Asia,CN,4234118,6578016.81,389084.12,569315.17,4623202.12,7147331.98,224,7,231,Tier 3,0,0
PRJ-0982,Service,Oceania,NZ,2099841,3696163.02,211158.26,288023.15,2310999.26,3984186.17,1671,69,1740,Tier 3,8,6
PRJ-0983,Service,Europe,FR,4954843,6930809.66,848153.12,1077438.81,5802996.12,8008248.47,897,173,1070,Tier 2,0,0
PRJ-0984,Install,Oceania,AU,331274,459861.75,32594.34,45381.27,363868.34,505243.02,262,26,288,Tier 4,2,1
PRJ-0985,Energy,Asia,CN,2425678,2192393.99,386531.13,499473.91,2812209.13,2691867.9,146,22,168,Tier 3,3,0
PRJ-0986,Install,Africa,ZA,3846164,4640199.03,894512.89,947168.72,4740676.89,5587367.75,1250,243,1493,Tier 3,4,4
PRJ-0987,Energy,Oceania,AU,4257306,7507103.71,837825.45,917068.7,5095131.45,8424172.4,1379,256,1635,Tier 2,7,0
PRJ-0988,Energy,Oceania,NZ,90740,115730.99,12309.11,12986.41,103049.11,128717.4,350,60,410,Tier 5,8,6
PRJ-0989,Install,Africa,ZA,3500058,2898714.14,336503.23,346682.51,3836561.23,3245396.64,1020,66,1086,Tier 3,6,5
PRJ-0990,Energy,Asia,JP,4246378,7585359.45,123754.1,147946.79,4370132.1,7733306.24,838,14,852,Tier 3,6,1
PRJ-0991,Service,Europe,FR,390728,438518.97,40119.65,45622.32,430847.65,484141.28,1122,213,1335,Tier 4,10,8
PRJ-0992,Energy,South America,AR,1083882,1772938.47,151114.9,197625.46,1234996.9,1970563.93,930,95,1025,Tier 3,4,2
PRJ-0993,Energy,South America,BR,640878,1118798.74,17272.57,21543.59,658150.57,1140342.33,775,49,824,Tier 4,0,0
PRJ-0994,Service,Europe,DE,695463,653648.8,204931.35,208637.61,900394.35,862286.41,1510,258,1768,Tier 4,5,0
PRJ-0995,Energy,North America,MX,3295617,4297265.39,460828.65,553252.75,3756445.65,4850518.14,1106,207,1313,Tier 3,8,6
PRJ-0996,Energy,North America,MX,3523315,5261607.78,537475.33,626362.75,4060790.33,5887970.53,1747,103,1850,Tier 3,3,3
PRJ-0997,Energy,South America,BR,4548735,7937897.71,551931.17,748526.19,5100666.17,8686423.91,263,42,305,Tier 2,0,0
PRJ-0998,Install,North America,US,3618809,4094189.03,506479.66,747339.75,4125288.66,4841528.78,1239,129,1368,Tier 3,9,3
PRJ-0999,Service,Europe,DE,372401,381052.2,64601.09,73161.85,437002.09,454214.05,767,33,800,Tier 4,5,0
PRJ-1000,Service,South America,AR,1275480,1522904.34,272629.75,402732.18,1548109.75,1925636.52,468,66,534,Tier 3,2,2
PRJ-1001,Install,Europe,FR,1648320,2047324.77,16295.94,22497.05,1664615.94,2069821.83,1811,108,1919,Tier 3,4,4
PRJ-1002,Service,Asia,CN,4604243,3706804.09,865271.02,1080710.48,5469514.02,4787514.57,1139,181,1320,Tier 2,0,0
PRJ-1003,Install,South America,AR,224189,278396.88,33342.91,46504.53,257531.91,324901.42,629,95,724,Tier 4,7,7
PRJ-1004,Install,South America,BR,2837108,4593922,370154.69,426903.01,3207262.69,5020825.02,1573,269,1842,Tier 3,10,1
PRJ-1005,Install,North America,MX,795684,1406221.72,184465.35,225955.06,980149.35,1632176.79,213,28,241,Tier 4,7,1
PRJ-1006,Energy,Oceania,NZ,3189827,3843993.75,72464.62,85985.66,3262291.62,3929979.4,334,12,346,Tier 3,0,0
PRJ-1007,Energy,Europe,FR,4068008,5991723.43,302308.72,402084.87,4370316.72,6393808.3,346,66,412,Tier 3,6,1
PRJ-1008,Service,North America,MX,108883,131357.68,30408.62,42830.5,139291.62,174188.18,1405,46,1451,Tier 5,4,0
PRJ-1009,Install,Asia,JP,3455446,5059843.7,1027594.65,1241608.44,4483040.65,6301452.13,962,120,1082,Tier 3,5,4
PRJ-1010,Energy,Asia,JP,3038514,3416997.41,696481.57,797713.3,3734995.57,4214710.71,1205,64,1269,Tier 3,6,4
PRJ-1011,Energy,South America,BR,4236010,6085927.89,1268707.01,1361899.96,5504717.01,7447827.85,1773,350,2123,Tier 2,3,2
PRJ-1012,Install,Asia,CN,3480129,2581790.48,682418.69,901456.72,4162547.69,3483247.2,262,37,299,Tier 3,4,2
PRJ-1013,Energy,Africa,ZA,4195393,6407312.29,783064.39,969536.12,4978457.39,7376848.41,779,67,846,Tier 3,2,0
PRJ-1014,Energy,North America,US,4346962,6791815.56,812804.55,1032471.74,5159766.55,7824287.3,399,23,422,Tier 2,8,6
PRJ-1015,Service,Oceania,AU,1729361,2260848.69,463086.27,663002.57,2192447.27,2923851.27,1027,128,1155,Tier 3,4,0
PRJ-1016,Service,South America,AR,1405478,2437869.95,106172.7,109548.56,1511650.7,2547418.51,103,18,121,Tier 3,6,3
PRJ-1017,Install,Oceania,NZ,679737,1029478.96,124057.91,145279.94,803794.91,1174758.9,1004,10,1014,Tier 4,9,9
PRJ-1018,Service,Asia,CN,1093269,1200555.71,193471.56,232504.05,1286740.56,1433059.76,762,50,812,Tier 3,7,3
PRJ-1019,Service,Oceania,AU,2559953,4560371.61,82486.27,98745.59,2642439.27,4659117.2,908,141,1049,Tier 3,5,5
PRJ-1020,Install,North America,MX,1240808,1340545.87,210864.42,211004.02,1451672.42,1551549.89,1007,28,1035,Tier 3,5,0
PRJ-1021,Service,North America,MX,4653237,6944086.26,434800.66,594559.34,5088037.66,7538645.6,1793,272,2065,Tier 2,8,0
PRJ-1022,Service,Asia,CN,3763213,6097731.59,704302.22,849782.41,4467515.22,6947514,295,18,313,Tier 3,6,5
PRJ-1023,Install,Africa,EG,201248,298658.64,18233.72,22063.78,219481.72,320722.42,240,39,279,Tier 5,6,5
PRJ-1024,Install,Europe,FR,876824,1273074.81,157120.46,166851.61,1033944.46,1439926.43,140,25,165,Tier 3,5,1
PRJ-1025,Install,South America,BR,649667,716390.26,97878.81,101977.14,747545.81,818367.4,1758,106,1864,Tier 4,5,1
PRJ-1026,Service,Asia,JP,588175,617248.89,172237.1,199034.03,760412.1,816282.92,949,114,1063,Tier 4,4,1
PRJ-1027,Service,North America,MX,1427392,2445240.83,404838.84,580000.36,1832230.84,3025241.19,959,56,1015,Tier 3,9,4
PRJ-1028,Energy,South America,BR,1588449,1356896.99,309299.48,375316.99,1897748.48,1732213.98,1763,91,1854,Tier 3,9,8
PRJ-1029,Energy,Oceania,NZ,539175,630166.71,85427.22,103619.11,624602.22,733785.82,89,14,103,Tier 4,0,0
PRJ-1030,Energy,North America,MX,4321890,2907678.96,727367.3,1039423.88,5049257.3,3947102.84,417,83,500,Tier 2,3,3
PRJ-1031,Install,Oceania,AU,1052267,1023474.84,294276.32,405963.73,1346543.32,1429438.56,713,45,758,Tier 3,8,2
PRJ-1032,Energy,Europe,FR,1141203,1433918.98,216420.47,238768.7,1357623.47,1672687.68,1257,111,1368,Tier 3,10,8
PRJ-1033,Energy,Africa,ZA,1952479,1555675.3,20658.24,21845.17,1973137.24,1577520.47,1018,137,1155,Tier 3,1,1
PRJ-1034,Service,South America,BR,4275458,5769100.44,237551.24,262090.67,4513009.24,6031191.1,1592,108,1700,Tier 3,5,1
PRJ-1035,Install,Africa,EG,1604048,1321696.4,197160.96,214447.3,1801208.96,1536143.71,1569,173,1742,Tier 3,9,4
PRJ-1036,Energy,Oceania,AU,1451713,1387944.46,157256.84,195315.29,1608969.84,1583259.75,1760,113,1873,Tier 3,8,5
PRJ-1037,Service,Africa,EG,1427356,1856940.13,196076.07,283592.95,1623432.07,2140533.09,1576,13,1589,Tier 3,6,1
PRJ-1038,Energy,Europe,DE,882288,1021603.88,145062.29,171989.73,1027350.29,1193593.61,1261,46,1307,Tier 3,9,2
PRJ-1039,Install,Europe,DE,1717596,1951542.69,38186.33,41467.5,1755782.33,1993010.19,1502,182,1684,Tier 3,7,0
PRJ-1040,Service,South America,BR,944121,917481.9,87819.03,115447.23,1031940.03,1032929.13,1649,45,1694,Tier 3,4,3
PRJ-1041,Install,Europe,FR,4371562,3960198.6,606149.66,714792.03,4977711.66,4674990.64,1282,103,1385,Tier 3,3,2
PRJ-1042,Install,North America,MX,1807415,1918469.85,47566.23,66011.95,1854981.23,1984481.79,1017,171,1188,Tier 3,5,4
PRJ-1043,Service,Asia,CN,3038790,4597750.41,329749.67,422636.74,3368539.67,5020387.15,783,71,854,Tier 3,5,2
PRJ-1044,Install,Africa,EG,532497,645725.04,9704.8,13430.07,542201.8,659155.11,1322,13,1335,Tier 4,0,0
PRJ-1045,Service,Oceania,AU,3489195,5663134.79,91036.6,123985.87,3580231.6,5787120.67,1787,1,1788,Tier 3,4,2
PRJ-1046,Install,South America,AR,280223,490048.28,75897.65,92615.6,356120.65,582663.88,395,70,465,Tier 4,6,1
PRJ-1047,Install,Europe,FR,4617844,6627900.79,1172461.57,1424404.55,5790305.57,8052305.33,405,35,440,Tier 2,1,1
PRJ-1048,Energy,North America,MX,3253585,4833635.28,28342.85,33514.1,3281927.85,4867149.38,220,7,227,Tier 3,4,0
PRJ-1049,Service,Oceania,NZ,2750409,4099826.36,644167.16,656339.62,3394576.16,4756165.98,1623,200,1823,Tier 3,0,0
PRJ-1050,Install,Oceania,NZ,1843629,2243492.4,374160.6,447600.78,2217789.6,2691093.18,1219,11,1230,Tier 3,8,7
PRJ-1051,Install,Europe,DE,4311513,3901517.55,848451.5,871404.92,5159964.5,4772922.47,272,26,298,Tier 2,8,8
PRJ-1052,Service,Oceania,NZ,2742953,3764051.44,751485.45,927992.99,3494438.45,4692044.43,1070,33,1103,Tier 3,1,1
PRJ-1053,Energy,Oceania,NZ,3378592,2644228.49,778566.42,1162804.12,4157158.42,3807032.61,1750,304,2054,Tier 3,2,2
PRJ-1054,Install,North America,US,3129451,3474421.04,431352.18,633681.76,3560803.18,4108102.8,357,7,364,Tier 3,10,4
PRJ-1055,Energy,Europe,DE,4577742,4565495.58,150389.04,152324.85,4728131.04,4717820.43,92,18,110,Tier 3,8,8
PRJ-1056,Service,South America,BR,225310,281337.54,66971.12,75282.67,292281.12,356620.22,246,14,260,Tier 4,6,1
PRJ-1057,Install,Oceania,AU,353192,530907.25,29633.78,44366.02,382825.78,575273.27,70,10,80,Tier 4,6,0
PRJ-1058,Install,Europe,FR,3943833,6457926.75,550854.55,802883.75,4494687.55,7260810.5,821,67,888,Tier 3,8,1
PRJ-1059,Install,North America,US,144649,178975.63,2522.63,2729.9,147171.63,181705.53,284,1,285,Tier 5,8,5
PRJ-1060,Install,South America,BR,4636048,7439826.26,644305.04,934024.95,5280353.04,8373851.2,25,0,25,Tier 2,4,1
PRJ-1061,Energy,Africa,ZA,837896,862697.19,181936.72,264289.08,1019832.72,1126986.26,623,109,732,Tier 3,3,1
PRJ-1062,Energy,Africa,ZA,1129027,1331163.2,235545.79,251221.33,1364572.79,1582384.53,1393,118,1511,Tier 3,6,5
PRJ-1063,Energy,Asia,JP,3585558,4872156.1,340822.84,398366.29,3926380.84,5270522.39,1605,307,1912,Tier 3,0,0
PRJ-1064,Service,Europe,DE,665083,798013.72,164584.62,166844.22,829667.62,964857.93,504,27,531,Tier 4,4,3
PRJ-1065,Energy,Asia,JP,325200,372484.72,97226.75,140073.51,422426.75,512558.22,137,26,163,Tier 4,3,2
PRJ-1066,Install,Oceania,NZ,3398426,3947429.48,480449.46,642860.99,3878875.46,4590290.47,1410,127,1537,Tier 3,6,2
PRJ-1067,Install,Asia,CN,1581333,1303659.26,442040.25,622299.93,2023373.25,1925959.19,773,119,892,Tier 3,5,1
PRJ-1068,Service,Oceania,NZ,407684,362070.77,117714.2,154554.06,525398.2,516624.84,1823,95,1918,Tier 4,6,3
PRJ-1069,Energy,North America,MX,452240,386348.51,13994.61,15369.75,466234.61,401718.26,1470,210,1680,Tier 4,9,8
PRJ-1070,Energy,North America,MX,572650,552736.54,46640.35,60461.9,619290.35,613198.44,321,40,361,Tier 4,6,1
PRJ-1071,Energy,Oceania,NZ,639786,537956.61,42853.26,53589.72,682639.26,591546.33,696,58,754,Tier 4,2,2
PRJ-1072,Service,Oceania,NZ,250428,246026.35,21847.13,25864.39,272275.13,271890.75,647,17,664,Tier 4,1,1
PRJ-1073,Service,North America,MX,4094786,6440195.06,600545.42,831193.99,4695331.42,7271389.05,1642,127,1769,Tier 3,4,1
PRJ-1074,Energy,Oceania,AU,3594607,2861544.19,203600,209853.6,3798207,3071397.79,1563,173,1736,Tier 3,0,0
PRJ-1075,Service,North America,US,1186971,2125180.54,310225.28,447492.38,1497196.28,2572672.92,871,3,874,Tier 3,6,3
PRJ-1076,Service,North America,US,2043039,2739641.29,217034.21,309919.88,2260073.21,3049561.17,1080,111,1191,Tier 3,8,3
PRJ-1077,Service,Asia,JP,3088237,3237676.46,631400.78,731735.73,3719637.78,3969412.19,1739,14,1753,Tier 3,10,6
PRJ-1078,Service,Europe,FR,1879945,1190693.95,118097.34,169351.1,1998042.34,1360045.05,1089,86,1175,Tier 3,4,1
PRJ-1079,Service,North America,US,1654001,1840128.06,410534.69,547313.37,2064535.69,2387441.43,401,10,411,Tier 3,4,0
PRJ-1080,Energy,Oceania,NZ,3929120,6224806.33,468782.59,490149.06,4397902.59,6714955.38,783,25,808,Tier 3,6,5
PRJ-1081,Energy,Asia,JP,4038421,6107980.85,915713.21,917659.83,4954134.21,7025640.68,1350,114,1464,Tier 3,1,1
PRJ-1082,Install,South America,AR,2310746,3454854.62,120160.51,173637.29,2430906.51,3628491.92,262,1,263,Tier 3,6,6
PRJ-1083,Service,Oceania,AU,2941288,3292347.01,12681.51,18033.69,2953969.51,3310380.7,1333,48,1381,Tier 3,5,2
PRJ-1084,Energy,South America,BR,3834685,2320191.66,918915.24,997799.01,4753600.24,3317990.67,1636,49,1685,Tier 3,3,2
PRJ-1085,Service,Africa,ZA,4001613,4089926.05,381090.19,562388.96,4382703.19,4652315.01,926,9,935,Tier 3,9,8
PRJ-1086,Install,Oceania,AU,1687100,2631230.62,383286.41,501258.35,2070386.41,3132488.98,1650,11,1661,Tier 3,0,0
PRJ-1087,Energy,Europe,FR,1527899,1341668.28,79158.82,104923.94,1607057.82,1446592.22,51,1,52,Tier 3,2,0
PRJ-1088,Service,North America,MX,167459,189377.17,18833.54,24374.13,186292.54,213751.3,1003,15,1018,Tier 5,0,0
PRJ-1089,Energy,South America,AR,1423361,1672107.69,340866.75,502058.94,1764227.75,2174166.62,141,27,168,Tier 3,10,4
PRJ-1090,Service,South America,BR,2601377,3882384,698779.7,828894.19,3300156.7,4711278.19,1049,78,1127,Tier 3,4,1
PRJ-1091,Energy,Asia,CN,3039194,3247464.14,493695.11,729307.46,3532889.11,3976771.6,1407,263,1670,Tier 3,10,2
PRJ-1092,Service,North America,US,3085364,3197872.38,630491.44,663096.5,3715855.44,3860968.88,596,32,628,Tier 3,2,2
PRJ-1093,Energy,North America,MX,690544,866200.06,129424.33,170024.34,819968.33,1036224.4,510,11,521,Tier 4,8,8
PRJ-1094,Energy,South America,AR,2500459,2360789.65,475257.97,686210.91,2975716.97,3047000.56,1277,77,1354,Tier 3,3,1
PRJ-1095,Service,Oceania,AU,128931,123702.74,21679.23,27646.34,150610.23,151349.08,440,10,450,Tier 5,5,5
PRJ-1096,Install,South America,BR,2098202,1972158.78,180131.73,221647.48,2278333.73,2193806.26,1476,208,1684,Tier 3,9,0
PRJ-1097,Energy,Europe,FR,2408910,3698733.84,492060.66,635465.67,2900970.66,4334199.51,1597,80,1677,Tier 3,4,3
PRJ-1098,Energy,North America,US,3216899,4731097.46,863657.11,1024801.45,4080556.11,5755898.91,1203,70,1273,Tier 3,3,3
PRJ-1099,Energy,Asia,JP,4010247,7104947.71,685200.28,937244.05,4695447.28,8042191.77,731,60,791,Tier 3,6,3
PRJ-1100,Energy,North America,US,1646256,2884513.34,109690.46,157159.88,1755946.46,3041673.22,1822,6,1828,Tier 3,7,6
PRJ-1101,Install,South America,AR,1926816,3002108.31,57055.66,84064.72,1983871.66,3086173.03,1459,101,1560,Tier 3,4,1
PRJ-1102,Energy,Europe,FR,4483742,5946487.15,661080.78,865406.89,5144822.78,6811894.04,1639,189,1828,Tier 2,4,4
PRJ-1103,Install,Asia,JP,2204021,2364238.59,161942.5,169804.93,2365963.5,2534043.53,1148,112,1260,Tier 3,5,5
PRJ-1104,Energy,South America,AR,2493880,3596968.89,727928.23,1056877.86,3221808.23,4653846.75,1186,128,1314,Tier 3,10,10
PRJ-1105,Energy,Europe,DE,1883355,2144663.96,98032.86,115607.98,1981387.86,2260271.94,1076,167,1243,Tier 3,7,1
PRJ-1106,Install,Asia,JP,3383211,5489000.84,387627.56,551718.3,3770838.56,6040719.14,349,68,417,Tier 3,9,3
PRJ-1107,Service,South America,AR,1215608,1310532.81,152876.11,196954.04,1368484.11,1507486.85,1587,186,1773,Tier 3,1,0
PRJ-1108,Install,Asia,CN,2544831,2994877.25,246131.9,330713.67,2790962.9,3325590.92,829,59,888,Tier 3,6,0
PRJ-1109,Energy,South America,BR,1052933,1150099.73,24288.97,32469.59,1077221.97,1182569.32,264,24,288,Tier 3,1,0
PRJ-1110,Energy,North America,MX,4162736,4341350.04,789420.5,1164847.47,4952156.5,5506197.5,845,160,1005,Tier 3,0,0
PRJ-1111,Install,Africa,ZA,4809918,6809753.14,719630.96,848551.69,5529548.96,7658304.83,1417,216,1633,Tier 2,1,0
PRJ-1112,Service,Asia,JP,2414452,3273205.21,606800,676769.57,3021252,3949974.79,261,28,289,Tier 3,6,3
PRJ-1113,Service,Europe,DE,2606753,3617812.64,581133.83,635017.33,3187886.83,4252829.97,400,33,433,Tier 3,0,0
PRJ-1114,Service,South America,BR,2453273,3360564.48,552570.16,754965.89,3005843.16,4115530.38,1481,223,1704,Tier 3,1,0
PRJ-1115,Service,North America,MX,1211684,2055844.48,207632.49,231072.61,1419316.49,2286917.09,1800,112,1912,Tier 3,7,6
PRJ-1116,Install,Africa,ZA,1110866,1187604.38,162871.99,172675.62,1273737.99,1360279.99,18,1,19,Tier 3,5,5
PRJ-1117,Install,Asia,CN,2122008,1559762.96,412043.83,422444.94,2534051.83,1982207.9,614,102,716,Tier 3,6,0
PRJ-1118,Install,North America,MX,1594882,1776126.88,373328.06,484512.33,1968210.06,2260639.21,1655,307,1962,Tier 3,3,2
PRJ-1119,Install,North America,US,1477603,1318894.24,97180.97,131060.12,1574783.97,1449954.36,1358,86,1444,Tier 3,2,1
PRJ-1120,Service,South America,AR,972435,640363.1,253957.67,375872.64,1226392.67,1016235.73,325,62,387,Tier 3,5,1
PRJ-1121,Energy,Europe,FR,3294790,4437657.96,720656.91,788622.79,4015446.91,5226280.76,538,38,576,Tier 3,6,6
PRJ-1122,Service,Europe,FR,4686291,7135394.03,1007133.22,1331956.43,5693424.22,8467350.45,866,75,941,Tier 2,3,3
PRJ-1123,Service,Europe,DE,3889590,3806907.41,561271.34,673367.78,4450861.34,4480275.19,1106,211,1317,Tier 3,1,0
PRJ-1124,Energy,South America,BR,3722632,6270218.37,835418.96,888283.2,4558050.96,7158501.57,1504,255,1759,Tier 3,6,6
PRJ-1125,Service,Europe,DE,1902949,3188428.79,550967.61,709600.4,2453916.61,3898029.2,1655,95,1750,Tier 3,10,10
PRJ-1126,Energy,North America,US,2949630,2468639.29,42355,51356.54,2991985,2519995.82,1782,82,1864,Tier 3,8,8
PRJ-1127,Service,North America,US,3898599,6826065.65,899763.55,1146457.43,4798362.55,7972523.08,1480,233,1713,Tier 3,1,0
PRJ-1128,Energy,Oceania,NZ,2695062,2401913.35,423038.95,548492.9,3118100.95,2950406.24,1114,146,1260,Tier 3,2,2
PRJ-1129,Service,Asia,JP,2947337,4054143.32,237763.23,286948.06,3185100.23,4341091.38,106,18,124,Tier 3,2,0
PRJ-1130,Energy,North America,MX,4037879,5065566.03,445450.95,475084.46,4483329.95,5540650.49,501,26,527,Tier 3,1,1
PRJ-1131,Service,Asia,CN,1827730,3227230.21,28329.56,33022.52,1856059.56,3260252.73,1188,3,1191,Tier 3,0,0
PRJ-1132,Service,Asia,CN,1201251,786471.77,243873.67,345215.58,1445124.67,1131687.35,1784,338,2122,Tier 3,3,3
PRJ-1133,Energy,Oceania,AU,3343844,3723243.61,92701.49,120884.6,3436545.49,3844128.21,930,127,1057,Tier 3,9,9
PRJ-1134,Service,Africa,EG,4369204,2652571.32,877537.31,1148337.48,5246741.31,3800908.8,507,50,557,Tier 2,3,3
PRJ-1135,Energy,North America,US,4232909,3553926.87,232380.76,346093.78,4465289.76,3900020.65,1632,101,1733,Tier 3,4,1
PRJ-1136,Service,Asia,JP,419884,568262.35,92507.45,112769.75,512391.45,681032.1,924,136,1060,Tier 4,6,2
PRJ-1137,Install,Asia,JP,3408077,3415075.67,609753.76,645976.19,4017830.76,4061051.86,365,68,433,Tier 3,9,3
PRJ-1138,Energy,Oceania,AU,3474606,3116006.52,494838.95,555368.7,3969444.95,3671375.22,1634,133,1767,Tier 3,4,0
PRJ-1139,Energy,Africa,ZA,1178177,1761960.9,237102,290419.57,1415279,2052380.47,1177,57,1234,Tier 3,0,0
PRJ-1140,Service,North America,MX,1192323,1745994.3,195116.8,241900.11,1387439.8,1987894.42,1150,163,1313,Tier 3,10,1
PRJ-1141,Energy,South America,BR,1534960,1108294.72,357134.52,415755.37,1892094.52,1524050.09,1178,112,1290,Tier 3,7,1
PRJ-1142,Energy,Oceania,AU,4293645,3026839.98,143391.17,189847.06,4437036.17,3216687.04,399,77,476,Tier 3,9,6
PRJ-1143,Install,North America,US,4158687,3316251.3,729823.4,770801.6,4888510.4,4087052.91,1026,103,1129,Tier 3,7,0
PRJ-1144,Energy,Asia,JP,409211,380151.36,51272.37,55470.34,460483.37,435621.7,385,41,426,Tier 4,5,4
PRJ-1145,Install,Africa,ZA,856939,1199817.04,41267.15,43691.51,898206.15,1243508.55,199,25,224,Tier 4,4,3
PRJ-1146,Energy,Oceania,NZ,2154203,2739973.86,332910,377895.08,2487113,3117868.94,370,48,418,Tier 3,6,3
PRJ-1147,Install,Africa,ZA,4864306,3077176.45,493618.72,670774.77,5357924.72,3747951.22,173,2,175,Tier 2,7,6
PRJ-1148,Service,Asia,JP,3073248,5434000.74,66750.91,87481.05,3139998.91,5521481.79,1178,9,1187,Tier 3,5,3
PRJ-1149,Install,North America,MX,1810933,1520088.48,126406.57,142984.92,1937339.57,1663073.4,343,37,380,Tier 3,7,3
PRJ-1150,Install,Africa,EG,2189548,1386304.19,510111.46,564969.01,2699659.46,1951273.2,183,2,185,Tier 3,0,0
PRJ-1151,Energy,Africa,ZA,319713,235978.74,25527.3,26413.17,345240.3,262391.9,1067,86,1153,Tier 4,2,2
PRJ-1152,Energy,South America,AR,1420817,1920535.14,104933.03,155416.69,1525750.03,2075951.83,983,16,999,Tier 3,5,4
PRJ-1153,Install,Oceania,NZ,670216,728844.64,109035.1,116096.57,779251.1,844941.21,482,18,500,Tier 4,4,1
PRJ-1154,Energy,Europe,DE,2211787,1472857.04,646468.38,848969.57,2858255.38,2321826.61,450,64,514,Tier 3,3,0
PRJ-1155,Energy,Oceania,NZ,1934718,1618954.6,438125.23,573206.49,2372843.23,2192161.09,247,11,258,Tier 3,0,0
PRJ-1156,Install,South America,BR,1957397,2041589.33,98982.06,106584.39,2056379.06,2148173.73,297,43,340,Tier 3,9,6
PRJ-1157,Energy,Oceania,NZ,3518784,3165570.76,600091.42,816826.57,4118875.42,3982397.34,914,4,918,Tier 3,2,1
PRJ-1158,Install,Asia,JP,4653951,7016389.46,760429.2,869738.83,5414380.2,7886128.28,1202,185,1387,Tier 2,8,2
PRJ-1159,Service,Africa,EG,908830,1112573.68,30886.71,44082.44,939716.71,1156656.12,433,58,491,Tier 4,1,0
PRJ-1160,Service,Oceania,AU,2240738,3249465.04,632297.95,861635.08,2873035.95,4111100.11,197,36,233,Tier 3,6,1
PRJ-1161,Install,Europe,FR,3684625,3784934.09,494248.65,718483.33,4178873.65,4503417.43,1694,69,1763,Tier 3,10,0
PRJ-1162,Install,North America,MX,3839515,3051133.93,1017059.92,1312169.78,4856574.92,4363303.71,76,11,87,Tier 3,9,5
PRJ-1163,Install,Africa,EG,2445212,4169718.24,342566.49,469630.8,2787778.49,4639349.04,1430,249,1679,Tier 3,2,1
PRJ-1164,Install,Europe,FR,354485,473995.81,104738.03,111694.1,459223.03,585689.91,1671,267,1938,Tier 4,4,0
PRJ-1165,Energy,Oceania,AU,3932373,5442926.35,937145.06,1088517.14,4869518.06,6531443.49,543,76,619,Tier 3,7,6
PRJ-1166,Install,North America,MX,2935355,3709460.09,34747.61,47942.68,2970102.61,3757402.77,1528,54,1582,Tier 3,2,1
PRJ-1167,Service,Asia,CN,3944555,5825273.2,293899.14,410257.73,4238454.14,6235530.93,1751,333,2084,Tier 3,1,0
PRJ-1168,Install,South America,AR,931617,1186857.93,33488.14,40892.89,965105.14,1227750.83,220,16,236,Tier 4,2,2
PRJ-1169,Energy,North America,US,1302894,1997374.37,177663.66,231310.44,1480557.66,2228684.81,1253,102,1355,Tier 3,8,2
PRJ-1170,Install,Asia,CN,480970,646866.06,115458.21,171606.28,596428.21,818472.35,639,103,742,Tier 4,5,5
PRJ-1171,Install,South America,BR,229541,151379.06,51019.92,71114.95,280560.92,222494.02,812,90,902,Tier 4,2,2
PRJ-1172,Energy,Europe,DE,4010704,6821186.02,1090342.12,1614242.82,5101046.12,8435428.84,510,71,581,Tier 2,2,2
PRJ-1173,Energy,Asia,CN,3521908,5950231.05,191776.94,230759.32,3713684.94,6180990.38,471,71,542,Tier 3,1,1
PRJ-1174,Service,Africa,EG,4822291,3341265.16,239686.3,283088.23,5061977.3,3624353.39,236,44,280,Tier 2,10,8
PRJ-1175,Energy,Oceania,AU,3757931,4346427.68,599386.43,771209.89,4357317.43,5117637.57,786,63,849,Tier 3,10,3
PRJ-1176,Energy,Europe,DE,1820916,1817454.06,244412.5,314879.94,2065328.5,2132334,581,11,592,Tier 3,3,3
PRJ-1177,Install,Europe,DE,1648617,2112833.57,189251.6,265295.12,1837868.6,2378128.69,552,69,621,Tier 3,7,4
PRJ-1178,Install,North America,US,929939,1584765.57,144057.87,180973.42,1073996.87,1765739,1337,0,1337,Tier 3,10,5
PRJ-1179,Energy,Europe,FR,2880814,3970160.01,224937.12,245369.77,3105751.12,4215529.78,1169,1,1170,Tier 3,10,0
PRJ-1180,Service,Asia,JP,504516,313852.09,23544.97,32401.24,528060.97,346253.33,1567,68,1635,Tier 4,0,0
PRJ-1181,Install,Africa,ZA,625485,1043597.04,14210.11,20283.57,639695.11,1063880.61,917,21,938,Tier 4,9,5
PRJ-1182,Install,Oceania,NZ,2510830,2968764.03,609991.08,758733.92,3120821.08,3727497.95,1333,96,1429,Tier 3,4,2
PRJ-1183,Install,North America,US,4852935,6669865.42,1377923.64,2061706.61,6230858.64,8731572.03,978,145,1123,Tier 2,4,1
PRJ-1184,Service,Europe,DE,2577492,1547883.87,487836.03,557430.08,3065328.03,2105313.94,1494,80,1574,Tier 3,10,1
PRJ-1185,Service,Europe,DE,837975,954496.46,120039.55,136858.65,958014.55,1091355.11,1571,117,1688,Tier 4,7,6
PRJ-1186,Install,North America,MX,4885366,6888794.68,800665.45,1138015.92,5686031.45,8026810.6,48,9,57,Tier 2,3,1
PRJ-1187,Install,Oceania,AU,3896371,3399484.47,1093634.15,1367638.13,4990005.15,4767122.6,1618,244,1862,Tier 3,9,1
PRJ-1188,Energy,North America,MX,2241583,1408069.55,300943.15,403320.07,2542526.15,1811389.62,1281,236,1517,Tier 3,5,0
PRJ-1189,Install,Oceania,NZ,3788091,4137171.54,387262.82,557526.71,4175353.82,4694698.25,965,30,995,Tier 3,8,5
PRJ-1190,Service,Oceania,AU,4098109,5532079.52,184518.38,225644.5,4282627.38,5757724.02,1025,68,1093,Tier 3,1,1
PRJ-1191,Install,Oceania,NZ,879048,873781.26,60008.7,84963.6,939056.7,958744.86,1596,87,1683,Tier 4,1,0
PRJ-1192,Service,North America,US,2523772,4454273.68,68483.31,81869.96,2592255.31,4536143.64,103,1,104,Tier 3,4,1
PRJ-1193,Install,Oceania,NZ,264966,277544.25,39994.86,53446.76,304960.86,330991.01,754,106,860,Tier 4,9,8
PRJ-1194,Energy,North America,MX,4420064,3827968.88,531297.68,708865.4,4951361.68,4536834.28,1644,286,1930,Tier 3,5,2
PRJ-1195,Service,South America,BR,1401188,1838271.26,237949.51,253635.69,1639137.51,2091906.95,553,64,617,Tier 3,5,3
PRJ-1196,Install,Asia,CN,1933295,1504458.99,555699.67,594775.19,2488994.67,2099234.18,1187,33,1220,Tier 3,2,2
PRJ-1197,Install,South America,AR,2368100,2948377.21,497637.43,628407.43,2865737.43,3576784.64,306,19,325,Tier 3,6,6
PRJ-1198,Energy,North America,MX,1242506,2079387.46,134731.93,186125.28,1377237.93,2265512.74,1393,23,1416,Tier 3,9,7
PRJ-1199,Service,Europe,DE,2445758,2692341.84,571581.88,764713.72,3017339.88,3457055.56,1120,213,1333,Tier 3,7,0
PRJ-1200,Service,Asia,CN,3432074,3663653.33,986742.96,1303418.18,4418816.96,4967071.5,1536,166,1702,Tier 3,5,5
PRJ-1201,Service,North America,US,3161899,3782941.4,759829.52,848099.86,3921728.52,4631041.26,640,25,665,Tier 3,1,1
PRJ-1202,Energy,South America,AR,2134964,2691817.65,21559.04,25597.63,2156523.04,2717415.28,799,128,927,Tier 3,1,1
PRJ-1203,Service,Asia,JP,2952208,2480888.29,733304.7,1089261.41,3685512.7,3570149.7,262,51,313,Tier 3,8,0
PRJ-1204,Energy,Asia,CN,2913961,4460327.33,644916.45,874578.94,3558877.45,5334906.28,1727,344,2071,Tier 3,5,3
PRJ-1205,Energy,Oceania,AU,1663904,2283574.52,25160.34,26465.19,1689064.34,2310039.7,403,56,459,Tier 3,9,7
PRJ-1206,Service,Oceania,AU,465922,446246.56,131382.87,143219.27,597304.87,589465.84,613,93,706,Tier 4,0,0
PRJ-1207,Service,North America,US,3809972,6290363.97,946495.49,1241414.71,4756467.49,7531778.67,1052,190,1242,Tier 3,9,3
PRJ-1208,Service,Europe,DE,1893037,1696049.92,18632.97,20245.66,1911669.97,1716295.59,1453,124,1577,Tier 3,2,1
PRJ-1209,Service,Africa,EG,2966718,2283422.96,408314.73,420846.78,3375032.73,2704269.74,645,79,724,Tier 3,7,7
PRJ-1210,Install,North America,MX,4065861,2709183.06,393113.64,483598.46,4458974.64,3192781.52,472,57,529,Tier 3,0,0
PRJ-1211,Service,Asia,CN,332721,491490.37,93007.81,93290.79,425728.81,584781.16,298,18,316,Tier 4,9,3
PRJ-1212,Service,Africa,ZA,105757,92932.96,18353.7,21498.12,124110.7,114431.08,483,64,547,Tier 5,9,6
PRJ-1213,Energy,Europe,DE,446385,480543.06,108724.9,137885.96,555109.9,618429.02,365,65,430,Tier 4,8,0
PRJ-1214,Install,Asia,JP,2692532,3568020.99,741762.55,1034094.46,3434294.55,4602115.45,414,54,468,Tier 3,6,6
PRJ-1215,Install,Europe,DE,3817874,5339223.3,703273.55,901720.59,4521147.55,6240943.88,571,79,650,Tier 3,7,0
PRJ-1216,Service,Asia,CN,2213599,1479643.79,297550.47,388020.5,2511149.47,1867664.29,766,120,886,Tier 3,10,8
PRJ-1217,Install,Oceania,AU,3978223,5980023.37,684429.39,695484.47,4662652.39,6675507.84,360,45,405,Tier 3,6,4
PRJ-1218,Energy,Europe,DE,2276062,2700038.41,398081.68,460707.14,2674143.68,3160745.55,1582,177,1759,Tier 3,2,2
PRJ-1219,Energy,Africa,EG,4850376,8008944.47,935192.19,1241368.39,5785568.19,9250312.86,750,69,819,Tier 2,5,0
PRJ-1220,Energy,Asia,CN,2711201,4434875.97,303545.09,350683.52,3014746.09,4785559.48,767,139,906,Tier 3,1,0
PRJ-1221,Install,Europe,DE,2427120,2283830.12,581319.13,766914.52,3008439.13,3050744.63,911,151,1062,Tier 3,2,2
PRJ-1222,Install,South America,BR,753215,732874.01,66303.88,90229.88,819518.88,823103.89,1239,234,1473,Tier 4,0,0
PRJ-1223,Install,Africa,ZA,2062746,3373074.25,464538.79,669722.82,2527284.79,4042797.07,1208,72,1280,Tier 3,6,6
PRJ-1224,Energy,Oceania,AU,1787557,2370969.1,143755.6,208666.52,1931312.6,2579635.61,658,34,692,Tier 3,6,5
PRJ-1225,Install,Asia,CN,3094944,4322895.73,616279.36,731031.61,3711223.36,5053927.34,1336,266,1602,Tier 3,0,0
PRJ-1226,Energy,South America,AR,2478679,3209019.3,315370.44,469879.04,2794049.44,3678898.34,930,171,1101,Tier 3,4,1
PRJ-1227,Service,North America,MX,4449355,3924622.27,963830.27,1272067.59,5413185.27,5196689.85,1487,191,1678,Tier 2,1,0
PRJ-1228,Install,Africa,EG,4470233,2835027.34,758965.31,843461.17,5229198.31,3678488.51,753,13,766,Tier 2,0,0
PRJ-1229,Install,South America,AR,3091148,2520970.71,138955.49,193921.91,3230103.49,2714892.62,733,31,764,Tier 3,10,10
PRJ-1230,Energy,Africa,EG,2287994,3849497.67,441041.36,630378.33,2729035.36,4479876,254,35,289,Tier 3,9,2
PRJ-1231,Install,Asia,JP,1827840,3183062.52,82052.74,115198.63,1909892.74,3298261.15,1076,55,1131,Tier 3,4,1
PRJ-1232,Install,South America,AR,4581750,6847452.01,660296.22,734839.25,5242046.22,7582291.25,1223,39,1262,Tier 2,1,0
PRJ-1233,Install,South America,BR,1854292,2935767.76,553957.39,792031.35,2408249.39,3727799.11,136,22,158,Tier 3,9,6
PRJ-1234,Energy,Africa,EG,2935284,2213753.24,53731.33,73532.94,2989015.33,2287286.19,91,8,99,Tier 3,10,6
PRJ-1235,Energy,Oceania,AU,4541078,3793732.79,677233.04,894526.76,5218311.04,4688259.55,667,62,729,Tier 2,3,3
PRJ-1236,Install,Asia,JP,1379127,1913776.59,170694.07,204189.02,1549821.07,2117965.61,1823,80,1903,Tier 3,5,2
PRJ-1237,Service,North America,MX,990105,1497487.12,103650.63,110177.96,1093755.63,1607665.08,246,43,289,Tier 3,2,0
PRJ-1238,Service,Europe,DE,1085366,1479673.68,209860.32,234597.33,1295226.32,1714271.01,100,17,117,Tier 3,1,0
PRJ-1239,Service,South America,BR,1068440,1904136.88,273173.97,369716.06,1341613.97,2273852.95,256,14,270,Tier 3,0,0
PRJ-1240,Service,North America,US,2722421,4239410.63,747151.88,997041.98,3469572.88,5236452.61,69,6,75,Tier 3,0,0
PRJ-1241,Service,Oceania,AU,2009550,3513403.53,398631.23,439742.93,2408181.23,3953146.46,172,21,193,Tier 3,2,1
PRJ-1242,Service,Europe,DE,1020387,1502054.42,4351.68,6399.33,1024738.68,1508453.75,1150,139,1289,Tier 3,2,2
PRJ-1243,Install,Asia,CN,265356,283167.8,76470.57,80255.83,341826.57,363423.63,836,7,843,Tier 4,5,4
PRJ-1244,Energy,Oceania,NZ,2550042,2939129.41,22954.3,29485.2,2572996.3,2968614.61,1601,19,1620,Tier 3,4,2
PRJ-1245,Service,Africa,EG,1026106,1534379.32,112199.33,144618.27,1138305.33,1678997.59,342,40,382,Tier 3,2,0
PRJ-1246,Service,Europe,DE,2555687,3695253.94,499335.28,509483.45,3055022.28,4204737.39,814,142,956,Tier 3,7,5
PRJ-1247,Energy,Africa,ZA,4191793,5309981.07,994844.85,1091668.74,5186637.85,6401649.81,108,10,118,Tier 2,3,1
PRJ-1248,Service,Europe,FR,4705599,3491968.64,22301.87,27029.01,4727900.87,3518997.65,799,88,887,Tier 3,5,3
PRJ-1249,Service,Europe,FR,3652695,6230502.64,898243.97,971731.8,4550938.97,7202234.44,166,18,184,Tier 3,10,1
PRJ-1250,Install,Oceania,NZ,1926470,1298013.18,147461.67,172426.87,2073931.67,1470440.05,377,69,446,Tier 3,5,3
PRJ-1251,Service,South America,BR,1324534,1005703.06,246943.82,259562.26,1571477.82,1265265.32,397,66,463,Tier 3,10,1
PRJ-1252,Service,South America,AR,2328801,1982614.45,618073.04,813369.32,2946874.04,2795983.77,1231,220,1451,Tier 3,1,0
PRJ-1253,Install,Africa,ZA,3007569,4214467.32,99643.6,105569.23,3107212.6,4320036.54,1012,191,1203,Tier 3,2,1
PRJ-1254,Service,North America,MX,4913270,7567958.83,1113372.51,1569161.64,6026642.51,9137120.47,691,14,705,Tier 2,1,1
PRJ-1255,Service,South America,AR,4692458,4936118.02,935015.98,1389492.85,5627473.98,6325610.87,1263,243,1506,Tier 2,1,0
PRJ-1256,Service,Africa,ZA,397524,695232.15,18946.85,26959.87,416470.85,722192.03,1710,117,1827,Tier 4,8,2
PRJ-1257,Service,Africa,ZA,3053109,5414334.71,708852.62,972404.08,3761961.62,6386738.79,621,39,660,Tier 3,3,0
PRJ-1258,Service,South America,BR,1103442,1584083.49,68489.87,82642.68,1171931.87,1666726.18,207,24,231,Tier 3,10,9
PRJ-1259,Energy,Africa,ZA,969642,1019547.06,274555.89,336988.63,1244197.89,1356535.69,1429,65,1494,Tier 3,9,8
PRJ-1260,Install,Asia,JP,989556,923301.07,290447.87,357432.66,1280003.87,1280733.72,1265,110,1375,Tier 3,7,1
PRJ-1261,Install,Asia,JP,1565748,1744153.68,270166.19,393978.24,1835914.19,2138131.92,1121,90,1211,Tier 3,7,0
PRJ-1262,Energy,Asia,CN,4842999,5691448.2,315240.53,411999.09,5158239.53,6103447.29,231,9,240,Tier 2,10,5
PRJ-1263,Energy,Europe,DE,4638478,5746404,1038632.4,1429466.65,5677110.4,7175870.65,1120,79,1199,Tier 2,7,3
PRJ-1264,Service,Africa,EG,4310230,4862609.88,184959.73,264117.83,4495189.73,5126727.71,668,95,763,Tier 3,7,1
PRJ-1265,Install,North America,US,2802431,1925482.24,213004.11,300367.28,3015435.11,2225849.52,1351,236,1587,Tier 3,1,0
PRJ-1266,Energy,Asia,JP,3238261,4078754.78,374436.93,478743.49,3612697.93,4557498.28,402,79,481,Tier 3,9,4
PRJ-1267,Service,Asia,JP,3608419,3277180.74,288695.3,337514.82,3897114.3,3614695.56,1278,173,1451,Tier 3,6,5
PRJ-1268,Energy,Asia,CN,2618851,3627487.75,141196.87,174342.9,2760047.87,3801830.65,1110,183,1293,Tier 3,10,4
PRJ-1269,Service,Africa,EG,4562147,6299400.76,328542.98,428604.84,4890689.98,6728005.59,1330,35,1365,Tier 3,7,1
PRJ-1270,Energy,Oceania,NZ,4958494,4733122.45,59567.23,65721.2,5018061.23,4798843.66,1075,153,1228,Tier 2,10,4
PRJ-1271,Energy,North America,MX,3472870,2748377.4,373920.36,407476.92,3846790.36,3155854.32,1427,32,1459,Tier 3,10,0
PRJ-1272,Service,South America,AR,972187,1599895.18,148370.99,174568.22,1120557.99,1774463.41,205,38,243,Tier 3,10,8
PRJ-1273,Energy,South America,BR,4860030,8382419.22,979775.75,1421051.28,5839805.75,9803470.51,438,38,476,Tier 2,0,0
PRJ-1274,Energy,South America,AR,2631857,1902005.69,277178.08,315443.41,2909035.08,2217449.1,758,55,813,Tier 3,2,0
PRJ-1275,Energy,Africa,ZA,1639201,2594067.61,9128.39,11847.22,1648329.39,2605914.83,381,72,453,Tier 3,2,2
PRJ-1276,Energy,South America,AR,1473550,2444865.86,108004.09,141460.37,1581554.09,2586326.22,1334,110,1444,Tier 3,6,6
PRJ-1277,Install,Africa,ZA,2466365,2705585.78,574241.03,822389.67,3040606.03,3527975.45,1702,210,1912,Tier 3,10,9
PRJ-1278,Energy,Europe,FR,587513,511895.55,108548.27,112424.37,696061.27,624319.92,1312,63,1375,Tier 4,7,5
PRJ-1279,Service,Africa,EG,1181690,1302676.53,173785.77,230465.98,1355475.77,1533142.51,1215,82,1297,Tier 3,10,5
PRJ-1280,Install,South America,BR,4973695,8944067.1,1252582.32,1842374.09,6226277.32,10786441.18,1155,128,1283,Tier 2,2,1
PRJ-1281,Install,Europe,FR,2013445,2618723.94,462878.93,543717.49,2476323.93,3162441.43,74,6,80,Tier 3,0,0
PRJ-1282,Service,Asia,JP,587925,914304.3,81793.92,96451.2,669718.92,1010755.5,594,26,620,Tier 4,7,6
PRJ-1283,Energy,South America,BR,4607583,2927244.03,453755.53,630519.18,5061338.53,3557763.21,292,54,346,Tier 2,3,1
PRJ-1284,Service,Oceania,NZ,4545391,4394509.16,1275329.87,1672287.69,5820720.87,6066796.85,1578,47,1625,Tier 2,4,1
PRJ-1285,Energy,Asia,JP,4903441,6791994.8,393851.1,486020.42,5297292.1,7278015.22,596,113,709,Tier 2,7,6
PRJ-1286,Energy,Asia,JP,385890,547492.67,85241.02,104389.13,471131.02,651881.8,100,3,103,Tier 4,2,2
PRJ-1287,Service,Oceania,AU,3811267,5006281.78,909237.02,1277113.31,4720504.02,6283395.09,519,41,560,Tier 3,2,0
PRJ-1288,Service,North America,MX,4475155,3546837.52,213316.56,230482.09,4688471.56,3777319.61,1490,173,1663,Tier 3,0,0
PRJ-1289,Energy,North America,US,4764827,6113591.65,1170317.37,1198262.34,5935144.37,7311854,1585,254,1839,Tier 2,2,1
PRJ-1290,Install,Asia,JP,2774380,2723094.6,567084.73,642063.65,3341464.73,3365158.25,1231,28,1259,Tier 3,3,2
PRJ-1291,Energy,South America,AR,3159745,1930547.74,506094.08,652170.02,3665839.08,2582717.77,1256,131,1387,Tier 3,6,1
PRJ-1292,Install,Africa,EG,1754880,2673394.97,414620.24,415361.54,2169500.24,3088756.52,819,105,924,Tier 3,0,0
PRJ-1293,Install,Asia,CN,1770651,1607752.07,297505.96,426751.48,2068156.96,2034503.55,1457,74,1531,Tier 3,9,8
PRJ-1294,Energy,South America,AR,1736521,1915540.5,338722.94,484483.47,2075243.94,2400023.97,1292,78,1370,Tier 3,10,7
PRJ-1295,Install,South America,BR,3645068,2356246.07,796428.28,978645.4,4441496.28,3334891.47,55,2,57,Tier 3,7,3
PRJ-1296,Install,South America,BR,883258,1206679.25,143112.27,185108.91,1026370.27,1391788.16,1224,126,1350,Tier 3,0,0
PRJ-1297,Service,Europe,FR,3757030,3927984.94,621582.99,692633.99,4378612.99,4620618.93,1419,163,1582,Tier 3,2,2
PRJ-1298,Install,Africa,ZA,3748667,5669824.95,524131.42,704600.88,4272798.42,6374425.84,681,92,773,Tier 3,1,0
PRJ-1299,Install,Oceania,AU,4523259,7248018.08,808266.52,1203047.85,5331525.52,8451065.93,116,11,127,Tier 2,7,0
PRJ-1300,Service,Oceania,AU,913598,1405636.58,75980.07,82358.52,989578.07,1487995.11,1500,136,1636,Tier 4,0,0
PRJ-1301,Energy,Africa,EG,1626358,1660654.36,87025.05,96326.19,1713383.05,1756980.56,1704,171,1875,Tier 3,7,7
PRJ-1302,Service,Africa,ZA,3391340,5321519.85,968789.37,998257.99,4360129.37,6319777.84,741,52,793,Tier 3,7,1
PRJ-1303,Energy,Africa,EG,2590581,3201762,380558.46,547588.06,2971139.46,3749350.06,1041,88,1129,Tier 3,1,0
PRJ-1304,Energy,Asia,CN,4946035,4945026.87,678654.78,883130.21,5624689.78,5828157.08,1150,17,1167,Tier 2,0,0
PRJ-1305,Service,North America,US,4745226,6434729.41,1180082.29,1384484.76,5925308.29,7819214.16,201,6,207,Tier 2,8,8
PRJ-1306,Install,Africa,ZA,3304869,5333197.52,316461.68,472788.72,3621330.68,5805986.24,1425,77,1502,Tier 3,6,4
PRJ-1307,Install,Europe,DE,3861442,4485280.75,937532.97,1107918.37,4798974.97,5593199.13,387,49,436,Tier 3,0,0
PRJ-1308,Install,Africa,ZA,3915487,2452542.59,294776.68,325454.39,4210263.68,2777996.97,1820,64,1884,Tier 3,0,0
PRJ-1309,Service,Africa,ZA,458685,298874.77,108308.84,136130.03,566993.84,435004.79,1353,45,1398,Tier 4,7,5
PRJ-1310,Install,South America,AR,2865549,3716377.87,189609.2,260620.56,3055158.2,3976998.44,1590,233,1823,Tier 3,0,0
PRJ-1311,Service,Asia,CN,2795810,4554944.21,135381.7,166749.57,2931191.7,4721693.79,1810,213,2023,Tier 3,3,2
PRJ-1312,Energy,North America,MX,997754,1355634.8,184734.74,214298.53,1182488.74,1569933.33,1032,118,1150,Tier 3,7,4
PRJ-1313,Energy,Oceania,NZ,3325909,2102089.95,462431.15,625414.52,3788340.15,2727504.47,1412,245,1657,Tier 3,5,5
PRJ-1314,Energy,Oceania,AU,4845379,3290892.7,934354.59,1010438.9,5779733.59,4301331.6,29,5,34,Tier 2,7,7
PRJ-1315,Service,Africa,ZA,1016505,1493875.61,123102.07,154402.67,1139607.07,1648278.28,1161,8,1169,Tier 3,4,1
PRJ-1316,Service,Oceania,NZ,592091,762103.85,54368.91,75952.35,646459.91,838056.2,106,13,119,Tier 4,5,0
PRJ-1317,Energy,North America,MX,1960151,2968589.69,246783.4,324908.55,2206934.4,3293498.24,883,58,941,Tier 3,3,1
PRJ-1318,Energy,South America,AR,677373,781705.2,22965.28,23022.47,700338.28,804727.67,265,33,298,Tier 4,7,4
PRJ-1319,Energy,North America,MX,2484661,3260822.75,22408.19,33203.14,2507069.19,3294025.89,1262,94,1356,Tier 3,1,1
PRJ-1320,Service,Oceania,NZ,4045586,2437417.72,1024611.04,1380718.07,5070197.04,3818135.79,546,106,652,Tier 2,10,6
PRJ-1321,Energy,Europe,DE,3004625,2144920.31,788785.61,788890.74,3793410.61,2933811.06,837,156,993,Tier 3,7,2
PRJ-1322,Install,Oceania,NZ,781880,1212003.09,165798.32,189270.95,947678.32,1401274.04,1330,139,1469,Tier 4,5,1
PRJ-1323,Service,Oceania,NZ,428806,427558.78,18191.12,25135.74,446997.12,452694.52,1015,22,1037,Tier 4,9,5
PRJ-1324,Service,North America,MX,4327411,2889380.18,514081.26,515553.53,4841492.26,3404933.71,1103,167,1270,Tier 3,5,0
PRJ-1325,Energy,Europe,DE,1772277,2010431.54,428848.36,482488.53,2201125.36,2492920.07,663,69,732,Tier 3,6,2
PRJ-1326,Energy,Europe,DE,3925768,5447826.3,1114117.99,1632697.75,5039885.99,7080524.05,801,153,954,Tier 2,1,1
PRJ-1327,Service,Europe,FR,4898583,3134333.4,1021394.23,1256385.06,5919977.23,4390718.46,454,24,478,Tier 2,8,8
PRJ-1328,Install,Europe,FR,450048,281460.28,88095.45,114833.45,538143.45,396293.73,1792,23,1815,Tier 4,10,4
PRJ-1329,Energy,Africa,ZA,1724039,2591727.86,505932.71,577468.62,2229971.71,3169196.48,1243,175,1418,Tier 3,4,0
PRJ-1330,Install,Africa,ZA,4600335,5995134.19,614310.11,732474.19,5214645.11,6727608.38,660,111,771,Tier 2,3,2
PRJ-1331,Install,Africa,EG,2595231,1586158.32,341663.12,495537.81,2936894.12,2081696.13,1632,287,1919,Tier 3,1,1
PRJ-1332,Service,Europe,DE,4146276,6706750.21,871085.47,992196.81,5017361.47,7698947.03,887,108,995,Tier 2,7,0
PRJ-1333,Energy,North America,MX,1017921,1302024.01,147701.91,164126.34,1165622.91,1466150.35,1236,101,1337,Tier 3,3,0
PRJ-1334,Energy,North America,MX,1900253,2358800.09,83001.81,83240.51,1983254.81,2442040.6,629,75,704,Tier 3,0,0
PRJ-1335,Install,North America,MX,2091967,3423158.72,245161.07,360669.94,2337128.07,3783828.66,1529,222,1751,Tier 3,1,1
PRJ-1336,Install,Africa,ZA,4174697,4099997.32,258321.02,361423.54,4433018.02,4461420.85,1624,141,1765,Tier 3,9,6
PRJ-1337,Energy,Africa,EG,4555681,4152012.43,762553.09,1024255.21,5318234.09,5176267.64,82,7,89,Tier 2,6,4
PRJ-1338,Energy,North America,US,1330885,2115368.08,291650.88,370790.72,1622535.88,2486158.8,1549,178,1727,Tier 3,3,3
PRJ-1339,Service,Europe,DE,2231814,3047341.07,539045.88,613344.6,2770859.88,3660685.67,656,79,735,Tier 3,10,8
PRJ-1340,Energy,Europe,DE,1200339,1884123.14,202228.35,249469.83,1402567.35,2133592.97,1758,333,2091,Tier 3,5,3
PRJ-1341,Service,Africa,ZA,109495,175277.59,13574.39,13851.72,123069.39,189129.31,1088,16,1104,Tier 5,5,3
PRJ-1342,Install,North America,MX,1516494,2183814.44,47937.58,58209.98,1564431.58,2242024.41,83,14,97,Tier 3,2,1
PRJ-1343,Install,Europe,FR,931661,719015.6,164886.93,221007.39,1096547.93,940022.99,1817,4,1821,Tier 3,3,1
PRJ-1344,Energy,Africa,ZA,1670669,1097445.71,352047.19,428613.51,2022716.19,1526059.22,681,22,703,Tier 3,6,4
PRJ-1345,Install,South America,AR,679872,770658.97,14889.04,15052.3,694761.04,785711.27,861,123,984,Tier 4,3,3
PRJ-1346,Service,Europe,DE,1202537,1951477.4,196978.12,211075.66,1399515.12,2162553.05,48,2,50,Tier 3,3,2
PRJ-1347,Energy,Oceania,NZ,1226764,1729114.81,111693.66,133411.92,1338457.66,1862526.72,1790,43,1833,Tier 3,7,6
PRJ-1348,Service,North America,MX,1812670,2142411.23,515932.95,754106.2,2328602.95,2896517.42,1555,40,1595,Tier 3,2,2
PRJ-1349,Energy,Oceania,NZ,1700558,1708778.61,433927.44,623906.17,2134485.44,2332684.78,125,18,143,Tier 3,3,3
PRJ-1350,Energy,Africa,ZA,1404176,1720354.34,181886.67,236300.43,1586062.67,1956654.77,1583,190,1773,Tier 3,10,6
PRJ-1351,Energy,Africa,EG,2532575,2606672.44,486393.04,678019.01,3018968.04,3284691.45,1401,83,1484,Tier 3,4,0
PRJ-1352,Service,North America,MX,467522,582014.85,63236.25,65661.23,530758.25,647676.08,1559,6,1565,Tier 4,10,1
PRJ-1353,Energy,North America,MX,618234,715664.08,3845.85,5677.57,622079.85,721341.65,1570,303,1873,Tier 4,0,0
PRJ-1354,Service,North America,MX,2444411,4114921.77,571009.32,853899.05,3015420.32,4968820.82,129,15,144,Tier 3,7,4
PRJ-1355,Energy,Asia,CN,3410132,2914848.85,275174.75,312020.7,3685306.75,3226869.56,19,1,20,Tier 3,4,4
PRJ-1356,Service,Africa,EG,3407790,5923313.54,221740.69,227625.02,3629530.69,6150938.56,554,86,640,Tier 3,9,3
PRJ-1357,Install,South America,BR,908746,1477738.19,198341.77,230241.86,1107087.77,1707980.05,239,6,245,Tier 3,7,6
PRJ-1358,Service,Oceania,NZ,3081642,3125444.51,355997.16,382362.09,3437639.16,3507806.59,1197,87,1284,Tier 3,3,3
PRJ-1359,Energy,Europe,FR,1968937,1336501.74,362676.34,421452.66,2331613.34,1757954.41,632,50,682,Tier 3,4,1
PRJ-1360,Energy,North America,US,2614524,4102271.6,348229.97,497379.17,2962753.97,4599650.77,1421,193,1614,Tier 3,4,0
PRJ-1361,Energy,Oceania,AU,4710398,8337696.59,1152461.6,1422223.37,5862859.6,9759919.96,976,106,1082,Tier 2,4,0
PRJ-1362,Service,Africa,ZA,341375,548665.92,97104.05,104141.81,438479.05,652807.73,22,3,25,Tier 4,8,3
PRJ-1363,Install,Oceania,NZ,4511243,6872654.91,693344.9,746266.26,5204587.9,7618921.16,430,80,510,Tier 2,3,3
PRJ-1364,Service,Oceania,NZ,3143482,2889445.78,513141.92,756362.74,3656623.92,3645808.53,637,58,695,Tier 3,6,5
PRJ-1365,Install,Asia,JP,1174065,2013504.2,349716.15,355922.22,1523781.15,2369426.43,1813,158,1971,Tier 3,1,0
PRJ-1366,Energy,Oceania,NZ,2301080,2937742.04,174407.2,255255.68,2475487.2,3192997.72,282,0,282,Tier 3,7,4
PRJ-1367,Energy,Asia,CN,820388,1062940.1,174734.83,191269.05,995122.83,1254209.15,1353,151,1504,Tier 4,1,0
PRJ-1368,Service,Africa,ZA,524312,774800.64,46466.76,55615.32,570778.76,830415.96,759,141,900,Tier 4,1,0
PRJ-1369,Energy,Africa,ZA,259960,224752.62,61424.73,89027.75,321384.73,313780.37,913,158,1071,Tier 4,3,1
PRJ-1370,Energy,Oceania,AU,1991430,1282483.43,586521.26,696718.48,2577951.26,1979201.91,1388,97,1485,Tier 3,2,2
PRJ-1371,Service,Asia,JP,4682346,8096099.84,1244595.34,1718472.14,5926941.34,9814571.98,219,37,256,Tier 2,4,0
PRJ-1372,Install,Oceania,AU,2628488,4256636.51,525578.27,654962.83,3154066.27,4911599.33,1148,14,1162,Tier 3,0,0
PRJ-1373,Energy,Oceania,AU,3306445,3019816.83,470193.84,589658.34,3776638.84,3609475.17,457,28,485,Tier 3,3,1
PRJ-1374,Service,Oceania,NZ,437959,522787.58,103968.54,105946.9,541927.54,628734.48,165,14,179,Tier 4,9,2
PRJ-1375,Service,South America,AR,98357,93575.6,22067.3,24189.78,120424.3,117765.38,1278,119,1397,Tier 5,3,1
PRJ-1376,Install,North America,MX,960025,741126.61,224026.72,239079.96,1184051.72,980206.57,279,21,300,Tier 3,8,8
PRJ-1377,Service,Asia,CN,1426051,1867564.59,419428.39,444828.47,1845479.39,2312393.06,621,102,723,Tier 3,0,0
PRJ-1378,Install,Africa,ZA,4900285,5216153.32,1443347.56,1621153.38,6343632.56,6837306.7,598,28,626,Tier 2,6,6
PRJ-1379,Install,Oceania,AU,4173549,2566457.55,1211321.31,1682612.72,5384870.31,4249070.27,1401,95,1496,Tier 2,6,6
PRJ-1380,Energy,Europe,DE,1747425,3084498.49,294296.16,437938.09,2041721.16,3522436.58,1444,208,1652,Tier 3,9,6
PRJ-1381,Energy,Asia,JP,1280345,858190.07,194673.84,197434.9,1475018.84,1055624.98,1225,176,1401,Tier 3,6,0
PRJ-1382,Service,North America,US,807568,939503.85,26623.06,32178.36,834191.06,971682.21,675,44,719,Tier 4,9,9
PRJ-1383,Install,Asia,CN,3239895,1953780.59,443298.31,635964.44,3683193.31,2589745.03,645,78,723,Tier 3,0,0
PRJ-1384,Install,South America,AR,2933680,3339868.17,877008.38,1002668.94,3810688.38,4342537.1,1290,52,1342,Tier 3,9,9
PRJ-1385,Install,Europe,FR,3499536,5833651.58,235511.24,312332.99,3735047.24,6145984.57,480,44,524,Tier 3,6,3
PRJ-1386,Install,Europe,DE,4771438,3817846.27,530360.64,568984.3,5301798.64,4386830.56,1127,107,1234,Tier 2,0,0
PRJ-1387,Install,South America,BR,863266,1330703.6,184208.27,205815.64,1047474.27,1536519.24,1370,95,1465,Tier 3,9,4
PRJ-1388,Install,Europe,DE,2983542,2917160.33,39766.7,51094.02,3023308.7,2968254.35,1804,194,1998,Tier 3,1,1
PRJ-1389,Install,Oceania,AU,2193608,3576208.2,9717.61,12139.2,2203325.61,3588347.4,1196,30,1226,Tier 3,0,0
PRJ-1390,Service,Oceania,AU,432073,759305.27,15007.79,18345.26,447080.79,777650.53,1175,162,1337,Tier 4,4,2
PRJ-1391,Install,Oceania,NZ,4151250,3263248,642046.4,849609.85,4793296.4,4112857.85,300,0,300,Tier 3,7,7
PRJ-1392,Service,South America,AR,1703902,1037684.76,386728.02,457446.99,2090630.02,1495131.75,774,98,872,Tier 3,8,0
PRJ-1393,Install,Asia,JP,2617201,2691705.75,361625.23,481568.09,2978826.23,3173273.85,1385,238,1623,Tier 3,1,1
PRJ-1394,Install,Europe,FR,838939,705228.2,219734.62,229965.16,1058673.62,935193.37,1803,1,1804,Tier 3,8,1
PRJ-1395,Energy,South America,AR,1438155,2026066.32,181836.61,263034.83,1619991.61,2289101.16,1452,114,1566,Tier 3,0,0
PRJ-1396,Energy,Europe,FR,979289,755209.35,223171.08,265701.81,1202460.08,1020911.16,1587,100,1687,Tier 3,4,3
PRJ-1397,Install,Asia,CN,3221671,5396737.05,119088.41,168525.8,3340759.41,5565262.86,952,70,1022,Tier 3,10,5
PRJ-1398,Energy,North America,US,709638,775205.41,166116.51,224242.57,875754.51,999447.98,1815,360,2175,Tier 4,7,6
PRJ-1399,Install,North America,MX,643659,386553.62,1338.07,1757.24,644997.07,388310.86,1266,75,1341,Tier 4,8,0
PRJ-1400,Service,Europe,DE,4217044,5133876.08,828124.8,905872.79,5045168.8,6039748.87,1806,47,1853,Tier 2,3,2
PRJ-1401,Install,Europe,DE,2130702,2941928.08,632112.78,717468.04,2762814.78,3659396.11,446,10,456,Tier 3,7,0
PRJ-1402,Service,Africa,EG,3926859,3971200.78,885861.93,1254677.71,4812720.93,5225878.49,753,42,795,Tier 3,1,1
PRJ-1403,Service,North America,MX,4440004,3325880.68,1324264.41,1426503.42,5764268.41,4752384.09,55,2,57,Tier 2,10,3
PRJ-1404,Install,Asia,CN,1295416,1023983.96,77055.55,107052.07,1372471.55,1131036.03,726,49,775,Tier 3,10,5
PRJ-1405,Energy,Oceania,AU,1025795,931065.44,95209.37,116139.42,1121004.37,1047204.86,629,9,638,Tier 3,0,0
PRJ-1406,Energy,North America,MX,1996176,2963066.76,104182.08,110347.09,2100358.08,3073413.84,741,32,773,Tier 3,2,2
PRJ-1407,Service,Oceania,AU,231428,240393.82,35740.83,48051.52,267168.83,288445.34,324,38,362,Tier 4,5,4
PRJ-1408,Service,Oceania,NZ,1502307,1540509.04,169266.82,212414,1671573.82,1752923.04,1675,66,1741,Tier 3,0,0
PRJ-1409,Energy,South America,AR,1699125,1825209.13,217331.13,249410.62,1916456.13,2074619.75,626,87,713,Tier 3,4,2
PRJ-1410,Service,South America,AR,4762629,3657539.83,1007144.48,1295337.4,5769773.48,4952877.24,712,90,802,Tier 2,0,0
PRJ-1411,Energy,Africa,EG,784387,1303194.06,148880.24,180692.05,933267.24,1483886.11,265,20,285,Tier 4,0,0
PRJ-1412,Energy,Oceania,AU,1034409,1842371.53,241844.86,315000.13,1276253.86,2157371.66,1068,8,1076,Tier 3,6,4
PRJ-1413,Install,Asia,JP,494705,845361.88,35986.25,37373.5,530691.25,882735.37,1235,68,1303,Tier 4,8,7
PRJ-1414,Energy,Oceania,NZ,1116779,923775.8,253925.94,268516.57,1370704.94,1192292.37,1685,276,1961,Tier 3,1,0
PRJ-1415,Install,North America,MX,4022700,6220690.07,316712.01,428001.16,4339412.01,6648691.23,1092,161,1253,Tier 3,7,3
PRJ-1416,Install,Europe,FR,4451740,5666604.55,320325.15,398979.72,4772065.15,6065584.27,654,0,654,Tier 3,0,0
PRJ-1417,Energy,Africa,ZA,4143702,3981938.28,1007649.28,1160225.61,5151351.28,5142163.89,1721,125,1846,Tier 2,4,4
PRJ-1418,Energy,North America,US,4612761,3150816.53,1135568.4,1156010.12,5748329.4,4306826.66,1583,88,1671,Tier 2,0,0
PRJ-1419,Energy,South America,BR,2503285,3067970.18,607204.14,815669.69,3110489.14,3883639.87,1294,94,1388,Tier 3,2,2
PRJ-1420,Install,Africa,EG,4912657,6364055.34,1345514.45,1995638,6258171.45,8359693.34,559,95,654,Tier 2,5,3
PRJ-1421,Energy,South America,BR,1962248,2303959.79,558805.14,602175.51,2521053.14,2906135.3,833,52,885,Tier 3,10,10
PRJ-1422,Install,North America,MX,2547258,3020285.16,178536.13,261243.09,2725794.13,3281528.25,953,131,1084,Tier 3,10,6
PRJ-1423,Install,Europe,DE,1422837,2402445.87,75546.56,88310.8,1498383.56,2490756.66,430,68,498,Tier 3,2,1
PRJ-1424,Service,Oceania,NZ,1287996,2012307.13,47310.05,55247.6,1335306.05,2067554.74,247,6,253,Tier 3,10,2
PRJ-1425,Energy,Oceania,NZ,1544538,2664385.52,39567.87,40840.26,1584105.87,2705225.78,1306,174,1480,Tier 3,5,5
PRJ-1426,Energy,North America,MX,1512995,1811506.8,138688.51,144173.47,1651683.51,1955680.26,756,149,905,Tier 3,2,0
PRJ-1427,Service,South America,AR,1040063,1207100.41,172328.43,256509.16,1212391.43,1463609.57,584,95,679,Tier 3,1,0
PRJ-1428,Install,Asia,JP,4072712,2921838,866614.78,978311.65,4939326.78,3900149.65,1272,156,1428,Tier 3,0,0
PRJ-1429,Energy,Asia,JP,738950,1120452.73,151507.75,172338.87,890457.75,1292791.6,1530,41,1571,Tier 4,5,1
PRJ-1430,Service,South America,BR,2659230,2859385.52,94131.26,136416.54,2753361.26,2995802.06,1811,269,2080,Tier 3,0,0
PRJ-1431,Energy,Asia,JP,2916593,2814264.02,641983.07,935510.14,3558576.07,3749774.16,538,63,601,Tier 3,3,0
PRJ-1432,Service,South America,BR,3354372,2057501.63,743349.2,1041926.74,4097721.2,3099428.37,61,0,61,Tier 3,3,1
PRJ-1433,Service,Asia,JP,2603773,2253605.06,384355.58,461533.87,2988128.58,2715138.93,1120,35,1155,Tier 3,2,1
PRJ-1434,Install,Europe,DE,1510953,2465057.8,79001.86,85973.92,1589954.86,2551031.72,1690,258,1948,Tier 3,0,0
PRJ-1435,Energy,Africa,EG,4254309,2965361.91,1196829.98,1302361.95,5451138.98,4267723.86,893,136,1029,Tier 2,10,8
PRJ-1436,Energy,Oceania,NZ,2661507,2357787.58,151235.23,193142.87,2812742.23,2550930.44,1566,254,1820,Tier 3,7,4
PRJ-1437,Energy,Asia,CN,685401,701006.88,151627.3,216608.73,837028.3,917615.6,303,51,354,Tier 4,10,5
PRJ-1438,Install,Europe,FR,760305,462817,87227.53,125353.96,847532.53,588170.96,1022,27,1049,Tier 4,9,5
PRJ-1439,Energy,Africa,EG,1517276,1351519.37,94866.49,95165.44,1612142.49,1446684.81,1489,280,1769,Tier 3,10,10
PRJ-1440,Energy,Africa,ZA,4205463,5127647.52,1261534.23,1288257.4,5466997.23,6415904.92,286,29,315,Tier 2,3,0
PRJ-1441,Service,Europe,DE,302488,342343.5,53662.66,65072.97,356150.66,407416.47,1337,118,1455,Tier 4,9,0
PRJ-1442,Install,Europe,DE,1269573,1385972.69,103065.31,146883.28,1372638.31,1532855.97,1689,251,1940,Tier 3,10,5
PRJ-1443,Service,Africa,ZA,2646439,2622535.29,91645.16,136404.87,2738084.16,2758940.16,1658,327,1985,Tier 3,4,3
PRJ-1444,Install,Asia,CN,318754,373744.86,17131.24,18065.45,335885.24,391810.3,1120,101,1221,Tier 4,5,0
PRJ-1445,Install,Oceania,AU,3935848,3588711.36,542087.92,592069.32,4477935.92,4180780.69,111,8,119,Tier 3,0,0
PRJ-1446,Energy,Europe,DE,860739,1358247.39,237041.61,302397.67,1097780.61,1660645.06,999,111,1110,Tier 3,10,7
PRJ-1447,Service,South America,AR,1281041,1445977.49,143145.84,188661.18,1424186.84,1634638.67,989,39,1028,Tier 3,6,3
PRJ-1448,Service,South America,BR,4178937,3431285.93,251313.53,265690.72,4430250.53,3696976.66,123,21,144,Tier 3,6,4
PRJ-1449,Energy,Europe,FR,1411119,970604.49,74522.83,104269.5,1485641.83,1074873.99,1525,74,1599,Tier 3,8,3
PRJ-1450,Energy,North America,MX,4074543,3711769.28,99612.25,108927.86,4174155.25,3820697.14,411,14,425,Tier 3,7,1
PRJ-1451,Service,Europe,DE,1923103,1296807.94,151584.17,201455.9,2074687.17,1498263.84,584,94,678,Tier 3,1,0
PRJ-1452,Service,Asia,JP,1054139,1406620.06,108780.5,144157.04,1162919.5,1550777.1,1690,335,2025,Tier 3,5,1
PRJ-1453,Energy,Europe,DE,1876748,2444897.18,32508.56,35529.15,1909256.56,2480426.33,369,58,427,Tier 3,4,3
PRJ-1454,Service,Africa,ZA,999041,881232.28,41120.11,43913.49,1040161.11,925145.77,1490,236,1726,Tier 3,6,6
PRJ-1455,Install,Africa,EG,3064573,4890196.06,442274.43,600067.69,3506847.43,5490263.76,526,52,578,Tier 3,10,10
PRJ-1456,Service,Africa,ZA,3540618,2959324.5,364349.56,386878.47,3904967.56,3346202.97,1565,132,1697,Tier 3,2,2
PRJ-1457,Energy,North America,US,3941904,5502536.51,687174.68,707983.58,4629078.68,6210520.1,1451,247,1698,Tier 3,1,0
PRJ-1458,Install,North America,US,4450889,5711671.78,1326224.46,1492475.31,5777113.46,7204147.09,1819,23,1842,Tier 2,6,2
PRJ-1459,Energy,Europe,FR,690449,422624.05,29076.3,30441.61,719525.3,453065.66,877,93,970,Tier 4,3,3
PRJ-1460,Service,Africa,ZA,968440,1381223.54,52275.95,62342.36,1020715.95,1443565.9,905,76,981,Tier 3,2,2
PRJ-1461,Install,Asia,CN,991513,977090.32,130858.97,176080.8,1122371.97,1153171.12,1710,251,1961,Tier 3,7,5
PRJ-1462,Install,Europe,DE,4623542,4346744.14,1175281.52,1299938.58,5798823.52,5646682.72,753,116,869,Tier 2,4,1
PRJ-1463,Service,North America,US,3217986,2682178.7,36542.68,51113.17,3254528.68,2733291.87,1075,67,1142,Tier 3,2,0
PRJ-1464,Energy,Asia,CN,4095384,2853511.55,69148.24,100854.48,4164532.24,2954366.03,1505,8,1513,Tier 3,3,0
PRJ-1465,Service,North America,MX,4925789,5186263.5,397592.78,468687.27,5323381.78,5654950.77,172,15,187,Tier 2,3,1
PRJ-1466,Service,North America,US,4048533,6220341.69,808862.96,1210586.64,4857395.96,7430928.33,177,18,195,Tier 3,8,7
PRJ-1467,Install,North America,MX,3236511,3677238.48,222309.86,234863.76,3458820.86,3912102.24,1476,230,1706,Tier 3,3,3
PRJ-1468,Install,Asia,JP,2816987,3064434.48,310587.88,368573.04,3127574.88,3433007.52,335,66,401,Tier 3,4,0
PRJ-1469,Service,Asia,JP,3483792,4413814.57,78352.61,101224.74,3562144.61,4515039.32,1056,171,1227,Tier 3,0,0
PRJ-1470,Install,Africa,EG,4689914,4601952.32,599232.16,643320.38,5289146.16,5245272.7,222,13,235,Tier 2,10,3
PRJ-1471,Energy,South America,AR,3475577,2597378.76,725891.96,767505.52,4201468.96,3364884.28,235,23,258,Tier 3,5,1
PRJ-1472,Energy,Asia,JP,1321331,2011435.13,54661.36,77318.44,1375992.36,2088753.57,437,53,490,Tier 3,4,0
PRJ-1473,Energy,Europe,FR,3912859,6383832.77,931832.96,1216700.94,4844691.96,7600533.71,350,27,377,Tier 3,0,0
PRJ-1474,Install,Oceania,NZ,3017815,2910752.18,185430.63,234507.92,3203245.63,3145260.1,368,13,381,Tier 3,5,2
PRJ-1475,Service,South America,AR,1302778,1685281.38,192197.81,238271.98,1494975.81,1923553.36,91,7,98,Tier 3,4,1
PRJ-1476,Service,North America,MX,4347440,3278256.63,4042.6,5416.05,4351482.6,3283672.68,1480,24,1504,Tier 3,4,3
PRJ-1477,Install,North America,US,3491956,4689381.92,138111.72,199884.9,3630067.72,4889266.82,42,4,46,Tier 3,0,0
PRJ-1478,Service,North America,MX,4431122,2676975.69,448402.58,604406.07,4879524.58,3281381.76,986,127,1113,Tier 3,6,0
PRJ-1479,Energy,Africa,EG,1318918,2162139.95,158536.35,216852.2,1477454.35,2378992.15,409,46,455,Tier 3,8,4
PRJ-1480,Energy,South America,BR,1397546,1720078.14,270573.09,388680.53,1668119.09,2108758.67,508,32,540,Tier 3,10,2
PRJ-1481,Install,Oceania,NZ,4195334,4156964.29,687150.2,927251.44,4882484.2,5084215.72,472,43,515,Tier 3,4,3
PRJ-1482,Install,Europe,FR,3775846,3695312.39,609015.28,689246.47,4384861.28,4384558.86,734,135,869,Tier 3,4,4
PRJ-1483,Service,North America,US,1923068,3165768.11,317148.92,351680.93,2240216.92,3517449.04,502,74,576,Tier 3,5,4
PRJ-1484,Energy,Oceania,NZ,4277010,5633683.07,908070.87,1308113.62,5185080.87,6941796.7,509,96,605,Tier 2,1,1
PRJ-1485,Energy,Europe,DE,3963297,5281932.56,226625.14,265287.18,4189922.14,5547219.75,1785,25,1810,Tier 3,3,1
PRJ-1486,Install,Asia,JP,3785233,4495008.85,559730.45,659267.04,4344963.45,5154275.89,1129,112,1241,Tier 3,5,0
PRJ-1487,Install,South America,BR,1116435,1715431.79,319259.45,378075.02,1435694.45,2093506.8,1295,15,1310,Tier 3,6,2
PRJ-1488,Install,Asia,JP,4010353,2926837.3,155074.3,176107.02,4165427.3,3102944.32,1236,80,1316,Tier 3,4,0
PRJ-1489,Service,Europe,FR,301174,528205.57,30775.46,40943.14,331949.46,569148.71,857,51,908,Tier 4,0,0
PRJ-1490,Install,Africa,EG,2237657,3795400.92,309261.64,314219.6,2546918.64,4109620.52,508,36,544,Tier 3,1,1
PRJ-1491,Service,Asia,JP,1915161,2292119.76,257235.15,316624.31,2172396.15,2608744.07,269,18,287,Tier 3,3,1
PRJ-1492,Service,Oceania,AU,628651,1069163.18,106296.7,117694.96,734947.7,1186858.15,1647,135,1782,Tier 4,8,0
PRJ-1493,Energy,Africa,ZA,4618976,5620427.01,687556.4,868278.54,5306532.4,6488705.55,1819,166,1985,Tier 2,10,8
PRJ-1494,Energy,North America,US,4099125,7352872.11,1222121.18,1335499.76,5321246.18,8688371.87,1600,198,1798,Tier 2,6,5
PRJ-1495,Service,Africa,EG,2646874,1687785.72,106869.54,111974.71,2753743.54,1799760.43,173,1,174,Tier 3,1,0
PRJ-1496,Install,South America,AR,1978760,1601910.38,357989.73,364407.94,2336749.73,1966318.32,1726,296,2022,Tier 3,5,5
PRJ-1497,Energy,North America,US,1584910,2196260.68,366361.73,505774.62,1951271.73,2702035.3,405,49,454,Tier 3,2,1
PRJ-1498,Energy,South America,AR,77393,97537.8,15757.69,15882.14,93150.69,113419.94,691,50,741,Tier 5,3,3
PRJ-1499,Energy,Europe,FR,4139605,5783298.8,770975.88,1016306.31,4910580.88,6799605.11,199,14,213,Tier 3,5,2
PRJ-1500,Energy,North America,MX,2929493,2701883.03,91198.6,136645.7,3020691.6,2838528.74,1126,161,1287,Tier 3,3,2
PRJ-1501,Install,Africa,EG,4780838,6071860.62,352879.04,366231.67,5133717.04,6438092.29,910,72,982,Tier 2,6,3
PRJ-1502,Energy,Asia,CN,2090165,2889224.69,20935.74,30895.74,2111100.74,2920120.43,1796,282,2078,Tier 3,6,0
PRJ-1503,Install,North America,MX,2960086,5148684.49,520147.2,746190.65,3480233.2,5894875.14,1427,285,1712,Tier 3,5,3
PRJ-1504,Energy,South America,BR,4447583,6480401.54,850325.54,918114.59,5297908.54,7398516.13,752,52,804,Tier 2,9,0
PRJ-1505,Service,South America,AR,801216,1236540.16,55730.27,61906.2,856946.27,1298446.36,694,38,732,Tier 4,2,2
PRJ-1506,Energy,Oceania,NZ,1763121,2469293.67,467304.68,526949.54,2230425.68,2996243.2,987,192,1179,Tier 3,10,1
PRJ-1507,Energy,Oceania,AU,1073871,1548162.94,104397.41,121389.17,1178268.41,1669552.11,381,61,442,Tier 3,4,3
PRJ-1508,Energy,Oceania,AU,2249241,2804068.79,434567.56,567607.42,2683808.56,3371676.2,1489,139,1628,Tier 3,5,5
PRJ-1509,Service,Europe,DE,952053,767388.4,88738.32,97788.9,1040791.32,865177.3,1653,118,1771,Tier 3,7,6
PRJ-1510,Energy,Africa,ZA,1556963,1056693.71,115641.9,152064.22,1672604.9,1208757.92,825,58,883,Tier 3,2,1
PRJ-1511,Service,Africa,EG,3744816,5606530.63,565317.35,777682.61,4310133.35,6384213.24,134,5,139,Tier 3,3,2
PRJ-1512,Service,Asia,JP,3320691,3860086.5,717647.08,724580.82,4038338.08,4584667.32,1440,166,1606,Tier 3,6,5
PRJ-1513,Install,Africa,ZA,85673,140775.27,3479.77,4640.4,89152.77,145415.67,21,1,22,Tier 5,8,1
PRJ-1514,Install,Oceania,NZ,4138878,3418387.84,1049150.87,1321162.41,5188028.87,4739550.25,1316,139,1455,Tier 2,5,2
PRJ-1515,Energy,North America,MX,439161,521325.31,23528.26,24538.04,462689.26,545863.35,485,55,540,Tier 4,4,3
PRJ-1516,Service,Oceania,NZ,4658001,5620658.95,192733.41,208614.98,4850734.41,5829273.93,1544,114,1658,Tier 3,2,0
PRJ-1517,Service,Europe,FR,563523,996004.97,124432.49,185128.27,687955.49,1181133.24,141,16,157,Tier 4,3,3
PRJ-1518,Service,Europe,FR,3635644,3232697.08,275857.43,404193.02,3911501.43,3636890.11,1168,21,1189,Tier 3,6,0
PRJ-1519,Service,Europe,FR,1702373,1628631.32,412499.36,551615.37,2114872.36,2180246.69,59,10,69,Tier 3,8,3
PRJ-1520,Install,Africa,ZA,2994511,2469689.35,169495.4,195248.78,3164006.4,2664938.13,981,6,987,Tier 3,3,3
PRJ-1521,Energy,Asia,JP,3471982,5275270.23,220219.73,239936.33,3692201.73,5515206.57,95,7,102,Tier 3,5,3
PRJ-1522,Install,Oceania,AU,3965227,4463136.78,56577.71,59736.9,4021804.71,4522873.68,510,26,536,Tier 3,3,2
PRJ-1523,Energy,South America,BR,4558121,3753162.52,821424.46,842142.01,5379545.46,4595304.53,826,115,941,Tier 2,10,1
PRJ-1524,Energy,Oceania,AU,4758569,4090484.83,566686.19,751433.19,5325255.19,4841918.02,1694,256,1950,Tier 2,8,2
PRJ-1525,Energy,South America,AR,756068,1067557.73,61068.96,67848.35,817136.96,1135406.07,1763,166,1929,Tier 4,3,3
PRJ-1526,Service,Oceania,AU,3706360,4773669.31,576512.52,610860.19,4282872.52,5384529.5,1367,12,1379,Tier 3,2,1
PRJ-1527,Install,South America,AR,1336411,1952015.15,333470.7,473163.37,1669881.7,2425178.52,186,25,211,Tier 3,10,9
PRJ-1528,Service,Asia,CN,1070674,1523790.22,125715.28,168051.61,1196389.28,1691841.84,610,58,668,Tier 3,9,3
PRJ-1529,Energy,North America,US,1843927,2746970.49,226793.92,308189.32,2070720.92,3055159.81,698,111,809,Tier 3,1,0
PRJ-1530,Service,Europe,FR,2912106,3900997.73,739688.6,1075065.9,3651794.6,4976063.62,531,10,541,Tier 3,8,4
PRJ-1531,Install,Europe,FR,4201518,7546458.4,265822.66,301583.4,4467340.66,7848041.8,564,52,616,Tier 3,5,4
PRJ-1532,Energy,Asia,CN,4774206,7849741.2,168194.47,247975.54,4942400.47,8097716.74,413,65,478,Tier 3,6,3
PRJ-1533,Energy,Africa,EG,931036,1530131.3,120864.92,147885.68,1051900.92,1678016.98,759,76,835,Tier 3,3,2
PRJ-1534,Energy,North America,MX,2228037,1969573.13,37127.16,54029.32,2265164.16,2023602.45,978,168,1146,Tier 3,6,3
PRJ-1535,Service,North America,US,2326092,2209849.89,452113.96,453838.19,2778205.96,2663688.08,419,36,455,Tier 3,10,3
PRJ-1536,Service,Asia,JP,4410488,4896016.51,584077.13,819656.16,4994565.13,5715672.67,267,26,293,Tier 3,3,3
PRJ-1537,Energy,North America,MX,1982032,1929976.64,90310.62,128998.07,2072342.62,2058974.71,281,0,281,Tier 3,8,7
PRJ-1538,Service,Africa,EG,2280271,3211549.48,145832.42,181284.15,2426103.42,3392833.63,534,71,605,Tier 3,1,1
PRJ-1539,Energy,Asia,CN,3425887,3197875.15,824191.7,1090009.99,4250078.7,4287885.13,743,112,855,Tier 3,7,0
PRJ-1540,Energy,North America,US,3078105,2328353.66,879694.49,1161269.85,3957799.49,3489623.51,310,5,315,Tier 3,2,2
PRJ-1541,Service,Oceania,NZ,1178474,1833984.54,176220.63,226643.95,1354694.63,2060628.49,343,42,385,Tier 3,3,2
PRJ-1542,Install,South America,BR,1229850,779044.2,361524.48,363179.52,1591374.48,1142223.72,922,171,1093,Tier 3,1,1
PRJ-1543,Install,Europe,DE,4428280,3828933.28,958375.08,1100493.55,5386655.08,4929426.83,331,57,388,Tier 2,3,0
PRJ-1544,Service,Africa,ZA,4087013,6389197.24,1175173.77,1661819.45,5262186.77,8051016.69,208,19,227,Tier 2,2,1
PRJ-1545,Energy,Oceania,AU,1363863,1994223.43,107230.56,148603.66,1471093.56,2142827.09,733,61,794,Tier 3,3,1
PRJ-1546,Install,South America,BR,1162293,1890541.01,268470.8,328870.26,1430763.8,2219411.27,210,37,247,Tier 3,9,8
PRJ-1547,Energy,Asia,CN,2107697,3564351.79,297673.43,350479.41,2405370.43,3914831.21,1264,16,1280,Tier 3,5,2
PRJ-1548,Service,Asia,CN,1827164,2299889.24,526187.87,744558.58,2353351.87,3044447.81,638,21,659,Tier 3,6,0
PRJ-1549,Service,Asia,CN,506915,562154.66,9732.65,13134.57,516647.65,575289.23,1439,254,1693,Tier 4,8,7
PRJ-1550,Install,Europe,DE,3687476,3838468.67,1017791.26,1253914.73,4705267.26,5092383.41,1248,214,1462,Tier 3,1,0
PRJ-1551,Install,North America,MX,1469384,2572606.16,12401.11,13184.74,1481785.11,2585790.9,586,115,701,Tier 3,6,0
PRJ-1552,Service,Oceania,NZ,4433951,6144990.67,772885.47,847908.04,5206836.47,6992898.71,674,121,795,Tier 2,9,0
PRJ-1553,Install,North America,US,2055498,1743796.72,268980.01,401123.35,2324478.01,2144920.07,84,11,95,Tier 3,10,8
PRJ-1554,Service,Europe,FR,1901773,1315445.43,98877.16,144718.63,2000650.16,1460164.06,355,10,365,Tier 3,3,0
PRJ-1555,Service,Africa,ZA,1455792,2226550.53,197967.01,226037.61,1653759.01,2452588.14,603,94,697,Tier 3,9,2
PRJ-1556,Install,South America,AR,956163,1115271.89,26674.96,38667.82,982837.96,1153939.71,1806,58,1864,Tier 4,10,5
PRJ-1557,Install,Europe,DE,3014549,2119308.52,790129.5,918891.22,3804678.5,3038199.74,1714,212,1926,Tier 3,5,5
PRJ-1558,Energy,North America,MX,3242109,5672149.51,619155.77,779064.8,3861264.77,6451214.31,1373,186,1559,Tier 3,5,1
PRJ-1559,Install,North America,MX,2662436,3858907.53,636380.14,776676.63,3298816.14,4635584.16,1401,251,1652,Tier 3,8,6
PRJ-1560,Energy,North America,US,1604661,1367385.96,448697.43,583483.16,2053358.43,1950869.12,1771,91,1862,Tier 3,5,5
PRJ-1561,Install,Africa,ZA,3727896,5506378.47,1048966.25,1170325.92,4776862.25,6676704.39,164,7,171,Tier 3,0,0
PRJ-1562,Install,Asia,JP,1621430,1252855.36,170318.19,202222.89,1791748.19,1455078.25,717,111,828,Tier 3,8,8
PRJ-1563,Install,North America,MX,3131321,3587636.62,495688.25,513592.69,3627009.25,4101229.31,82,11,93,Tier 3,2,0
PRJ-1564,Install,South America,AR,1464985,2610136.54,266442.41,305246.8,1731427.41,2915383.34,1769,198,1967,Tier 3,2,2
PRJ-1565,Service,Oceania,AU,4211905,4408604.69,1134890.73,1147993.92,5346795.73,5556598.6,151,23,174,Tier 2,9,7
PRJ-1566,Service,Oceania,NZ,4365533,6933866.05,1287956.51,1470908.04,5653489.51,8404774.08,77,11,88,Tier 2,4,4
PRJ-1567,Service,South America,AR,1344330,2326644.24,200375.38,202627.75,1544705.38,2529271.99,1162,100,1262,Tier 3,1,1
PRJ-1568,Energy,Asia,JP,2832701,2389686.83,319553.14,361372.28,3152254.14,2751059.11,1607,234,1841,Tier 3,6,2
PRJ-1569,Energy,Europe,DE,3050551,3912807.23,879881.77,1282934.6,3930432.77,5195741.82,73,13,86,Tier 3,2,0
PRJ-1570,Energy,Europe,DE,2810621,2522516.04,521977.09,715266,3332598.09,3237782.04,1097,11,1108,Tier 3,7,0
PRJ-1571,Install,Africa,EG,2321953,2228253.03,85897.51,119607.22,2407850.51,2347860.26,1354,159,1513,Tier 3,6,5
PRJ-1572,Service,Oceania,AU,2240531,1939918.46,424688.13,426955.67,2665219.13,2366874.13,401,22,423,Tier 3,5,5
PRJ-1573,Install,Europe,DE,2375792,3688964.59,654051.94,786378.82,3029843.94,4475343.41,1219,108,1327,Tier 3,3,0
PRJ-1574,Service,Europe,FR,2005333,3250234.99,249099.36,363508.69,2254432.36,3613743.69,621,16,637,Tier 3,10,9
PRJ-1575,Energy,South America,AR,4806619,3368247.42,1212872.65,1330022.37,6019491.65,4698269.79,824,11,835,Tier 2,8,4
PRJ-1576,Install,South America,BR,1068217,680636.59,29769.49,30456.25,1097986.49,711092.84,1293,156,1449,Tier 3,0,0
PRJ-1577,Service,South America,BR,3897735,4057756.74,95056.61,98396.64,3992791.61,4156153.38,676,29,705,Tier 3,1,0
PRJ-1578,Install,South America,AR,1337733,2094111.93,248047.51,266756.72,1585780.51,2360868.65,741,134,875,Tier 3,7,5
PRJ-1579,Install,Africa,ZA,4404280,5549802.68,637995.15,812113.59,5042275.15,6361916.27,1583,123,1706,Tier 2,8,5
PRJ-1580,Install,North America,US,551359,866422.11,149929.72,162602.64,701288.72,1029024.75,18,2,20,Tier 4,7,5
PRJ-1581,Install,North America,MX,1514754,1018000.68,218429.41,321153.6,1733183.41,1339154.28,242,46,288,Tier 3,1,1
PRJ-1582,Service,North America,US,1102338,865153.56,230019.61,328287.83,1332357.61,1193441.39,738,5,743,Tier 3,6,3
PRJ-1583,Service,Europe,DE,4253617,4224288.32,268525.87,375768.16,4522142.87,4600056.48,299,45,344,Tier 3,6,0
PRJ-1584,Energy,Africa,EG,2846484,3326186.67,620190.96,772132.39,3466674.96,4098319.06,261,1,262,Tier 3,7,4
PRJ-1585,Energy,Europe,DE,2237625,2491076.91,389613.45,391337.9,2627238.45,2882414.81,933,173,1106,Tier 3,1,1
PRJ-1586,Energy,Oceania,AU,1731025,1565087.43,378386.68,522874.46,2109411.68,2087961.89,1456,162,1618,Tier 3,1,0
PRJ-1587,Service,Europe,FR,4004076,6942906.1,1109359.38,1589040.54,5113435.38,8531946.64,814,71,885,Tier 2,2,0
PRJ-1588,Service,South America,BR,4505408,3461071.52,1302256.03,1861889.63,5807664.03,5322961.15,1620,176,1796,Tier 2,8,1
PRJ-1589,Energy,Asia,CN,2580973,2499331.52,581700.99,589311.45,3162673.99,3088642.96,1205,160,1365,Tier 3,6,1
PRJ-1590,Energy,Oceania,AU,3048071,4207439.32,71433.1,81337.78,3119504.1,4288777.1,1485,211,1696,Tier 3,2,2
PRJ-1591,Service,Oceania,NZ,2267803,3525654.14,294937.66,329274.21,2562740.66,3854928.35,1059,58,1117,Tier 3,1,1
PRJ-1592,Install,Oceania,AU,1930361,1233889.86,14846.46,21942.54,1945207.46,1255832.41,1669,155,1824,Tier 3,6,3
PRJ-1593,Service,Europe,DE,4142581,5700934.61,165376.14,213758.44,4307957.14,5914693.05,1652,157,1809,Tier 3,8,3
PRJ-1594,Install,North America,MX,192557,230956.48,32493.64,47609.82,225050.64,278566.3,1014,91,1105,Tier 5,8,0
PRJ-1595,Energy,Europe,DE,3883322,3857700.19,677304.5,784993.5,4560626.5,4642693.68,1286,207,1493,Tier 3,4,1
PRJ-1596,Service,Oceania,AU,4413629,2835173.25,508700.91,644307.28,4922329.91,3479480.53,637,0,637,Tier 3,10,9
PRJ-1597,Energy,Africa,ZA,4034870,4487390.86,1021076.54,1438088.8,5055946.54,5925479.66,1479,77,1556,Tier 2,9,4
PRJ-1598,Install,Asia,CN,3718346,3206190.04,385342.07,509469.71,4103688.07,3715659.75,884,113,997,Tier 3,7,3
PRJ-1599,Service,Asia,CN,3015961,2991590.51,831166.49,1076566.19,3847127.49,4068156.7,16,1,17,Tier 3,9,2
PRJ-1600,Energy,North America,US,992083,1515146.54,212849.53,242817.23,1204932.53,1757963.78,939,177,1116,Tier 3,5,5
PRJ-1601,Service,North America,MX,1419542,1584801.49,386355.85,389580.22,1805897.85,1974381.71,763,28,791,Tier 3,9,5
PRJ-1602,Install,South America,BR,2687065,3127136.89,596025.44,657307.58,3283090.44,3784444.47,1768,213,1981,Tier 3,10,10
PRJ-1603,Service,North America,US,3285072,4514450.78,893022.7,1219467.55,4178094.7,5733918.33,1251,68,1319,Tier 3,0,0
PRJ-1604,Energy,Europe,DE,778851,1272428.42,87634.41,130976,866485.41,1403404.42,565,45,610,Tier 4,3,3
PRJ-1605,Install,Africa,EG,3589435,5138238.6,405418.34,446263.57,3994853.34,5584502.16,1446,166,1612,Tier 3,0,0
PRJ-1606,Service,North America,US,3002435,3142118.45,442662.21,601342.16,3445097.21,3743460.61,1664,122,1786,Tier 3,6,6
PRJ-1607,Install,South America,AR,3787966,2981408.06,642557.58,728574.71,4430523.58,3709982.77,1367,252,1619,Tier 3,8,8
PRJ-1608,Service,Oceania,NZ,2724836,3557824.35,112343.89,125968.34,2837179.89,3683792.69,20,2,22,Tier 3,2,0
PRJ-1609,Service,Europe,FR,2841582,4620003.62,59743.5,63532.17,2901325.5,4683535.79,312,52,364,Tier 3,10,10
PRJ-1610,Service,Asia,CN,4663271,5030007.33,178599.07,231678.04,4841870.07,5261685.37,834,81,915,Tier 3,10,5
PRJ-1611,Install,North America,MX,3464327,4542380.77,842633.1,1011553.44,4306960.1,5553934.21,1710,168,1878,Tier 3,7,6
PRJ-1612,Install,North America,US,4883128,7115102.64,1072920.03,1544705.22,5956048.03,8659807.86,1330,263,1593,Tier 2,10,3
PRJ-1613,Install,Asia,JP,283840,211966.57,58016.27,71421.04,341856.27,283387.61,79,15,94,Tier 4,7,0
PRJ-1614,Install,Europe,DE,2511276,4457576.23,742046.85,801842.55,3253322.85,5259418.78,761,115,876,Tier 3,7,5
PRJ-1615,Install,South America,AR,893305,987938.13,251566.56,350547.31,1144871.56,1338485.45,568,17,585,Tier 3,5,1
PRJ-1616,Install,Oceania,AU,2018125,3561812.53,289464.55,420395.5,2307589.55,3982208.03,386,35,421,Tier 3,0,0
PRJ-1617,Service,South America,AR,2709724,3225177.85,177652.74,264024.4,2887376.74,3489202.25,1378,169,1547,Tier 3,1,1
PRJ-1618,Install,Europe,FR,1381531,1561660.49,136632.34,165800.86,1518163.34,1727461.35,1145,159,1304,Tier 3,1,0
PRJ-1619,Service,South America,AR,346321,518414.4,101059.13,129602.63,447380.13,648017.03,1345,94,1439,Tier 4,3,1
PRJ-1620,Energy,Asia,JP,3818007,4118031.12,274574.09,285794.9,4092581.09,4403826.03,604,107,711,Tier 3,8,4
PRJ-1621,Install,Africa,EG,630280,444244.34,57418.98,79645.75,687698.98,523890.09,867,24,891,Tier 4,7,1
PRJ-1622,Install,Africa,ZA,3677415,3774654.06,1041256.69,1226829.72,4718671.69,5001483.77,215,15,230,Tier 3,10,9
PRJ-1623,Install,Europe,DE,847800,527361.97,38137.66,55110.65,885937.66,582472.62,304,42,346,Tier 4,9,6
PRJ-1624,Energy,Africa,EG,4120837,3228020.45,1204545.76,1602681.17,5325382.76,4830701.62,1202,160,1362,Tier 2,8,1
PRJ-1625,Energy,Europe,DE,4248429,6637608.34,360644.93,473074.13,4609073.93,7110682.47,1762,215,1977,Tier 3,10,2
PRJ-1626,Energy,South America,BR,2383269,3140882.71,540011.82,753712.72,2923280.82,3894595.43,1384,148,1532,Tier 3,1,0
PRJ-1627,Service,Africa,EG,2952003,3092098.28,109700.19,121301.66,3061703.19,3213399.94,1012,32,1044,Tier 3,5,5
PRJ-1628,Install,Oceania,AU,2107152,1593710.91,149756.61,198613.06,2256908.61,1792323.97,458,64,522,Tier 3,4,3
PRJ-1629,Service,Oceania,NZ,3417625,4753884.4,409553.81,446095.26,3827178.81,5199979.66,143,14,157,Tier 3,3,1
PRJ-1630,Energy,Europe,FR,937541,1570061,226574.09,336185.75,1164115.09,1906246.75,396,28,424,Tier 3,9,4
PRJ-1631,Energy,Oceania,NZ,4962701,4552105.36,202064.44,234825.88,5164765.44,4786931.24,1037,157,1194,Tier 2,10,2
PRJ-1632,Energy,Asia,CN,419478,435136.15,31718.86,36469.36,451196.86,471605.51,632,86,718,Tier 4,3,0
PRJ-1633,Service,Oceania,NZ,118473,101408.12,9410.39,11090.35,127883.39,112498.46,1612,69,1681,Tier 5,9,2
PRJ-1634,Energy,South America,BR,3416223,2698752.2,462437.89,661125.59,3878660.89,3359877.79,1026,14,1040,Tier 3,5,3
PRJ-1635,Service,South America,AR,2014635,3040759.99,99627.92,121783.09,2114262.92,3162543.08,974,87,1061,Tier 3,5,5
PRJ-1636,Service,Asia,JP,4772052,5638893.61,1087955.71,1394052.3,5860007.71,7032945.9,380,13,393,Tier 2,5,4
PRJ-1637,Service,Oceania,AU,3088949,5012133.37,568873.73,671451.09,3657822.73,5683584.46,1245,67,1312,Tier 3,10,4
PRJ-1638,Energy,North America,US,1327772,1381559.12,167219.71,234988.63,1494991.71,1616547.75,840,155,995,Tier 3,2,0
PRJ-1639,Energy,North America,US,3426926,2364082.09,65358.23,85487.89,3492284.23,2449569.98,400,38,438,Tier 3,1,0
PRJ-1640,Service,South America,BR,4165951,3769444.78,1095219.5,1328734.83,5261170.5,5098179.61,1307,59,1366,Tier 2,6,0
PRJ-1641,Service,North America,MX,1685121,1418424.72,446552.9,666233.46,2131673.9,2084658.17,1540,1,1541,Tier 3,9,4
PRJ-1642,Service,South America,AR,1838275,2267041.94,232548.97,299426.53,2070823.97,2566468.48,1132,88,1220,Tier 3,8,6
PRJ-1643,Energy,North America,US,4449299,4027848.27,309962.92,452508.59,4759261.92,4480356.85,1420,108,1528,Tier 3,7,0
PRJ-1644,Energy,South America,BR,1390564,1681949.77,89294.76,99701.4,1479858.76,1781651.17,975,42,1017,Tier 3,9,6
PRJ-1645,Install,South America,AR,1534325,1653275.92,268341.62,380122.14,1802666.62,2033398.06,1723,333,2056,Tier 3,10,9
PRJ-1646,Install,Oceania,NZ,421205,664417.63,103139.12,107110.66,524344.12,771528.29,1547,83,1630,Tier 4,7,6
PRJ-1647,Service,Asia,CN,3679439,6149694.77,383462.85,490168.35,4062901.85,6639863.12,379,43,422,Tier 3,9,5
PRJ-1648,Energy,Africa,ZA,1971159,1197884.03,374322.58,449835.02,2345481.58,1647719.04,1615,257,1872,Tier 3,3,1
PRJ-1649,Service,North America,MX,124279,198636.43,29900.08,34285.16,154179.08,232921.59,1249,93,1342,Tier 5,6,0
PRJ-1650,Service,Asia,JP,3096494,2671062.32,774353.35,1035694.27,3870847.35,3706756.58,570,8,578,Tier 3,2,0
PRJ-1651,Service,Europe,FR,1805322,1156861.92,64117.53,68555.8,1869439.53,1225417.71,1800,80,1880,Tier 3,6,4
PRJ-1652,Energy,Oceania,AU,3368091,2035718.01,4898.52,5835.77,3372989.52,2041553.78,518,94,612,Tier 3,0,0
PRJ-1653,Install,North America,MX,119802,131603.02,35162.05,41757.43,154964.05,173360.45,1292,218,1510,Tier 5,7,1
PRJ-1654,Energy,Africa,ZA,3770863,5485472.95,820702.82,891295.29,4591565.82,6376768.25,363,55,418,Tier 3,8,4
PRJ-1655,Energy,Oceania,AU,4011859,5304315.57,942378.41,1122560.72,4954237.41,6426876.28,268,40,308,Tier 3,4,4
PRJ-1656,Install,Asia,CN,2765112,3329430.56,15167.84,18371.17,2780279.84,3347801.74,804,67,871,Tier 3,6,6
PRJ-1657,Service,Asia,JP,4165805,3854352.75,639515.41,738870.76,4805320.41,4593223.51,1153,223,1376,Tier 3,8,5
PRJ-1658,Service,North America,MX,2393269,2043169.64,520132.69,697882.93,2913401.69,2741052.57,950,144,1094,Tier 3,9,8
PRJ-1659,Install,Africa,ZA,3698240,3599146.69,876132.39,1027877.14,4574372.39,4627023.82,1413,64,1477,Tier 3,4,3
PRJ-1660,Energy,Asia,CN,1098352,1129039.02,2380.54,3000.52,1100732.54,1132039.53,495,56,551,Tier 3,5,4
PRJ-1661,Energy,Oceania,NZ,2450594,3486953.31,75052.51,111964.44,2525646.51,3598917.74,618,35,653,Tier 3,5,5
PRJ-1662,Install,South America,BR,4351042,2629175.94,433748.86,595090.11,4784790.86,3224266.05,704,138,842,Tier 3,0,0
PRJ-1663,Service,North America,MX,3612337,3569025.37,636969.08,843154.78,4249306.08,4412180.15,794,5,799,Tier 3,1,1
PRJ-1664,Service,North America,MX,3721667,4661438.34,346480.77,457702.55,4068147.77,5119140.9,658,23,681,Tier 3,3,1
PRJ-1665,Energy,South America,BR,1042506,829387.33,236464.05,252858.28,1278970.05,1082245.61,267,29,296,Tier 3,9,0
PRJ-1666,Energy,Asia,CN,2413741,2252255.25,593988.03,858934.9,3007729.03,3111190.14,301,23,324,Tier 3,8,5
PRJ-1667,Service,Europe,DE,3259469,4636040.47,62081.16,73500.68,3321550.16,4709541.15,1604,150,1754,Tier 3,3,0
PRJ-1668,Service,North America,MX,4397556,4321426.92,466426.94,670897.29,4863982.94,4992324.21,182,36,218,Tier 3,5,1
PRJ-1669,Install,South America,BR,1618143,2089386.33,336727.02,419808.49,1954870.02,2509194.82,387,26,413,Tier 3,8,8
PRJ-1670,Install,Africa,EG,54723,57624.22,5544.75,7904.44,60267.75,65528.66,470,79,549,Tier 5,4,3
PRJ-1671,Service,Africa,EG,3416646,5069580.09,803928.46,830007.7,4220574.46,5899587.8,1557,301,1858,Tier 3,10,1
PRJ-1672,Install,Europe,DE,2841550,4243165.28,743646.1,899207.16,3585196.1,5142372.44,258,15,273,Tier 3,7,5
PRJ-1673,Service,Asia,CN,927604,1518116.4,187346.64,205619.66,1114950.64,1723736.05,1558,60,1618,Tier 3,1,0
PRJ-1674,Service,North America,US,995216,709807.83,290874.69,352960.73,1286090.69,1062768.56,882,6,888,Tier 3,1,1
PRJ-1675,Energy,Asia,CN,967855,595874.61,277139.82,414036.94,1244994.82,1009911.55,1137,48,1185,Tier 3,0,0
PRJ-1676,Service,Africa,EG,3981862,2390963.04,181564.12,243646.94,4163426.12,2634609.97,1278,113,1391,Tier 3,4,4
PRJ-1677,Service,Asia,JP,3102022,4440947.11,655957.41,839002.06,3757979.41,5279949.17,814,117,931,Tier 3,0,0
PRJ-1678,Service,Oceania,NZ,3389364,4732278.82,411903.18,606558.95,3801267.18,5338837.77,393,46,439,Tier 3,1,0
PRJ-1679,Energy,Asia,CN,277730,441901.08,65818.18,73331.87,343548.18,515232.95,723,91,814,Tier 4,4,2
PRJ-1680,Install,Oceania,NZ,1751977,2065897.58,271911.01,281842.2,2023888.01,2347739.78,707,127,834,Tier 3,8,3
PRJ-1681,Install,Asia,CN,348188,443191.18,42010.8,50764.15,390198.8,493955.33,1170,47,1217,Tier 4,6,4
PRJ-1682,Install,Asia,CN,2128687,2460088.35,508417.81,512145.13,2637104.81,2972233.49,206,2,208,Tier 3,8,4
PRJ-1683,Install,Africa,ZA,3425448,4372527.5,545376.13,703323.83,3970824.13,5075851.33,71,4,75,Tier 3,6,1
PRJ-1684,Service,Europe,DE,3767977,6384415.43,575019.66,724669.88,4342996.66,7109085.31,835,45,880,Tier 3,8,3
PRJ-1685,Service,Africa,ZA,1339761,1856932.62,126098.86,146011.17,1465859.86,2002943.79,218,17,235,Tier 3,7,0
PRJ-1686,Service,Africa,ZA,1558100,2116024.91,360225.23,388238.12,1918325.23,2504263.04,518,54,572,Tier 3,8,5
PRJ-1687,Install,South America,BR,899817,1426336.95,109111.32,146377.51,1008928.32,1572714.46,1459,123,1582,Tier 3,8,0
PRJ-1688,Energy,South America,AR,2430903,4197158.3,602381.05,849180.47,3033284.05,5046338.77,1000,125,1125,Tier 3,2,1
PRJ-1689,Energy,North America,US,182322,189384.34,45240.19,66091.72,227562.19,255476.06,1504,115,1619,Tier 5,3,0
PRJ-1690,Energy,Asia,CN,831033,1232502.93,2757.21,3518.38,833790.21,1236021.31,1022,89,1111,Tier 4,4,3
PRJ-1691,Service,Africa,ZA,4529953,6570555.37,1114910.9,1580267.1,5644863.9,8150822.47,128,18,146,Tier 2,2,1
PRJ-1692,Service,Asia,CN,4191461,4989654.24,1199254.25,1665678.84,5390715.25,6655333.08,364,23,387,Tier 2,2,2
PRJ-1693,Energy,Asia,CN,4997517,7121618.32,202616.1,237957.14,5200133.1,7359575.46,224,14,238,Tier 2,4,1
PRJ-1694,Energy,Africa,EG,836259,509948.9,16753.21,22892.59,853012.21,532841.49,520,92,612,Tier 4,8,7
PRJ-1695,Energy,Asia,CN,4162359,4110529.77,1159880.69,1450372.54,5322239.69,5560902.3,1454,253,1707,Tier 2,7,2
PRJ-1696,Service,Oceania,NZ,1905413,1509335.09,227280.31,311231.5,2132693.31,1820566.59,360,7,367,Tier 3,1,1
PRJ-1697,Install,North America,MX,1864043,2872320.01,5270.07,6282.46,1869313.07,2878602.47,816,0,816,Tier 3,9,2
PRJ-1698,Service,Oceania,NZ,4949323,4856664.42,1350237.94,1480463.35,6299560.94,6337127.77,1450,108,1558,Tier 2,1,1
PRJ-1699,Install,South America,AR,3792223,6283135.08,921067.51,973192.17,4713290.51,7256327.24,207,37,244,Tier 3,9,7
PRJ-1700,Service,Oceania,AU,4282644,4973550.76,972705.43,1404217.11,5255349.43,6377767.87,864,59,923,Tier 2,3,2
PRJ-1701,Service,South America,AR,2979900,4523704.26,722823.29,1012972.29,3702723.29,5536676.55,52,0,52,Tier 3,4,3
PRJ-1702,Service,North America,US,2804223,1724141.38,331343.52,430687.66,3135566.52,2154829.04,1406,134,1540,Tier 3,6,6
PRJ-1703,Service,Europe,FR,4910939,6663227.84,11155.1,14162.25,4922094.1,6677390.09,27,1,28,Tier 3,1,0
PRJ-1704,Service,South America,AR,4753999,3377146.43,273485.84,316361.3,5027484.84,3693507.72,510,3,513,Tier 2,8,1
PRJ-1705,Install,Oceania,AU,4235635,6099851.97,152107.02,207047.5,4387742.02,6306899.47,1010,51,1061,Tier 3,4,4
PRJ-1706,Service,Asia,JP,4971352,8906467.42,672982.99,875393.01,5644334.99,9781860.44,93,0,93,Tier 2,6,3
PRJ-1707,Install,Asia,JP,4662547,6388443.74,924819.96,964167.23,5587366.96,7352610.97,854,138,992,Tier 2,6,5
PRJ-1708,Install,Oceania,AU,4747411,4186193.19,316488.29,347348.42,5063899.29,4533541.61,1172,196,1368,Tier 2,8,4
PRJ-1709,Service,Europe,FR,566335,412502.87,157411.78,159191.48,723746.78,571694.35,1351,126,1477,Tier 4,10,2
PRJ-1710,Service,Oceania,NZ,2778671,4329378.81,630612.64,767765.4,3409283.64,5097144.22,569,84,653,Tier 3,10,10
PRJ-1711,Service,Oceania,NZ,4884946,3401049.48,143431.1,205148.72,5028377.1,3606198.2,285,43,328,Tier 2,4,0
PRJ-1712,Service,Oceania,AU,3797489,3385960.11,325612.46,365815.69,4123101.46,3751775.8,960,94,1054,Tier 3,7,5
PRJ-1713,Energy,Europe,FR,2390222,3662127.4,206701.23,258441.58,2596923.23,3920568.99,1362,247,1609,Tier 3,2,0
PRJ-1714,Service,Oceania,NZ,176494,314389.35,28036.87,34235.89,204530.87,348625.24,638,102,740,Tier 5,7,6
PRJ-1715,Service,Oceania,NZ,1523467,1745819.35,57972.46,60720.05,1581439.46,1806539.4,881,82,963,Tier 3,7,1
PRJ-1716,Service,Africa,ZA,948818,787421.08,1218.62,1400.57,950036.62,788821.65,508,25,533,Tier 4,0,0
PRJ-1717,Install,Oceania,NZ,2893487,2054396.24,509181.93,699182.64,3402668.93,2753578.88,817,99,916,Tier 3,6,2
PRJ-1718,Service,South America,AR,2424219,3955609.94,231032.46,268062.93,2655251.46,4223672.87,704,19,723,Tier 3,1,0
PRJ-1719,Service,Oceania,NZ,1287913,1782014.31,18189.71,20959.42,1306102.71,1802973.74,422,3,425,Tier 3,3,2
PRJ-1720,Energy,Europe,FR,2917669,2274932.39,78570.93,95881,2996239.93,2370813.39,397,1,398,Tier 3,0,0
PRJ-1721,Install,Oceania,AU,927529,1334320.17,62810.25,73225.62,990339.25,1407545.79,898,105,1003,Tier 4,4,4
PRJ-1722,Service,Africa,EG,2678456,3399991.25,552865.07,604328.09,3231321.07,4004319.34,1221,196,1417,Tier 3,4,0
PRJ-1723,Energy,Oceania,NZ,1576798,1982917.89,456899.27,581297.02,2033697.27,2564214.91,783,38,821,Tier 3,1,1
PRJ-1724,Install,Africa,ZA,307842,524072.94,77589.17,110229.99,385431.17,634302.93,773,39,812,Tier 4,10,8
PRJ-1725,Install,Europe,DE,126401,160820.79,15402.11,16664.61,141803.11,177485.4,53,3,56,Tier 5,2,0
PRJ-1726,Energy,Oceania,AU,2377617,3521731.33,564859.02,685600.05,2942476.02,4207331.38,394,78,472,Tier 3,5,5
PRJ-1727,Service,Europe,DE,3646103,4646048.9,787448.82,873812.54,4433551.82,5519861.44,1499,244,1743,Tier 3,9,3
PRJ-1728,Install,Asia,JP,4015539,4308075.64,460970.69,489068.7,4476509.69,4797144.34,739,21,760,Tier 3,10,9
PRJ-1729,Install,North America,US,1931722,1608677.21,389594.02,484656.84,2321316.02,2093334.05,152,3,155,Tier 3,8,0
PRJ-1730,Energy,Europe,FR,3074487,2450630.91,589544.6,832783.08,3664031.6,3283414,1576,142,1718,Tier 3,4,1
PRJ-1731,Install,North America,US,2030627,1228781.14,198606.74,288883.6,2229233.74,1517664.74,1540,135,1675,Tier 3,10,5
PRJ-1732,Service,Europe,DE,2177956,3468700.72,107390.5,121263.37,2285346.5,3589964.1,1433,220,1653,Tier 3,8,3
PRJ-1733,Install,South America,AR,365641,372461,28889.67,30128.55,394530.67,402589.54,640,0,640,Tier 4,8,1
PRJ-1734,Service,Africa,ZA,939937,1319815.95,125547.11,152489.56,1065484.11,1472305.51,1271,106,1377,Tier 3,2,0
PRJ-1735,Install,South America,BR,2281077,4059733.62,47635.63,65857.85,2328712.63,4125591.47,135,1,136,Tier 3,2,0
PRJ-1736,Energy,Oceania,NZ,816933,1049995.91,152650.31,204226.68,969583.31,1254222.59,115,16,131,Tier 4,8,6
PRJ-1737,Energy,Africa,EG,593302,802197.15,68524.34,94456.92,661826.34,896654.06,1156,37,1193,Tier 4,1,0
PRJ-1738,Energy,South America,AR,1187157,1307515.71,310209,456582.52,1497366,1764098.22,1547,91,1638,Tier 3,0,0
PRJ-1739,Energy,Asia,JP,4901624,8383748.79,1331190.78,1724865.87,6232814.78,10108614.65,1691,194,1885,Tier 2,8,6
PRJ-1740,Install,Asia,JP,4743501,7714525.7,354392.35,521190.57,5097893.35,8235716.27,513,4,517,Tier 2,0,0
PRJ-1741,Install,Africa,EG,99208,144749.83,10631.48,11751,109839.48,156500.83,1140,139,1279,Tier 5,6,5
PRJ-1742,Service,North America,US,3281016,3485190.58,687177.01,730035.89,3968193.01,4215226.46,17,0,17,Tier 3,0,0
PRJ-1743,Service,Oceania,AU,714605,628327.59,87586.09,99295.98,802191.09,727623.57,373,35,408,Tier 4,8,3
PRJ-1744,Energy,Oceania,AU,3302507,2885190.59,395144.39,532173.38,3697651.39,3417363.97,459,7,466,Tier 3,2,0
PRJ-1745,Install,Asia,JP,3271913,2457676.96,758299.22,953835.64,4030212.22,3411512.6,1639,43,1682,Tier 3,7,0
PRJ-1746,Service,Africa,ZA,1647357,1868810.56,432518.6,541914.76,2079875.6,2410725.32,1575,312,1887,Tier 3,7,4
PRJ-1747,Service,North America,US,3471748,4795242.29,1001125.05,1194595.67,4472873.05,5989837.96,417,44,461,Tier 3,8,2
PRJ-1748,Service,Europe,FR,4222884,5438822.32,1057926.24,1511819.89,5280810.24,6950642.21,675,104,779,Tier 2,7,3
PRJ-1749,Install,North America,US,4049984,4223073.78,662387.53,685490.3,4712371.53,4908564.07,452,69,521,Tier 3,5,4
PRJ-1750,Energy,North America,US,3556373,5144240.83,811806.79,845430.66,4368179.79,5989671.49,1279,59,1338,Tier 3,6,2
PRJ-1751,Service,Oceania,NZ,2590565,4289584.3,244573.15,327543.53,2835138.15,4617127.84,24,2,26,Tier 3,0,0
PRJ-1752,Install,Europe,DE,4746769,5966849.86,58403.65,81728.32,4805172.65,6048578.19,177,5,182,Tier 3,3,1
PRJ-1753,Install,Oceania,AU,3724490,6530095.49,1024073.57,1128751.04,4748563.57,7658846.52,754,96,850,Tier 3,3,1
PRJ-1754,Energy,Africa,EG,1325906,1670322.82,10427.74,12683.83,1336333.74,1683006.65,1711,170,1881,Tier 3,6,5
PRJ-1755,Service,Asia,JP,3503211,5071563.44,388665.86,460792.32,3891876.86,5532355.76,267,11,278,Tier 3,0,0
PRJ-1756,Install,South America,AR,4931628,8658218.05,835225.95,1153976.57,5766853.95,9812194.62,1103,205,1308,Tier 2,1,1
PRJ-1757,Energy,Europe,DE,1931731,1992308.81,494237.74,603718.45,2425968.74,2596027.26,831,51,882,Tier 3,6,3
PRJ-1758,Install,Asia,JP,1001423,622929.21,195876.56,228464.58,1197299.56,851393.79,800,15,815,Tier 3,1,1
PRJ-1759,Energy,Asia,JP,3977859,3205483,403758.86,437221.96,4381617.86,3642704.96,153,4,157,Tier 3,9,2
PRJ-1760,Service,Asia,JP,602830,936699.03,132536.84,191545.59,735366.84,1128244.62,1326,140,1466,Tier 4,1,1
PRJ-1761,Energy,South America,AR,3216798,5042442.2,926141.4,1171667.72,4142939.4,6214109.92,1136,226,1362,Tier 3,10,4
PRJ-1762,Service,Europe,DE,1598139,2305016.54,189095.73,226551.45,1787234.73,2531567.99,948,140,1088,Tier 3,6,2
PRJ-1763,Energy,South America,AR,4236405,3779541.43,5935.63,7926.8,4242340.63,3787468.23,1438,154,1592,Tier 3,4,1
PRJ-1764,Install,Asia,CN,2862763,3200094.38,811176.92,1204159.12,3673939.92,4404253.5,1640,3,1643,Tier 3,2,1
PRJ-1765,Service,North America,MX,183189,267684.9,34586.17,51465.06,217775.17,319149.96,80,6,86,Tier 5,2,0
PRJ-1766,Install,Europe,FR,828400,708495.69,122738.4,160284.13,951138.4,868779.82,547,47,594,Tier 4,9,0
PRJ-1767,Energy,Oceania,AU,3855453,4826315.2,106660.61,133250.65,3962113.61,4959565.85,1605,61,1666,Tier 3,5,4
PRJ-1768,Install,Africa,EG,4139316,4837543.78,31413.75,35760.35,4170729.75,4873304.13,1007,3,1010,Tier 3,1,1
PRJ-1769,Install,Europe,DE,2974233,2200579.24,851837.4,1022439.51,3826070.4,3223018.75,1652,286,1938,Tier 3,2,1
PRJ-1770,Service,Oceania,NZ,2201759,3443358.4,109612.09,155790.05,2311371.09,3599148.46,475,15,490,Tier 3,6,3
PRJ-1771,Install,South America,AR,658822,1081483.23,1673.17,2300.16,660495.17,1083783.4,254,6,260,Tier 4,4,4
PRJ-1772,Energy,Africa,EG,4177194,5070020.29,995662.24,1265321.56,5172856.24,6335341.84,789,126,915,Tier 2,4,3
PRJ-1773,Energy,North America,MX,1764895,1632157.94,366215.49,450631.05,2131110.49,2082788.98,255,30,285,Tier 3,8,0
PRJ-1774,Energy,Europe,DE,2600637,1674410.22,236042.1,301890.63,2836679.1,1976300.85,449,86,535,Tier 3,5,1
PRJ-1775,Energy,Asia,CN,1605645,2254480.32,47291.58,61566.19,1652936.58,2316046.51,1613,93,1706,Tier 3,9,7
PRJ-1776,Install,Asia,CN,358165,447348.57,97233.06,118038.96,455398.06,565387.53,473,49,522,Tier 4,3,2
PRJ-1777,Energy,Asia,JP,612205,1073654.59,78349.5,85826.22,690554.5,1159480.82,29,4,33,Tier 4,4,3
PRJ-1778,Service,Oceania,AU,2530451,3822463.21,625656.17,767203.66,3156107.17,4589666.87,318,8,326,Tier 3,6,2
PRJ-1779,Energy,Europe,FR,51899,91245.11,9602.1,12784.79,61501.1,104029.9,571,58,629,Tier 5,9,7
PRJ-1780,Energy,Oceania,AU,212259,212372.35,20228.73,29032.64,232487.73,241405,1382,199,1581,Tier 5,2,1
PRJ-1781,Service,Europe,DE,2425412,3656963.14,220144.14,271561.7,2645556.14,3928524.84,568,74,642,Tier 3,10,7
PRJ-1782,Install,Africa,EG,4603221,7054578.42,579321.7,621204.8,5182542.7,7675783.21,995,95,1090,Tier 2,9,8
PRJ-1783,Install,North America,US,2058775,3148408.79,374908.31,417105.05,2433683.31,3565513.84,461,4,465,Tier 3,10,6
PRJ-1784,Energy,Asia,CN,1285404,1299707.7,40690.23,50418.94,1326094.23,1350126.64,519,36,555,Tier 3,0,0
PRJ-1785,Energy,Africa,ZA,156922,246650.21,29307.34,40256.97,186229.34,286907.17,520,47,567,Tier 5,10,2
PRJ-1786,Service,Africa,EG,767428,1130492.21,195728.95,246816.06,963156.95,1377308.27,1768,87,1855,Tier 4,5,1
PRJ-1787,Install,South America,BR,898256,645627.33,188576.86,272252.8,1086832.86,917880.13,947,29,976,Tier 3,3,1
PRJ-1788,Install,South America,BR,84834,113645.78,17423.45,25751.2,102257.45,139396.98,1740,346,2086,Tier 5,1,0
PRJ-1789,Install,South America,AR,207695,311046.37,26968.67,30622.72,234663.67,341669.1,702,75,777,Tier 5,4,1
PRJ-1790,Install,South America,AR,4165618,4717059.08,196791.05,280568.48,4362409.05,4997627.56,1773,32,1805,Tier 3,3,1
PRJ-1791,Install,South America,AR,3230397,4969044.05,751643.75,816582.86,3982040.75,5785626.91,569,37,606,Tier 3,8,6
PRJ-1792,Service,North America,US,470024,465276.38,31254.23,37565.08,501278.23,502841.46,1104,167,1271,Tier 4,1,0
PRJ-1793,Install,Oceania,AU,1445924,1689334.03,162937.68,223199.69,1608861.68,1912533.72,1349,172,1521,Tier 3,2,0
PRJ-1794,Install,North America,US,3427655,5983693.11,66007.78,78672.78,3493662.78,6062365.89,318,48,366,Tier 3,8,4
PRJ-1795,Install,North America,MX,3608303,3211887.94,717987.02,891838.92,4326290.02,4103726.86,969,40,1009,Tier 3,9,8
PRJ-1796,Energy,Oceania,AU,3168782,4850357.16,935309.13,1293660.22,4104091.13,6144017.39,669,90,759,Tier 3,9,9
PRJ-1797,Install,North America,US,789137,1005018.86,141586.34,187361.66,930723.34,1192380.52,1603,13,1616,Tier 4,10,5
PRJ-1798,Service,Europe,DE,3320939,5650761.81,780319.61,786777.24,4101258.61,6437539.05,1788,294,2082,Tier 3,9,1
PRJ-1799,Energy,North America,MX,3997472,2851912.51,881001.21,1091456.19,4878473.21,3943368.7,742,119,861,Tier 3,0,0
PRJ-1800,Energy,North America,MX,567940,805924.62,154273.89,193802.49,722213.89,999727.11,637,28,665,Tier 4,8,5
PRJ-1801,Service,Europe,DE,417512,447089.04,33476.38,37713.21,450988.38,484802.25,1292,20,1312,Tier 4,1,1
PRJ-1802,Energy,South America,BR,2145517,2692596.69,65819.17,68472.02,2211336.17,2761068.7,1653,88,1741,Tier 3,6,1
PRJ-1803,Install,Oceania,AU,651552,452763.26,52584.47,67117.84,704136.47,519881.1,86,11,97,Tier 4,8,5
PRJ-1804,Energy,South America,BR,2258196,2167402.56,488345.03,564990.16,2746541.03,2732392.73,1652,53,1705,Tier 3,4,0
PRJ-1805,Install,Asia,JP,4705094,8258174.2,1286890.87,1692930.78,5991984.87,9951104.98,394,21,415,Tier 2,1,1
PRJ-1806,Service,Oceania,AU,3508413,5405855.53,719984.34,835118.99,4228397.34,6240974.52,484,51,535,Tier 3,5,2
PRJ-1807,Install,Asia,CN,1683274,1794373.64,344184.85,372811.9,2027458.85,2167185.55,187,31,218,Tier 3,2,0
PRJ-1808,Install,South America,BR,4341566,7779541.94,208169.57,303262.01,4549735.57,8082803.95,436,21,457,Tier 3,7,1
PRJ-1809,Install,Europe,FR,891237,997451.6,227168.46,310569.33,1118405.46,1308020.93,865,159,1024,Tier 3,1,0
PRJ-1810,Install,South America,AR,4834378,8000069.91,269556.25,369331.29,5103934.25,8369401.19,366,61,427,Tier 2,1,0
PRJ-1811,Install,North America,MX,4429166,7136637.65,496850.78,510978.96,4926016.78,7647616.61,1273,128,1401,Tier 3,10,0
PRJ-1812,Install,Europe,FR,4029997,4527832.05,336327,353086.17,4366324,4880918.22,1640,296,1936,Tier 3,3,1
PRJ-1813,Install,Oceania,NZ,3513911,2755648.79,976693.56,1030158.83,4490604.56,3785807.62,388,44,432,Tier 3,1,0
PRJ-1814,Energy,Africa,ZA,1404091,2401884.46,808.53,849.12,1404899.53,2402733.58,386,18,404,Tier 3,10,0
PRJ-1815,Install,South America,AR,2976471,3968090.24,712819.18,744348.91,3689290.18,4712439.15,1605,281,1886,Tier 3,4,0
PRJ-1816,Energy,North America,US,3457527,2886201.28,661933.27,906674.83,4119460.27,3792876.11,729,54,783,Tier 3,3,1
PRJ-1817,Install,South America,AR,2065906,2910797.61,149629.61,161629.42,2215535.61,3072427.02,302,51,353,Tier 3,3,0
PRJ-1818,Service,South America,BR,3219595,2657582.88,490492.09,604330.67,3710087.09,3261913.55,105,11,116,Tier 3,5,4
PRJ-1819,Service,Africa,EG,403804,588094.77,3681.18,4578,407485.18,592672.77,1443,77,1520,Tier 4,0,0
PRJ-1820,Energy,South America,AR,4859238,3217094.12,165690.08,202229.94,5024928.08,3419324.06,1045,55,1100,Tier 2,3,0
PRJ-1821,Service,Africa,ZA,1126665,1746072.56,102250.91,127491.63,1228915.91,1873564.18,1347,235,1582,Tier 3,8,6
PRJ-1822,Service,North America,MX,2305137,3896222.92,645466.07,962668.4,2950603.07,4858891.32,1543,35,1578,Tier 3,2,2
PRJ-1823,Service,Asia,JP,1149347,839457.06,183474.89,226325.37,1332821.89,1065782.43,1730,223,1953,Tier 3,5,0
PRJ-1824,Install,Africa,EG,3255038,2926148.94,913541.94,1194994.22,4168579.94,4121143.16,1302,156,1458,Tier 3,1,0
PRJ-1825,Service,Europe,FR,322263,288210.88,52432.81,61198.71,374695.81,349409.59,1702,318,2020,Tier 4,3,3
PRJ-1826,Energy,Oceania,AU,2210466,2553892.9,617193.23,669380.98,2827659.23,3223273.89,1280,72,1352,Tier 3,1,0
PRJ-1827,Service,North America,US,4128690,4646236.46,319826.15,395569.02,4448516.15,5041805.48,428,45,473,Tier 3,9,0
PRJ-1828,Install,Europe,FR,1865915,2039234.19,461920.35,621976.45,2327835.35,2661210.64,565,40,605,Tier 3,5,3
PRJ-1829,Service,Oceania,AU,3483023,4494580.88,242712.02,289949.82,3725735.02,4784530.71,474,14,488,Tier 3,1,0
PRJ-1830,Install,South America,BR,3687520,3420864.4,813359.93,901062.33,4500879.93,4321926.73,928,113,1041,Tier 3,8,1
PRJ-1831,Energy,Asia,JP,3524687,2759583.26,936662.39,942725.69,4461349.39,3702308.95,1460,136,1596,Tier 3,5,0
PRJ-1832,Service,Europe,DE,385140,374102.24,81476.58,88707.61,466616.58,462809.85,907,17,924,Tier 4,10,4
PRJ-1833,Service,Asia,JP,3658393,3017651.76,344783.04,416776.07,4003176.04,3434427.84,1306,189,1495,Tier 3,10,1
PRJ-1834,Install,Africa,EG,905865,1215899.13,56479.03,82116.94,962344.03,1298016.08,1279,203,1482,Tier 4,1,1
PRJ-1835,Energy,Asia,CN,1502283,2333954.36,80255.28,91546.46,1582538.28,2425500.83,30,5,35,Tier 3,9,3
PRJ-1836,Energy,Africa,EG,3946577,5589759.93,1000346.62,1011560.75,4946923.62,6601320.68,134,12,146,Tier 3,10,6
PRJ-1837,Service,South America,BR,2030244,1768585,324098.4,331501.63,2354342.4,2100086.63,1504,270,1774,Tier 3,1,0
PRJ-1838,Service,Asia,JP,4543461,6244280.25,538321.21,560688.53,5081782.21,6804968.78,503,33,536,Tier 2,8,1
PRJ-1839,Service,Oceania,NZ,782947,869901.44,226305.93,334735,1009252.93,1204636.44,885,120,1005,Tier 3,9,2
PRJ-1840,Service,North America,US,975506,803750.93,126520.43,170276.56,1102026.43,974027.49,130,6,136,Tier 3,3,0
PRJ-1841,Service,North America,MX,2485472,2222425.69,203130.36,239829.14,2688602.36,2462254.83,1137,227,1364,Tier 3,2,1
PRJ-1842,Energy,Oceania,AU,4479319,7210933.77,1235280.08,1823702.89,5714599.08,9034636.66,87,13,100,Tier 2,9,9
PRJ-1843,Energy,Europe,FR,269129,323124.71,17944.55,20534.46,287073.55,343659.17,1786,47,1833,Tier 4,7,0
PRJ-1844,Install,South America,AR,4612134,4394083.33,1091050.21,1125904.62,5703184.21,5519987.94,1431,152,1583,Tier 2,1,1
PRJ-1845,Install,North America,US,4772510,6632558.99,40192.58,47764.9,4812702.58,6680323.89,1349,177,1526,Tier 3,5,4
PRJ-1846,Energy,Africa,EG,1322869,1528285.49,66483.71,86991.92,1389352.71,1615277.41,259,19,278,Tier 3,5,4
PRJ-1847,Service,South America,BR,3237543,5817017.22,795590.18,1166702.89,4033133.18,6983720.12,398,21,419,Tier 3,7,4
PRJ-1848,Energy,South America,BR,4676759,3195577.92,555463.14,633328.36,5232222.14,3828906.28,446,6,452,Tier 2,2,2
PRJ-1849,Energy,Africa,ZA,4838487,7201841.86,1195613.13,1625089.47,6034100.13,8826931.33,1081,34,1115,Tier 2,5,2
PRJ-1850,Install,Europe,FR,142221,243479.2,9520.79,10190.75,151741.79,253669.95,1671,249,1920,Tier 5,0,0
PRJ-1851,Energy,Oceania,NZ,1937825,2696483.86,506985.85,739588.22,2444810.85,3436072.08,564,75,639,Tier 3,6,5
PRJ-1852,Energy,Asia,CN,1669083,2924465.54,174951.85,176588.23,1844034.85,3101053.78,1817,20,1837,Tier 3,8,6
PRJ-1853,Service,Asia,JP,2217621,3029170.76,587243.88,649035.44,2804864.88,3678206.2,539,103,642,Tier 3,7,4
PRJ-1854,Energy,Asia,JP,3859713,3437221.26,954191.96,1169352.75,4813904.96,4606574.01,1588,6,1594,Tier 3,3,3
PRJ-1855,Service,South America,BR,192976,155174.11,41337.46,53467.66,234313.46,208641.78,920,42,962,Tier 5,6,6
PRJ-1856,Install,Oceania,AU,3556087,4302672.72,930754.29,1261502.26,4486841.29,5564174.98,228,15,243,Tier 3,3,1
PRJ-1857,Service,North America,MX,879148,639984.44,95892.3,142636.82,975040.3,782621.26,911,101,1012,Tier 4,10,2
PRJ-1858,Install,North America,MX,3762938,6151399,10806.76,15749.62,3773744.76,6167148.61,1404,221,1625,Tier 3,4,4
PRJ-1859,Install,Europe,FR,1644386,1582035.87,175914.95,191096.47,1820300.95,1773132.34,65,7,72,Tier 3,2,0
PRJ-1860,Energy,Africa,EG,2902329,4068225.76,441621.03,456851.47,3343950.03,4525077.24,565,93,658,Tier 3,7,3
PRJ-1861,Install,Africa,EG,1754067,2944469.75,194101.69,233531.25,1948168.69,3178001,1309,155,1464,Tier 3,2,1
PRJ-1862,Energy,South America,BR,387167,279539.28,4178.68,5747.95,391345.68,285287.24,627,81,708,Tier 4,10,10
PRJ-1863,Install,North America,US,1054395,1013605.48,246667.41,275197.22,1301062.41,1288802.71,630,95,725,Tier 3,9,0
PRJ-1864,Energy,North America,US,2047192,2807668.96,529418.02,704920.19,2576610.02,3512589.15,1754,189,1943,Tier 3,4,0
PRJ-1865,Service,Africa,EG,674459,885884.6,40972.86,48615.72,715431.86,934500.32,705,16,721,Tier 4,5,1
PRJ-1866,Install,Asia,CN,1491283,1257029.87,15102.21,19671.31,1506385.21,1276701.17,598,20,618,Tier 3,1,1
PRJ-1867,Service,South America,AR,745227,1259201.5,7575.71,10188.24,752802.71,1269389.74,1637,61,1698,Tier 4,5,5
PRJ-1868,Install,Europe,FR,3590154,4924852.56,207584.64,252817.21,3797738.64,5177669.77,1136,102,1238,Tier 3,6,2
PRJ-1869,Energy,South America,BR,777188,1255522.13,177863.25,236231.65,955051.25,1491753.78,100,6,106,Tier 4,8,7
PRJ-1870,Service,Africa,EG,4762121,3212820.34,808867.64,1072438.06,5570988.64,4285258.4,980,59,1039,Tier 2,3,3
PRJ-1871,Install,Asia,CN,1445687,1670501.37,62615.23,83275.01,1508302.23,1753776.39,104,7,111,Tier 3,5,4
PRJ-1872,Install,Oceania,NZ,154116,125954.72,7804.93,10695.56,161920.93,136650.28,1078,135,1213,Tier 5,3,2
PRJ-1873,Energy,Africa,ZA,955338,766582.28,41780.03,51519.87,997118.03,818102.15,1545,202,1747,Tier 4,0,0
PRJ-1874,Install,Asia,CN,4819431,5770797.31,1063948.35,1140987.78,5883379.35,6911785.09,884,122,1006,Tier 2,7,0
PRJ-1875,Install,Europe,DE,1169018,1104537.11,241868.71,296921.71,1410886.71,1401458.82,472,86,558,Tier 3,7,4
PRJ-1876,Energy,Asia,JP,3768288,2733753.87,1037794.84,1393556.3,4806082.84,4127310.17,1540,274,1814,Tier 3,3,0
PRJ-1877,Service,South America,BR,3305584,4099443.56,702583.64,717062.35,4008167.64,4816505.91,133,20,153,Tier 3,8,3
PRJ-1878,Install,Africa,EG,3388852,3014531.45,878577.09,885464.84,4267429.09,3899996.29,256,46,302,Tier 3,7,5
PRJ-1879,Energy,Europe,DE,2501237,2878096.68,393742.58,397740.39,2894979.58,3275837.07,1188,175,1363,Tier 3,5,5
PRJ-1880,Install,North America,US,3768190,2804885.45,438796.37,608611.93,4206986.37,3413497.38,320,21,341,Tier 3,6,2
PRJ-1881,Energy,Oceania,NZ,3826856,3622953.96,811897.47,999513.88,4638753.47,4622467.85,143,6,149,Tier 3,4,3
PRJ-1882,Install,Europe,DE,2088241,2610000.22,552894.31,639748.5,2641135.31,3249748.71,804,31,835,Tier 3,4,3
PRJ-1883,Energy,North America,US,1412149,1337042.35,33433.37,39574.14,1445582.37,1376616.49,297,8,305,Tier 3,9,6
PRJ-1884,Service,Oceania,AU,1058502,1142032.47,77043.8,80390.54,1135545.8,1222423.01,272,54,326,Tier 3,1,1
PRJ-1885,Energy,Africa,ZA,3619442,2851673.9,860165,997788.16,4479607,3849462.05,100,17,117,Tier 3,2,2
PRJ-1886,Service,Asia,CN,2747465,3263819.74,123068.19,140347.29,2870533.19,3404167.03,636,34,670,Tier 3,0,0
PRJ-1887,Install,Oceania,AU,3789126,3912876.37,455046.24,611462.26,4244172.24,4524338.63,247,22,269,Tier 3,9,9
PRJ-1888,Install,Africa,EG,3096353,5142605.62,1755.92,1866.96,3098108.92,5144472.58,775,77,852,Tier 3,8,8
PRJ-1889,Energy,Europe,FR,3116318,5174653.14,847644.38,965704.12,3963962.38,6140357.26,1158,92,1250,Tier 3,4,0
PRJ-1890,Install,North America,MX,4215888,4069842.99,559122.8,645154.44,4775010.8,4714997.44,88,8,96,Tier 3,4,1
PRJ-1891,Service,Asia,JP,533816,612847.75,106625.93,114016.13,640441.93,726863.88,1283,74,1357,Tier 4,8,7
PRJ-1892,Install,Africa,EG,2594487,4186559.98,228951.31,271059.91,2823438.31,4457619.88,1179,114,1293,Tier 3,6,2
PRJ-1893,Install,Europe,DE,1228612,1478395.7,279518.86,347810.01,1508130.86,1826205.7,532,75,607,Tier 3,6,1
PRJ-1894,Service,Europe,DE,2227418,3859467.13,139195.72,144023.65,2366613.72,4003490.79,1806,255,2061,Tier 3,5,2
PRJ-1895,Service,South America,AR,4048515,3610426.23,363347.27,405172.2,4411862.27,4015598.43,358,32,390,Tier 3,4,1
PRJ-1896,Service,South America,AR,622508,1109400.06,156188.86,195068.06,778696.86,1304468.12,857,13,870,Tier 4,4,3
PRJ-1897,Install,Africa,EG,1383146,832267.15,205646.31,206100.42,1588792.31,1038367.57,144,10,154,Tier 3,6,6
PRJ-1898,Service,North America,US,4671903,3058071.92,61194.73,87187.57,4733097.73,3145259.49,1396,169,1565,Tier 3,9,3
PRJ-1899,Install,Europe,FR,4468128,6999472.56,856613.24,1144921.6,5324741.24,8144394.16,1279,23,1302,Tier 2,5,2
PRJ-1900,Energy,Oceania,AU,1182451,2065840.14,47213.67,63507.6,1229664.67,2129347.74,1552,26,1578,Tier 3,9,9
PRJ-1901,Install,North America,MX,1195617,1909457.83,217162.7,250999.2,1412779.7,2160457.03,860,96,956,Tier 3,7,2
PRJ-1902,Install,Asia,JP,1620095,1602254.79,74267.63,92432.66,1694362.63,1694687.45,1028,84,1112,Tier 3,7,7
PRJ-1903,Install,South America,BR,4033441,2786000.87,898898.16,1127525.85,4932339.16,3913526.73,725,11,736,Tier 3,0,0
PRJ-1904,Energy,North America,US,2285018,1702495.27,560655.76,776738.17,2845673.76,2479233.44,1452,205,1657,Tier 3,4,1
PRJ-1905,Energy,South America,AR,3149570,2510415.17,800645.42,1068088.87,3950215.42,3578504.04,818,91,909,Tier 3,5,4
PRJ-1906,Service,Oceania,AU,2629026,2922505.77,192504.48,228369.83,2821530.48,3150875.6,1102,170,1272,Tier 3,2,1
PRJ-1907,Service,North America,US,2455332,2074607.18,21446.37,28891.3,2476778.37,2103498.48,1528,249,1777,Tier 3,0,0
PRJ-1908,Service,South America,BR,4030198,6894993.33,744628.45,875205.05,4774826.45,7770198.38,956,87,1043,Tier 3,7,2
PRJ-1909,Install,South America,AR,3787433,5619898.96,219012.06,321829.19,4006445.06,5941728.16,1382,267,1649,Tier 3,5,3
PRJ-1910,Install,Asia,JP,2667050,1878738.66,538983.43,779087.34,3206033.43,2657825.99,1695,291,1986,Tier 3,4,1
PRJ-1911,Energy,Asia,JP,769773,562444.39,175437.6,238526.58,945210.6,800970.97,788,28,816,Tier 4,3,0
PRJ-1912,Install,North America,MX,4972544,4101323.7,438004.7,594885.84,5410548.7,4696209.54,1588,50,1638,Tier 2,8,3
PRJ-1913,Energy,Africa,EG,2856555,3972097.37,304212.71,404596.3,3160767.71,4376693.67,585,15,600,Tier 3,9,7
PRJ-1914,Install,Asia,JP,1511392,1807125.87,431867.48,527595.36,1943259.48,2334721.23,1360,253,1613,Tier 3,3,0
PRJ-1915,Service,North America,MX,3865351,2772905.74,903227.18,1165203.32,4768578.18,3938109.07,1652,168,1820,Tier 3,8,5
PRJ-1916,Service,Africa,ZA,2052166,3385714.97,378398.19,521546.15,2430564.19,3907261.12,1125,15,1140,Tier 3,6,3
PRJ-1917,Service,Africa,ZA,120498,188038.44,28510.48,35429.39,149008.48,223467.83,900,53,953,Tier 5,6,0
PRJ-1918,Service,Oceania,AU,1550108,2550527.55,103926.12,108816.24,1654034.12,2659343.78,1199,226,1425,Tier 3,3,0
PRJ-1919,Service,Oceania,AU,1651738,1234038.78,41653.96,60458.32,1693391.96,1294497.09,576,11,587,Tier 3,4,1
PRJ-1920,Energy,Europe,FR,764099,990327.2,20581.3,23728.41,784680.3,1014055.61,1558,242,1800,Tier 4,7,1
PRJ-1921,Energy,Europe,DE,2693631,4031910.82,28921.9,32918.27,2722552.9,4064829.09,610,92,702,Tier 3,0,0
PRJ-1922,Install,Africa,ZA,3619532,3141307.86,267553.17,372251.74,3887085.17,3513559.6,590,19,609,Tier 3,3,1
PRJ-1923,Energy,Europe,DE,3521238,4650956.05,364899.03,438899.37,3886137.03,5089855.42,915,168,1083,Tier 3,8,8
PRJ-1924,Install,South America,AR,3076970,3760900.49,575699.17,765862.16,3652669.17,4526762.64,1681,242,1923,Tier 3,10,6
PRJ-1925,Energy,South America,BR,217962,147169.01,25490.02,25643.54,243452.02,172812.55,1707,275,1982,Tier 5,7,2
PRJ-1926,Energy,Africa,EG,4495457,8088754.46,1133483.68,1679418.44,5628940.68,9768172.91,1125,199,1324,Tier 2,6,4
PRJ-1927,Install,Asia,JP,2379098,3806635.35,316167.29,389035.66,2695265.29,4195671.01,1143,170,1313,Tier 3,8,5
PRJ-1928,Service,Asia,CN,1953453,2706908.07,154391.61,190661.78,2107844.61,2897569.85,1779,317,2096,Tier 3,5,1
PRJ-1929,Service,North America,MX,3564323,3318775.74,671522.96,729033.54,4235845.96,4047809.28,551,94,645,Tier 3,9,1
PRJ-1930,Energy,Asia,CN,3047513,2811903.1,343754.84,345676.16,3391267.84,3157579.26,1053,185,1238,Tier 3,10,4
PRJ-1931,Energy,Europe,DE,1437536,2267076.51,381021.91,524163.53,1818557.91,2791240.04,1024,200,1224,Tier 3,6,5
PRJ-1932,Install,Africa,EG,4174487,6982084.09,479621.69,538700.96,4654108.69,7520785.05,835,76,911,Tier 3,6,5
PRJ-1933,Install,Asia,CN,4910252,4018624.37,698411.74,947376.4,5608663.74,4966000.76,1111,44,1155,Tier 2,8,4
PRJ-1934,Service,Africa,ZA,3830491,6252673.97,524973.27,596914.45,4355464.27,6849588.42,865,31,896,Tier 3,3,2
PRJ-1935,Energy,North America,US,2354982,3429537.59,133761.99,195170.35,2488743.99,3624707.94,760,3,763,Tier 3,9,5
PRJ-1936,Energy,North America,MX,198581,271069.31,52300.2,75819.23,250881.2,346888.54,756,99,855,Tier 4,3,0
PRJ-1937,Install,Europe,DE,1212554,1605642.79,309452.65,377562.89,1522006.65,1983205.68,1223,200,1423,Tier 3,9,6
PRJ-1938,Install,Africa,ZA,138335,122204.07,11334.22,15122.03,149669.22,137326.1,1097,20,1117,Tier 5,4,3
PRJ-1939,Service,South America,BR,4371507,3053884.76,1261337.44,1640148.63,5632844.44,4694033.39,204,3,207,Tier 2,7,5
PRJ-1940,Install,Asia,CN,2113492,2169030.52,6188.5,8667.22,2119680.5,2177697.74,740,93,833,Tier 3,0,0
PRJ-1941,Energy,Oceania,AU,4887023,3630799.03,925058.53,1357025.29,5812081.53,4987824.32,1119,194,1313,Tier 2,9,5
PRJ-1942,Energy,North America,US,2857889,3477494.82,618726.5,804159.46,3476615.5,4281654.28,315,56,371,Tier 3,1,0
PRJ-1943,Install,Asia,JP,3978617,5452973.97,1052968.55,1401735.56,5031585.55,6854709.53,28,2,30,Tier 2,2,1
PRJ-1944,Install,Asia,CN,3509542,2572034.12,811599.48,900646.95,4321141.48,3472681.07,621,106,727,Tier 3,10,2
PRJ-1945,Energy,Asia,CN,4180787,7071195.51,118189.2,150282.62,4298976.2,7221478.13,894,64,958,Tier 3,9,1
PRJ-1946,Service,Europe,DE,1868377,2342208.83,33562.01,42973.28,1901939.01,2385182.11,755,56,811,Tier 3,0,0
PRJ-1947,Install,North America,US,1549319,999296.29,4208.07,4894.48,1553527.07,1004190.76,337,53,390,Tier 3,0,0
PRJ-1948,Energy,Asia,JP,4080501,2611753.38,343716.43,413896.35,4424217.43,3025649.72,584,53,637,Tier 3,3,1
PRJ-1949,Service,Africa,ZA,854404,1275658.39,245864.78,266454.16,1100268.78,1542112.56,74,11,85,Tier 3,10,8
PRJ-1950,Energy,Oceania,NZ,63683,84801.45,3829.54,5326.81,67512.54,90128.27,685,133,818,Tier 5,2,2
PRJ-1951,Install,Africa,EG,3873798,2756660.71,779771.2,831532.24,4653569.2,3588192.95,1485,166,1651,Tier 3,3,2
PRJ-1952,Install,South America,AR,3019488,2350832.84,31717.81,44702.05,3051205.81,2395534.89,610,90,700,Tier 3,2,2
PRJ-1953,Energy,South America,AR,1050045,1821957.8,152112.4,202587.78,1202157.4,2024545.58,182,25,207,Tier 3,10,8
PRJ-1954,Install,Asia,CN,3654641,6148462.21,92943.21,119925.66,3747584.21,6268387.87,462,27,489,Tier 3,8,2
PRJ-1955,Install,South America,BR,3197763,2253771.79,805757.5,859447.81,4003520.5,3113219.61,1017,45,1062,Tier 3,0,0
PRJ-1956,Install,Europe,DE,2591673,2188057.53,486051.94,654535.24,3077724.94,2842592.77,1658,54,1712,Tier 3,10,2
PRJ-1957,Install,Africa,ZA,3091242,3052936.41,183513.76,228487.69,3274755.76,3281424.11,691,38,729,Tier 3,2,0
PRJ-1958,Install,South America,BR,3258696,4547186.99,504785.31,719038.61,3763481.31,5266225.61,1656,257,1913,Tier 3,7,4
PRJ-1959,Energy,Africa,EG,2556540,3507774.08,650613.06,691144.55,3207153.06,4198918.64,1603,3,1606,Tier 3,0,0
PRJ-1960,Install,Oceania,NZ,3721191,5597345.71,616446.02,734721.34,4337637.02,6332067.04,1206,43,1249,Tier 3,5,2
PRJ-1961,Service,North America,US,2916204,1908942.62,138567.65,143434.47,3054771.65,2052377.09,704,118,822,Tier 3,4,0
PRJ-1962,Service,South America,BR,4100817,5098830.15,679666.04,873838.57,4780483.04,5972668.72,801,95,896,Tier 3,0,0
PRJ-1963,Install,North America,US,4177421,4992508.56,622849.36,768311.26,4800270.36,5760819.82,1398,40,1438,Tier 3,6,6
PRJ-1964,Install,Europe,DE,3656024,2964429.51,820155.71,1064674.7,4476179.71,4029104.21,621,62,683,Tier 3,8,6
PRJ-1965,Service,North America,US,1521229,1359597.76,425810.46,633799.96,1947039.46,1993397.72,72,0,72,Tier 3,6,4
PRJ-1966,Energy,Oceania,AU,515928,796731.16,68198.5,70692.15,584126.5,867423.3,948,90,1038,Tier 4,1,0
PRJ-1967,Service,South America,BR,2413760,4122733.45,26930.5,38010.19,2440690.5,4160743.64,536,9,545,Tier 3,1,1
PRJ-1968,Service,North America,US,3779365,5958236.55,22104.34,31188.97,3801469.34,5989425.52,1084,125,1209,Tier 3,1,1
PRJ-1969,Install,Asia,JP,1151622,1373160.45,181001.97,257975.35,1332623.97,1631135.8,469,25,494,Tier 3,2,2
PRJ-1970,Energy,South America,BR,1103332,1059269.53,36852.29,49917.53,1140184.29,1109187.05,501,9,510,Tier 3,9,6
PRJ-1971,Service,South America,BR,1382633,1653587.22,4820.37,6726.39,1387453.37,1660313.61,291,44,335,Tier 3,8,8
PRJ-1972,Service,Africa,EG,1334470,836355.94,364130.11,430920.73,1698600.11,1267276.67,244,43,287,Tier 3,0,0
PRJ-1973,Energy,Europe,DE,2893974,2824786.13,209288.07,221730.18,3103262.07,3046516.31,608,56,664,Tier 3,6,1
PRJ-1974,Install,Africa,EG,2570933,2315345.73,716632.98,895601.56,3287565.98,3210947.29,604,17,621,Tier 3,2,0
PRJ-1975,Service,North America,US,2282909,2478311.34,37898.42,39314.76,2320807.42,2517626.1,352,45,397,Tier 3,4,0
PRJ-1976,Service,Asia,CN,1347547,1246070.06,36306.14,47195.31,1383853.14,1293265.37,1780,338,2118,Tier 3,10,0
PRJ-1977,Service,North America,MX,626356,1086376.78,76022.47,90251.23,702378.47,1176628.01,1778,347,2125,Tier 4,7,0
PRJ-1978,Service,Oceania,AU,3718947,5368741.14,911397.85,1256565.7,4630344.85,6625306.84,1582,46,1628,Tier 3,7,3
PRJ-1979,Energy,Asia,CN,1360153,2279985.81,231818.3,244949.07,1591971.3,2524934.88,28,2,30,Tier 3,10,6
PRJ-1980,Energy,Asia,CN,3706911,5606663.59,504298.54,731215.26,4211209.54,6337878.85,1612,197,1809,Tier 3,8,2
PRJ-1981,Install,Africa,EG,4869181,3890827.12,725101.24,835114.46,5594282.24,4725941.59,1650,267,1917,Tier 2,8,2
PRJ-1982,Energy,Africa,ZA,1709295,1031224.75,246056.86,347144,1955351.86,1378368.75,1762,329,2091,Tier 3,1,0
PRJ-1983,Install,Oceania,AU,3469929,4513477.62,576452.59,719234.77,4046381.59,5232712.39,801,107,908,Tier 3,10,2
PRJ-1984,Service,Asia,JP,2664678,4546776.3,153013.4,223447.1,2817691.4,4770223.4,1266,228,1494,Tier 3,8,8
PRJ-1985,Service,South America,BR,1193908,1096539.32,157113.51,222071.26,1351021.51,1318610.58,108,8,116,Tier 3,0,0
PRJ-1986,Install,South America,AR,3113373,5262481.76,813850.06,995272.78,3927223.06,6257754.54,747,142,889,Tier 3,0,0
PRJ-1987,Energy,South America,AR,1817362,2123501.76,343760.23,490202.92,2161122.23,2613704.69,1780,60,1840,Tier 3,9,4
PRJ-1988,Install,Africa,ZA,2040802,1710631.9,549672.01,712033.86,2590474.01,2422665.76,934,119,1053,Tier 3,10,10
PRJ-1989,Energy,Oceania,AU,770648,562815.16,118470.3,166965.2,889118.3,729780.37,1763,45,1808,Tier 4,5,3
PRJ-1990,Install,Asia,CN,4405787,3004295.68,998446.32,1020168.46,5404233.32,4024464.14,969,60,1029,Tier 2,0,0
PRJ-1991,Energy,Oceania,NZ,1443668,1202090.48,371330.75,484059.33,1814998.75,1686149.81,199,38,237,Tier 3,6,4
PRJ-1992,Service,Europe,DE,3746078,6081302.43,420661.92,535483.13,4166739.92,6616785.56,1285,140,1425,Tier 3,2,1
PRJ-1993,Install,Asia,CN,4105431,2718352.18,791578.27,979253.46,4897009.27,3697605.64,634,81,715,Tier 3,8,1
PRJ-1994,Energy,Europe,FR,596954,436739.29,23809.25,33223.84,620763.25,469963.14,1374,227,1601,Tier 4,1,1
PRJ-1995,Install,North America,MX,4521768,6289665.08,621154.47,929549.9,5142922.47,7219214.98,477,44,521,Tier 2,10,3
PRJ-1996,Service,South America,AR,4836666,4854019.49,131745.81,165305.16,4968411.81,5019324.65,1589,33,1622,Tier 3,0,0
PRJ-1997,Service,Oceania,AU,4906643,7083117.05,142849.74,183166.91,5049492.74,7266283.96,502,63,565,Tier 2,10,0
PRJ-1998,Energy,Oceania,NZ,4545671,7560793.02,556569.21,574789.88,5102240.21,8135582.9,1372,266,1638,Tier 2,7,7
PRJ-1999,Install,Africa,ZA,4765969,5599001.98,922155.87,1140657.76,5688124.87,6739659.75,650,82,732,Tier 2,6,1
PRJ-2000,Energy,Oceania,AU,1239657,1836253.98,155547.42,226434.38,1395204.42,2062688.36,419,73,492,Tier 3,4,1
PRJ-2001,Install,South America,BR,3691153,4583651.99,647002.66,736147.68,4338155.66,5319799.67,1348,231,1579,Tier 3,6,0
PRJ-2002,Energy,South America,AR,4284261,6032211.01,180698.56,199786.79,4464959.56,6231997.8,1683,94,1777,Tier 3,5,2
PRJ-2003,Service,Asia,CN,3974304,6397504.04,973558.23,1255310.16,4947862.23,7652814.2,299,52,351,Tier 3,9,0
PRJ-2004,Energy,Oceania,NZ,4652575,8358367.51,533228.38,588855.84,5185803.38,8947223.35,76,4,80,Tier 2,4,3
PRJ-2005,Service,Asia,CN,4465493,4081737.05,1196006.33,1213003.71,5661499.33,5294740.76,1454,286,1740,Tier 2,0,0
PRJ-2006,Service,Africa,EG,3083815,1895636.24,784232.57,992477.08,3868047.57,2888113.33,645,119,764,Tier 3,6,3
PRJ-2007,Install,North America,US,2931798,3043202.44,610372,716540.4,3542170,3759742.84,1067,3,1070,Tier 3,9,5
PRJ-2008,Install,Oceania,NZ,1731883,1871268.14,135778.35,197614.84,1867661.35,2068882.98,171,32,203,Tier 3,5,0
PRJ-2009,Service,North America,US,2504102,1993598.97,591925.58,710876.95,3096027.58,2704475.92,1535,89,1624,Tier 3,3,2
PRJ-2010,Install,Europe,DE,539260,348557.78,8448.15,9936.59,547708.15,358494.36,49,7,56,Tier 4,6,4
PRJ-2011,Install,South America,AR,2481031,4000434.86,592082.2,844403.96,3073113.2,4844838.82,1799,346,2145,Tier 3,5,5
PRJ-2012,Energy,Oceania,NZ,1420581,1860485.51,386536.21,445981.61,1807117.21,2306467.12,1543,11,1554,Tier 3,0,0
PRJ-2013,Service,Oceania,NZ,819573,606043.08,33781.03,42175.86,853354.03,648218.94,339,64,403,Tier 4,9,4
PRJ-2014,Install,Asia,CN,3117440,5489515.89,243126.59,267602.68,3360566.59,5757118.57,451,7,458,Tier 3,5,0
PRJ-2015,Service,Oceania,NZ,2965875,4154795.44,832364.3,1112472.1,3798239.3,5267267.53,165,24,189,Tier 3,6,1
PRJ-2016,Service,Africa,ZA,1667543,1194971.43,328895.19,349266.78,1996438.19,1544238.2,497,37,534,Tier 3,1,1
PRJ-2017,Service,Europe,FR,2042984,3262830.74,605349.05,845879.46,2648333.05,4108710.21,1601,135,1736,Tier 3,1,1
PRJ-2018,Service,North America,US,3151648,4640524.54,606843.47,771320.4,3758491.47,5411844.94,1662,320,1982,Tier 3,8,7
PRJ-2019,Energy,Africa,ZA,3998001,3236251.88,550962.14,672728.88,4548963.14,3908980.76,1368,243,1611,Tier 3,9,1
PRJ-2020,Service,Europe,DE,2958974,4784200.61,858380.37,1084421.7,3817354.37,5868622.31,1063,64,1127,Tier 3,7,3
PRJ-2021,Service,Africa,ZA,177670,248686.19,35700.39,39077.61,213370.39,287763.8,87,3,90,Tier 5,10,3
PRJ-2022,Energy,Europe,DE,3024290,5152583.99,330804.7,369115.26,3355094.7,5521699.25,1521,19,1540,Tier 3,6,0
PRJ-2023,Energy,Europe,DE,4311157,5036893.13,173837.87,201678.34,4484994.87,5238571.46,1745,180,1925,Tier 3,6,4
PRJ-2024,Service,South America,AR,861952,1323810.25,195012.66,257646.74,1056964.66,1581456.99,1670,331,2001,Tier 3,2,2
PRJ-2025,Install,South America,BR,3839668,3969597.56,557370.4,742517.22,4397038.4,4712114.78,1152,168,1320,Tier 3,4,2
PRJ-2026,Install,Oceania,AU,2186058,1506061.12,265893.67,338463.31,2451951.67,1844524.43,1812,234,2046,Tier 3,1,1
PRJ-2027,Service,Asia,CN,4614086,4384183.21,1211016.84,1771411.55,5825102.84,6155594.76,1215,147,1362,Tier 2,0,0
PRJ-2028,Service,Europe,DE,1658196,1890376.85,36451.84,51827.68,1694647.84,1942204.54,1558,35,1593,Tier 3,7,1
PRJ-2029,Energy,Africa,EG,3009092,2117780.01,775075.52,986585.55,3784167.52,3104365.56,1209,12,1221,Tier 3,10,9
PRJ-2030,Service,Oceania,AU,3745638,6181550.07,813948.81,1093677.27,4559586.81,7275227.34,1371,16,1387,Tier 3,3,2
PRJ-2031,Service,North America,MX,2251637,3238211.16,71626.71,84613.01,2323263.71,3322824.17,224,19,243,Tier 3,6,1
PRJ-2032,Service,South America,BR,2349378,3175014.77,593959.26,764966.63,2943337.26,3939981.4,1620,23,1643,Tier 3,7,4
PRJ-2033,Service,South America,BR,2984013,3826258.84,887867.95,926480.61,3871880.95,4752739.45,1804,156,1960,Tier 3,5,5
PRJ-2034,Install,South America,BR,4136053,5489650.32,1084563.81,1579980.1,5220616.81,7069630.42,1438,22,1460,Tier 2,8,7
PRJ-2035,Service,Africa,ZA,1112524,1909753.49,214854.48,319113.01,1327378.48,2228866.5,1627,116,1743,Tier 3,9,5
PRJ-2036,Service,Africa,ZA,4247318,2732025.98,520308.48,528730.05,4767626.48,3260756.03,1003,153,1156,Tier 3,9,5
PRJ-2037,Install,Asia,CN,3042190,4510848.51,236212.73,351392.05,3278402.73,4862240.56,1236,49,1285,Tier 3,2,0
PRJ-2038,Install,North America,US,849189,517367.92,213689.57,310197.59,1062878.57,827565.51,1386,47,1433,Tier 3,7,2
PRJ-2039,Energy,Asia,JP,4650857,2951021.47,774835.37,1090445.38,5425692.37,4041466.85,321,22,343,Tier 2,10,8
PRJ-2040,Install,Asia,JP,1972718,2395809.92,289891.81,342910.82,2262609.81,2738720.74,62,6,68,Tier 3,5,1
PRJ-2041,Service,Asia,CN,4313192,6641254.1,965076.79,1313162.93,5278268.79,7954417.03,1132,26,1158,Tier 2,10,5
PRJ-2042,Service,Europe,FR,3255278,4656511.35,703406.03,1004960.51,3958684.03,5661471.86,1374,188,1562,Tier 3,8,5
PRJ-2043,Install,South America,AR,2110768,2605437.23,526069.95,545290.98,2636837.95,3150728.2,212,8,220,Tier 3,1,0
PRJ-2044,Service,Europe,FR,3464262,5724372.26,312125.27,331401.72,3776387.27,6055773.99,914,164,1078,Tier 3,1,1
PRJ-2045,Install,North America,US,4526151,5898747.16,1090049.57,1315082.2,5616200.57,7213829.35,867,163,1030,Tier 2,2,2
PRJ-2046,Service,Africa,ZA,2229020,2070754.09,266153.19,348497.51,2495173.19,2419251.6,1106,210,1316,Tier 3,7,3
PRJ-2047,Install,Oceania,AU,2905151,1821234.3,666535.36,683105.27,3571686.36,2504339.56,242,46,288,Tier 3,0,0
PRJ-2048,Install,South America,BR,3369916,3996494.45,475405.39,515246.71,3845321.39,4511741.16,883,140,1023,Tier 3,10,6
PRJ-2049,Energy,Oceania,NZ,3998468,4242942.35,941186.82,1314186.38,4939654.82,5557128.74,665,35,700,Tier 3,9,4
PRJ-2050,Service,Oceania,NZ,4139555,2751493.57,1113669.82,1622063.8,5253224.82,4373557.37,639,54,693,Tier 2,4,4
PRJ-2051,Service,North America,US,1110345,1350931.87,219361.95,239535.37,1329706.95,1590467.24,1176,189,1365,Tier 3,2,2
PRJ-2052,Service,South America,BR,4828875,6929894.78,204369.58,299844.95,5033244.58,7229739.73,1548,16,1564,Tier 2,7,4
PRJ-2053,Install,Asia,CN,2589455,4653195.79,721110.95,1055998.5,3310565.95,5709194.29,1666,13,1679,Tier 3,6,5
PRJ-2054,Install,Europe,FR,934891,690183.9,134762.53,141579.45,1069653.53,831763.35,274,23,297,Tier 3,1,0
PRJ-2055,Install,Africa,ZA,3472096,4786299.15,257688.79,347266.87,3729784.79,5133566.03,1020,161,1181,Tier 3,4,4
PRJ-2056,Energy,Asia,JP,4884984,5531883.62,538853.92,737375.92,5423837.92,6269259.54,398,4,402,Tier 2,3,3
PRJ-2057,Energy,North America,MX,3931544,5022982.11,587810.83,845371.1,4519354.83,5868353.21,174,26,200,Tier 3,5,1
PRJ-2058,Service,Africa,ZA,1780606,2414536.51,465934.85,575909.04,2246540.85,2990445.55,1350,192,1542,Tier 3,3,0
PRJ-2059,Service,Asia,CN,3626906,3814256.49,905121.84,923948.14,4532027.84,4738204.63,441,65,506,Tier 3,1,0
PRJ-2060,Install,Asia,JP,3480655,3090046.64,602980.14,678977.16,4083635.14,3769023.8,783,73,856,Tier 3,2,2
PRJ-2061,Energy,Oceania,AU,4697167,6596471.76,906314.13,1266736.41,5603481.13,7863208.16,276,0,276,Tier 2,5,5
PRJ-2062,Install,Europe,FR,2749142,4467430.64,437268.92,564331.25,3186410.92,5031761.89,1664,122,1786,Tier 3,2,2
PRJ-2063,Energy,Asia,CN,2371456,3015922.99,438884.59,616667.77,2810340.59,3632590.76,1540,87,1627,Tier 3,0,0
PRJ-2064,Energy,North America,US,4360189,5139286.26,853092.74,1057911.24,5213281.74,6197197.5,1373,273,1646,Tier 2,0,0
PRJ-2065,Install,South America,AR,1661025,2438508.38,381572.23,446860.59,2042597.23,2885368.97,249,36,285,Tier 3,3,2
PRJ-2066,Install,Africa,ZA,2740347,3569191.95,220261.73,296920.49,2960608.73,3866112.44,1340,81,1421,Tier 3,8,0
PRJ-2067,Service,Africa,ZA,4734984,4716517.07,488921.05,502238.4,5223905.05,5218755.47,1042,133,1175,Tier 2,2,1
PRJ-2068,Service,North America,US,1754689,2077677.86,212697.64,264288.74,1967386.64,2341966.6,985,158,1143,Tier 3,2,2
PRJ-2069,Energy,Africa,EG,778511,1241730.54,73745.85,94780.35,852256.85,1336510.9,1597,221,1818,Tier 4,5,0
PRJ-2070,Service,South America,BR,1436697,2124207.36,375254.27,468170.22,1811951.27,2592377.57,572,50,622,Tier 3,6,5
PRJ-2071,Service,North America,MX,3173206,2903645.14,753707.16,977565.05,3926913.16,3881210.19,1472,159,1631,Tier 3,0,0
PRJ-2072,Energy,North America,US,865045,938526.27,79774.98,94994.27,944819.98,1033520.54,940,143,1083,Tier 4,7,1
PRJ-2073,Energy,Asia,CN,4343367,7408463.06,1179835.76,1411806.35,5523202.76,8820269.41,1801,301,2102,Tier 2,4,0
PRJ-2074,Install,Africa,EG,2218773,3022171.61,231858.59,239847.43,2450631.59,3262019.03,17,0,17,Tier 3,2,0
PRJ-2075,Energy,Asia,JP,4661115,3090793.42,1257019.89,1697652.57,5918134.89,4788445.99,387,58,445,Tier 2,0,0
PRJ-2076,Service,South America,BR,3049501,3622850,643643.35,871466.96,3693144.35,4494316.97,1439,180,1619,Tier 3,0,0
PRJ-2077,Service,South America,AR,4493129,4805252.66,536492.95,743548.15,5029621.95,5548800.81,348,62,410,Tier 2,0,0
PRJ-2078,Energy,Africa,ZA,1631684,2110871.55,56964.69,78484.65,1688648.69,2189356.2,243,12,255,Tier 3,5,5
PRJ-2079,Energy,South America,AR,3436945,5359433.5,952850.76,1134156.97,4389795.76,6493590.47,1688,58,1746,Tier 3,7,0
PRJ-2080,Energy,Asia,JP,3634111,3391253,426897.07,448465.86,4061008.07,3839718.86,1798,323,2121,Tier 3,9,3
PRJ-2081,Energy,Oceania,NZ,4300692,4080622.54,438271.78,494024.79,4738963.78,4574647.33,1396,85,1481,Tier 3,7,0
PRJ-2082,Energy,Asia,CN,104335,162620.34,12201.78,12721.42,116536.78,175341.76,76,13,89,Tier 5,6,6
PRJ-2083,Energy,Asia,CN,4549393,6658563.91,967319.49,1336184.17,5516712.49,7994748.08,1617,228,1845,Tier 2,7,6
PRJ-2084,Install,North America,US,761545,520389.14,201245.35,250808.35,962790.35,771197.49,754,139,893,Tier 4,3,3
PRJ-2085,Service,South America,BR,2639650,2880068.45,346908.13,354927.98,2986558.13,3234996.42,29,2,31,Tier 3,1,0
PRJ-2086,Service,Oceania,NZ,4415964,2886129.02,342485.01,351584.72,4758449.01,3237713.74,248,44,292,Tier 3,7,1
PRJ-2087,Energy,South America,BR,4435721,7268630.55,896221.2,1123302.9,5331942.2,8391933.46,1504,0,1504,Tier 2,7,2
PRJ-2088,Install,North America,MX,304768,205040.45,20915.09,30746.5,325683.09,235786.96,1722,310,2032,Tier 4,5,2
PRJ-2089,Install,North America,MX,342365,342159.02,34980.85,49199.64,377345.85,391358.66,799,107,906,Tier 4,3,0
PRJ-2090,Energy,North America,MX,2916204,1822397.13,335351.54,374539.13,3251555.54,2196936.27,245,25,270,Tier 3,4,4
PRJ-2091,Service,Europe,FR,3997545,3528200.38,967695.9,1000304.1,4965240.9,4528504.48,195,5,200,Tier 3,4,4
PRJ-2092,Energy,Europe,FR,2977885,2650004.57,734349.76,862643.87,3712234.76,3512648.44,412,48,460,Tier 3,9,2
PRJ-2093,Install,North America,US,784416,1226152.07,190014.4,250338.38,974430.4,1476490.44,1153,222,1375,Tier 4,4,4
PRJ-2094,Energy,Europe,DE,1868110,2403038.24,285806.32,343720.63,2153916.32,2746758.86,1088,115,1203,Tier 3,9,8
PRJ-2095,Install,Europe,DE,2759848,4788693.04,133176.1,136152.95,2893024.1,4924845.99,853,145,998,Tier 3,1,1
PRJ-2096,Install,Oceania,AU,2157323,2961259.22,146975.22,190281.14,2304298.22,3151540.36,523,76,599,Tier 3,10,4
PRJ-2097,Energy,Africa,ZA,4879499,3110602.69,600784.24,857214.96,5480283.24,3967817.65,1039,201,1240,Tier 2,10,5
PRJ-2098,Install,Europe,FR,4183494,4279886.09,558777.05,824720.29,4742271.05,5104606.38,168,20,188,Tier 3,3,0
PRJ-2099,Service,Asia,CN,1552490,2788973.23,346080.34,356948.79,1898570.34,3145922.01,1702,57,1759,Tier 3,10,2
PRJ-2100,Energy,Asia,JP,604207,517318.78,124096.21,180334,728303.21,697652.78,1276,112,1388,Tier 4,4,2
PRJ-2101,Energy,Africa,EG,3529737,5619035.15,918164.11,1079768.4,4447901.11,6698803.55,62,6,68,Tier 3,8,5
PRJ-2102,Energy,Asia,JP,1220573,1134932.99,262368.89,298947.04,1482941.89,1433880.03,396,27,423,Tier 3,5,1
PRJ-2103,Install,Africa,ZA,2375471,4251824.06,564759.66,587319.39,2940230.66,4839143.45,1431,36,1467,Tier 3,5,1
PRJ-2104,Install,Africa,ZA,4325968,6971868.71,1073242.82,1571066.82,5399210.82,8542935.54,1648,166,1814,Tier 2,3,3
PRJ-2105,Energy,North America,MX,991305,1752891.01,157035.63,184317.46,1148340.63,1937208.47,346,47,393,Tier 3,9,1
PRJ-2106,Service,Africa,ZA,611138,777998.8,182687.72,183126.51,793825.72,961125.31,991,4,995,Tier 4,8,6
PRJ-2107,Energy,Oceania,AU,3663281,4383459.3,107120.21,134761.65,3770401.21,4518220.96,951,51,1002,Tier 3,9,0
PRJ-2108,Energy,Europe,DE,3295687,5465727.36,170561.75,246838.54,3466248.75,5712565.9,772,26,798,Tier 3,5,3
PRJ-2109,Install,Oceania,AU,1065189,736752.48,46112.74,46345.25,1111301.74,783097.73,1653,330,1983,Tier 3,2,2
PRJ-2110,Install,South America,AR,4214804,2728712.42,223436.58,291774.44,4438240.58,3020486.86,509,89,598,Tier 3,10,3
PRJ-2111,Energy,Asia,CN,4564926,3111965.81,124789.18,153678.97,4689715.18,3265644.78,786,109,895,Tier 3,1,1
PRJ-2112,Energy,Africa,ZA,1867333,1333918.06,360522.18,514281.57,2227855.18,1848199.63,209,2,211,Tier 3,2,0
PRJ-2113,Service,Asia,CN,3624886,2981940.17,42141.39,53312.08,3667027.39,3035252.25,1114,216,1330,Tier 3,4,2
PRJ-2114,Energy,North America,US,1867245,1587346.69,102890.42,141709.48,1970135.42,1729056.17,145,28,173,Tier 3,4,4
PRJ-2115,Energy,Europe,DE,1319449,1604109.82,349555.04,443697.75,1669004.04,2047807.57,1744,338,2082,Tier 3,9,4
PRJ-2116,Service,Asia,CN,373077,333927.66,9284.72,11517.44,382361.72,345445.1,1005,124,1129,Tier 4,1,0
PRJ-2117,Install,Europe,DE,3224103,5434807.04,185244.56,243236.35,3409347.56,5678043.39,691,102,793,Tier 3,0,0
PRJ-2118,Energy,North America,US,3743504,3563545.17,683813.85,822578.51,4427317.85,4386123.68,1614,83,1697,Tier 3,5,3
PRJ-2119,Energy,Asia,CN,4526105,5467339.41,13965.98,14519.71,4540070.98,5481859.12,572,48,620,Tier 3,7,3
PRJ-2120,Install,Africa,ZA,4468622,2780830.72,756816.65,877317.89,5225438.65,3658148.61,1728,233,1961,Tier 2,5,0
PRJ-2121,Install,Africa,EG,2105234,2403448.66,43930.06,61414.34,2149164.06,2464863,519,77,596,Tier 3,10,3
PRJ-2122,Install,South America,BR,3133478,3843321.87,699119.81,874630.77,3832597.81,4717952.64,1825,139,1964,Tier 3,4,1
PRJ-2123,Service,Africa,EG,192761,151229.19,54351.63,59239.66,247112.63,210468.85,896,2,898,Tier 5,8,5
PRJ-2124,Install,South America,AR,3177521,3149362.96,428263.12,641294.58,3605784.12,3790657.54,1681,108,1789,Tier 3,9,3
PRJ-2125,Energy,Oceania,AU,4769107,4229530.26,672469.62,942638.5,5441576.62,5172168.76,1097,187,1284,Tier 2,5,5
PRJ-2126,Service,Europe,DE,4237015,6088630.11,72492.68,89054.1,4309507.68,6177684.21,851,28,879,Tier 3,4,0
PRJ-2127,Service,Europe,DE,1664426,1230844.52,40225.12,42325.75,1704651.12,1273170.28,1193,90,1283,Tier 3,6,4
PRJ-2128,Service,Oceania,AU,4664048,6846299.8,737884.27,882554.15,5401932.27,7728853.95,1024,140,1164,Tier 2,6,0
PRJ-2129,Install,South America,AR,2302113,4033895.47,211048.98,263008.42,2513161.98,4296903.89,1118,89,1207,Tier 3,10,7
PRJ-2130,Install,Oceania,AU,3128686,5030325.26,302309.88,345523.09,3430995.88,5375848.35,191,25,216,Tier 3,9,0
PRJ-2131,Energy,Africa,EG,681338,500053.42,147207.71,206823.91,828545.71,706877.33,55,10,65,Tier 4,4,0
PRJ-2132,Service,Europe,DE,3234389,4878425.81,361465.08,513771.81,3595854.08,5392197.62,1353,72,1425,Tier 3,0,0
PRJ-2133,Energy,Oceania,AU,4920068,7552358.34,629748.12,908614.47,5549816.12,8460972.81,1154,135,1289,Tier 2,9,6
PRJ-2134,Energy,Europe,DE,1770133,2850349.85,48979.07,65632.98,1819112.07,2915982.83,23,1,24,Tier 3,0,0
PRJ-2135,Install,Europe,DE,1631234,2146218.02,221993.76,225381.77,1853227.76,2371599.79,735,3,738,Tier 3,3,3
PRJ-2136,Install,North America,MX,3198367,4890195.06,375102.61,396603.75,3573469.61,5286798.81,1602,163,1765,Tier 3,9,9
PRJ-2137,Energy,Africa,EG,1344025,881479.4,389243.48,528092.07,1733268.48,1409571.47,261,3,264,Tier 3,6,3
PRJ-2138,Install,Oceania,NZ,2219070,2971489.79,118753.57,145572.24,2337823.57,3117062.02,652,60,712,Tier 3,6,0
PRJ-2139,Service,Oceania,NZ,3804864,6230414.09,978865.3,1294949.05,4783729.3,7525363.14,829,4,833,Tier 3,9,1
PRJ-2140,Energy,South America,BR,4569652,7790691,1235961.02,1756098.86,5805613.02,9546789.87,1695,89,1784,Tier 2,8,5
PRJ-2141,Install,Asia,CN,1144884,1077938.85,209348.85,244451.48,1354232.85,1322390.34,1592,36,1628,Tier 3,2,1
PRJ-2142,Service,Africa,ZA,2562354,2612487.69,176241.22,204614.19,2738595.22,2817101.88,1773,255,2028,Tier 3,3,3
PRJ-2143,Service,Oceania,NZ,2533387,3729236.33,370453.75,471203.21,2903840.75,4200439.54,884,143,1027,Tier 3,6,3
PRJ-2144,Service,North America,US,1570741,982494.63,197176.47,206755.82,1767917.47,1189250.45,1438,169,1607,Tier 3,8,3
PRJ-2145,Install,Oceania,AU,684351,691656.57,104681.9,130243.17,789032.9,821899.74,1300,132,1432,Tier 4,7,1
PRJ-2146,Install,Africa,EG,4008569,4501903.25,171288.95,189613.28,4179857.95,4691516.53,78,9,87,Tier 3,9,8
PRJ-2147,Service,North America,MX,2002453,3372948.28,110045,133671.28,2112498,3506619.55,723,19,742,Tier 3,2,1
PRJ-2148,Energy,South America,BR,1235247,1690110.52,63994.8,69189.33,1299241.8,1759299.85,161,25,186,Tier 3,5,2
PRJ-2149,Service,North America,MX,4481133,6768432.57,45517.23,55905.05,4526650.23,6824337.61,1573,129,1702,Tier 3,0,0
PRJ-2150,Install,North America,US,2339842,1674770.18,678215.87,691282.63,3018057.87,2366052.8,1490,97,1587,Tier 3,6,6
PRJ-2151,Install,North America,MX,925293,1415085.24,68082.79,89720.2,993375.79,1504805.43,1422,251,1673,Tier 4,2,2
PRJ-2152,Service,North America,MX,2489000,3185064.18,672735.01,870466.39,3161735.01,4055530.57,1420,21,1441,Tier 3,2,2
PRJ-2153,Install,Africa,EG,1107383,1919681.34,279877.81,287512.54,1387260.81,2207193.88,208,37,245,Tier 3,7,1
PRJ-2154,Service,North America,MX,4086330,6407392.11,20699.08,29873.31,4107029.08,6437265.42,751,39,790,Tier 3,7,5
PRJ-2155,Energy,South America,AR,2208748,3421467.71,467520.03,600622.33,2676268.03,4022090.03,753,128,881,Tier 3,5,2
PRJ-2156,Energy,Oceania,NZ,3212823,2235916.67,960547.49,1211019.93,4173370.49,3446936.6,181,29,210,Tier 3,6,1
PRJ-2157,Service,Africa,EG,4748544,6542831.73,68558.13,80806.76,4817102.13,6623638.5,1219,0,1219,Tier 3,0,0
PRJ-2158,Install,South America,AR,3793220,2324115.32,806351.77,902898.15,4599571.77,3227013.47,1728,205,1933,Tier 3,9,3
PRJ-2159,Energy,Europe,DE,3203203,2658837.87,194103.74,254445.99,3397306.74,2913283.86,568,32,600,Tier 3,1,0
PRJ-2160,Service,Africa,ZA,2113506,3396403.6,552289.37,821734.82,2665795.37,4218138.42,429,33,462,Tier 3,10,0
PRJ-2161,Energy,Asia,JP,3433784,2175841.74,873673.33,899121.21,4307457.33,3074962.95,1587,160,1747,Tier 3,7,2
PRJ-2162,Install,Africa,ZA,3332632,5712357.3,798992.69,1063445.08,4131624.69,6775802.38,404,41,445,Tier 3,2,0
PRJ-2163,Energy,Asia,JP,2991956,5109082.15,58930.79,60016.94,3050886.79,5169099.09,1759,163,1922,Tier 3,7,1
PRJ-2164,Install,North America,MX,4340184,3479665.95,921910.68,1209706.83,5262094.68,4689372.78,1323,244,1567,Tier 2,2,2
PRJ-2165,Energy,Asia,JP,695445,865927.89,124722.08,158007.35,820167.08,1023935.23,1048,93,1141,Tier 4,5,4
PRJ-2166,Install,Africa,ZA,4325398,6003814.24,775560.63,1103134.07,5100958.63,7106948.3,823,153,976,Tier 2,0,0
PRJ-2167,Service,Asia,CN,2300623,2381793.89,473645.09,625090.27,2774268.09,3006884.16,1728,127,1855,Tier 3,1,0
PRJ-2168,Energy,South America,AR,2667910,2471427.92,407123.59,560842.4,3075033.59,3032270.32,906,101,1007,Tier 3,3,3
PRJ-2169,Energy,Europe,FR,1974287,1630194.31,426043.1,550589.62,2400330.1,2180783.93,1497,89,1586,Tier 3,1,1
PRJ-2170,Service,Oceania,AU,4075011,6032977.73,904044.25,1041197.31,4979055.25,7074175.04,588,4,592,Tier 3,5,2
PRJ-2171,Service,Europe,DE,4131636,4355060.63,996570.15,1390540.04,5128206.15,5745600.67,1271,61,1332,Tier 2,10,7
PRJ-2172,Energy,Asia,CN,1991865,2660022.31,224144.87,272059.65,2216009.87,2932081.97,1210,232,1442,Tier 3,4,3
PRJ-2173,Install,South America,AR,3005017,2045689.88,24116.98,25115.43,3029133.98,2070805.31,179,14,193,Tier 3,9,3
PRJ-2174,Service,South America,AR,2222398,1432166.28,603965.8,623332.4,2826363.8,2055498.68,872,114,986,Tier 3,1,1
PRJ-2175,Service,Europe,DE,2050425,1482342.04,586850.07,713092.19,2637275.07,2195434.23,855,17,872,Tier 3,1,1
PRJ-2176,Install,Asia,CN,3565452,2228021.94,457314.25,468751.96,4022766.25,2696773.89,1361,194,1555,Tier 3,5,3
PRJ-2177,Energy,North America,US,2959141,3132246.01,166622.41,172061.73,3125763.41,3304307.74,1426,42,1468,Tier 3,8,8
PRJ-2178,Service,Oceania,NZ,2863856,3534231.8,792938.39,1117009.61,3656794.39,4651241.4,1387,257,1644,Tier 3,7,3
PRJ-2179,Service,Africa,EG,3422148,3983913.82,206188.24,298870.34,3628336.24,4282784.17,135,11,146,Tier 3,10,4
PRJ-2180,Install,South America,AR,704627,695884.77,46499.5,56907.23,751126.5,752792,1628,102,1730,Tier 4,10,4
PRJ-2181,Energy,Europe,DE,4572284,7511251.47,174264.68,257018.91,4746548.68,7768270.38,1480,234,1714,Tier 3,5,3
PRJ-2182,Energy,Africa,EG,1636111,2482784.32,304567.18,389850.61,1940678.18,2872634.93,1356,80,1436,Tier 3,5,0
PRJ-2183,Service,South America,AR,4979065,8873800.15,196479.24,219950.19,5175544.24,9093750.34,1657,66,1723,Tier 2,5,3
PRJ-2184,Energy,Europe,FR,2826630,3050180.77,715530.73,761640.93,3542160.73,3811821.7,1123,195,1318,Tier 3,10,2
PRJ-2185,Service,Asia,JP,3002517,4909661.63,326797.34,480059.17,3329314.34,5389720.79,170,12,182,Tier 3,1,1
PRJ-2186,Service,North America,MX,4434044,4655877.76,1042487.29,1297910.03,5476531.29,5953787.78,638,34,672,Tier 2,8,2
PRJ-2187,Install,Asia,JP,3308688,2567624.4,652448.74,771104.83,3961136.74,3338729.23,334,52,386,Tier 3,7,7
PRJ-2188,Service,South America,AR,1507201,1344110.33,118092.47,163482.22,1625293.47,1507592.55,1083,175,1258,Tier 3,3,1
PRJ-2189,Energy,North America,US,2417768,2868489.87,516244.71,559167.55,2934012.71,3427657.42,310,31,341,Tier 3,1,1
PRJ-2190,Energy,Asia,JP,1621142,2333159.61,393480.15,403093.54,2014622.15,2736253.16,1792,246,2038,Tier 3,8,2
PRJ-2191,Install,Oceania,AU,1516532,2168013.25,89877.57,129694.15,1606409.57,2297707.41,1790,279,2069,Tier 3,9,1
PRJ-2192,Energy,North America,US,2366810,3378073.35,39815.25,55074.97,2406625.25,3433148.32,1607,218,1825,Tier 3,2,1
PRJ-2193,Install,South America,BR,3536476,2246540.13,190314.87,243628.61,3726790.87,2490168.74,841,99,940,Tier 3,1,1
PRJ-2194,Install,Africa,EG,3956378,4801443.69,437085.13,472566.67,4393463.13,5274010.36,465,64,529,Tier 3,5,3
PRJ-2195,Energy,South America,BR,3363550,2257465.63,1007486.49,1059262.79,4371036.49,3316728.42,377,64,441,Tier 3,4,1
PRJ-2196,Energy,Europe,DE,4432594,5336062.43,135632.86,197675.65,4568226.86,5533738.09,65,12,77,Tier 3,1,0
PRJ-2197,Install,Asia,JP,3247557,4840206.52,772770.34,790550.15,4020327.34,5630756.67,1522,285,1807,Tier 3,2,2
PRJ-2198,Service,South America,AR,3967532,3779907.52,1161704.07,1524102.11,5129236.07,5304009.63,1079,120,1199,Tier 2,0,0
PRJ-2199,Install,Europe,DE,1351944,2252556.55,285757.18,308028.34,1637701.18,2560584.89,1378,25,1403,Tier 3,5,3
PRJ-2200,Service,Asia,JP,3501814,5400650.51,915190.18,1364800.76,4417004.18,6765451.27,1463,276,1739,Tier 3,0,0
PRJ-2201,Energy,Europe,DE,3865476,3165214.78,353274.92,496287.63,4218750.92,3661502.41,1519,206,1725,Tier 3,1,0
PRJ-2202,Service,South America,AR,3361144,3034244.33,50076.61,57645.79,3411220.61,3091890.12,339,27,366,Tier 3,0,0
PRJ-2203,Install,Africa,ZA,1989892,2214710.3,42969.26,57382.31,2032861.26,2272092.61,783,18,801,Tier 3,0,0
PRJ-2204,Service,Oceania,NZ,1591237,2749209.59,273116.28,299818.07,1864353.28,3049027.66,1702,312,2014,Tier 3,9,6
PRJ-2205,Install,North America,US,1122518,1628511.14,18651.36,21746.01,1141169.36,1650257.16,175,24,199,Tier 3,1,0
PRJ-2206,Install,Europe,DE,4594278,6030462.03,1370979.63,1521533.44,5965257.63,7551995.47,535,105,640,Tier 2,10,9
PRJ-2207,Install,South America,BR,3704432,3473275.93,310156.89,368129.52,4014588.89,3841405.45,1469,244,1713,Tier 3,8,0
PRJ-2208,Service,Oceania,NZ,2551451,2066603.11,410080.69,496068.16,2961531.69,2562671.27,1481,194,1675,Tier 3,0,0
PRJ-2209,Install,Africa,EG,4128143,7007544.8,295695.62,321364.46,4423838.62,7328909.26,955,183,1138,Tier 3,6,1
PRJ-2210,Service,Africa,EG,4996114,7482341.95,76858.19,102795.7,5072972.19,7585137.65,1400,245,1645,Tier 2,7,7
PRJ-2211,Energy,Africa,ZA,4193297,4942566.06,457396.61,575274.31,4650693.61,5517840.36,61,5,66,Tier 3,9,0
PRJ-2212,Install,South America,AR,3135208,2006727.25,249578.14,329062.24,3384786.14,2335789.48,753,33,786,Tier 3,3,3
PRJ-2213,Install,South America,BR,2210334,2553604.14,397391.7,488931.73,2607725.7,3042535.87,1809,74,1883,Tier 3,10,10
PRJ-2214,Install,Asia,JP,4097930,4124750.3,884808.93,1010000.89,4982738.93,5134751.2,597,47,644,Tier 3,3,3
PRJ-2215,Energy,Africa,EG,430630,655176.94,8977.1,10370.61,439607.1,665547.55,1453,163,1616,Tier 4,2,1
PRJ-2216,Service,Asia,CN,3814875,5745352.3,625924.6,837479.91,4440799.6,6582832.21,1474,183,1657,Tier 3,6,1
PRJ-2217,Install,Oceania,AU,1269069,1057349.17,298357.3,335865.81,1567426.3,1393214.98,908,116,1024,Tier 3,6,4
PRJ-2218,Service,Europe,DE,1272491,1253413.01,76718.08,91750.97,1349209.08,1345163.97,1609,35,1644,Tier 3,2,2
PRJ-2219,Energy,South America,BR,4543146,4188133.18,1085485.37,1178992.28,5628631.37,5367125.46,1693,290,1983,Tier 2,6,1
PRJ-2220,Install,Europe,FR,2320736,1604665.21,180603.63,204796.29,2501339.63,1809461.51,1536,138,1674,Tier 3,6,0
PRJ-2221,Install,South America,AR,3832404,4266071.76,642196.49,811543.9,4474600.49,5077615.66,715,28,743,Tier 3,4,3
PRJ-2222,Energy,Africa,ZA,3093937,2642231.48,721140.57,877591.55,3815077.57,3519823.03,1415,266,1681,Tier 3,1,1
PRJ-2223,Energy,Europe,DE,491102,679056.03,43838.61,46231.82,534940.61,725287.85,380,9,389,Tier 4,9,7
PRJ-2224,Install,South America,AR,2969349,4275227.13,889333.52,1058592.2,3858682.52,5333819.33,1642,71,1713,Tier 3,8,7
PRJ-2225,Energy,Europe,FR,478081,655232.14,29515.79,30616.21,507596.79,685848.35,204,25,229,Tier 4,6,5
PRJ-2226,Install,Africa,ZA,213964,301901.07,8448.79,10548.46,222412.79,312449.52,1668,32,1700,Tier 5,1,1
PRJ-2227,Install,North America,MX,791706,541789.2,189624.14,233599.57,981330.14,775388.78,1238,179,1417,Tier 4,9,8
PRJ-2228,Energy,Asia,JP,4834789,3506720.72,351565.59,492329.54,5186354.59,3999050.26,348,29,377,Tier 2,6,6
PRJ-2229,Service,Asia,CN,1190824,1010172.34,17401.74,19230.54,1208225.74,1029402.89,1160,197,1357,Tier 3,6,5
PRJ-2230,Energy,Asia,JP,3414463,2182245.96,659534.89,983128.18,4073997.89,3165374.14,428,56,484,Tier 3,9,4
PRJ-2231,Install,Africa,ZA,3094825,1888385.22,2237.6,3241.35,3097062.6,1891626.57,583,71,654,Tier 3,1,1
PRJ-2232,Service,Africa,ZA,4244323,6975544.15,873583.1,1231716.74,5117906.1,8207260.89,1201,2,1203,Tier 2,1,1
PRJ-2233,Install,Oceania,NZ,2901180,2140468.68,496483.13,504057.34,3397663.13,2644526.02,746,147,893,Tier 3,9,6
PRJ-2234,Service,Africa,ZA,3838780,5133626.73,357145.69,449733.43,4195925.69,5583360.16,1406,182,1588,Tier 3,5,5
PRJ-2235,Energy,North America,MX,2886497,3517707.19,424542.1,545102.38,3311039.1,4062809.57,577,55,632,Tier 3,3,3
PRJ-2236,Energy,South America,BR,1773490,1490312.6,185303.68,254338.82,1958793.68,1744651.42,425,69,494,Tier 3,3,2
PRJ-2237,Install,North America,US,4274990,5278404.34,401688.67,562004.35,4676678.67,5840408.68,90,9,99,Tier 3,9,1
PRJ-2238,Install,Europe,FR,3767019,4392023.41,118275.18,126510.76,3885294.18,4518534.17,1036,187,1223,Tier 3,5,0
PRJ-2239,Install,Europe,FR,454232,277209.76,37933.6,54455.96,492165.6,331665.72,1190,40,1230,Tier 4,5,5
PRJ-2240,Service,Africa,ZA,2855670,3176092.92,388364.31,543599.29,3244034.31,3719692.21,125,1,126,Tier 3,7,1
PRJ-2241,Energy,Asia,JP,4953683,5197247.62,1388566.5,1567858.64,6342249.5,6765106.26,104,13,117,Tier 2,5,1
PRJ-2242,Energy,Africa,EG,2365430,3064503.23,18508.23,26340.61,2383938.23,3090843.84,1279,236,1515,Tier 3,0,0
PRJ-2243,Service,Asia,CN,3306898,5727681.11,312907.9,423269.98,3619805.9,6150951.09,453,57,510,Tier 3,0,0
PRJ-2244,Energy,Oceania,AU,2458820,3773102.02,250444.11,318109.18,2709264.11,4091211.21,935,157,1092,Tier 3,6,0
PRJ-2245,Service,South America,BR,4333279,3339860.14,73424.36,105913.16,4406703.36,3445773.3,1093,47,1140,Tier 3,10,6
PRJ-2246,Install,North America,US,2080132,2176096.02,192209.9,219900.36,2272341.9,2395996.38,716,27,743,Tier 3,0,0
PRJ-2247,Install,Africa,ZA,2015960,1961143.11,311103.33,421526.78,2327063.33,2382669.9,227,19,246,Tier 3,0,0
PRJ-2248,Service,North America,US,1918130,1670329.41,139544.37,175764.84,2057674.37,1846094.25,362,24,386,Tier 3,1,0
PRJ-2249,Energy,Oceania,NZ,3040579,4878192.09,494045.76,608541.08,3534624.76,5486733.17,1038,185,1223,Tier 3,8,1
PRJ-2250,Install,Africa,ZA,1977303,3028781.43,340876.02,416944.25,2318179.02,3445725.67,33,4,37,Tier 3,10,3
PRJ-2251,Install,Asia,JP,2030840,1398171.44,105465.02,121419.85,2136305.02,1519591.29,1423,237,1660,Tier 3,8,0
PRJ-2252,Service,Asia,JP,842732,1310766.39,28027.15,35853.79,870759.15,1346620.18,1122,191,1313,Tier 4,8,0
PRJ-2253,Energy,Oceania,NZ,3368095,4323720.13,499781.05,508812.75,3867876.05,4832532.87,1024,80,1104,Tier 3,7,7
PRJ-2254,Energy,South America,AR,1749496,2480707.28,205915.23,238797.88,1955411.23,2719505.17,406,6,412,Tier 3,9,0
PRJ-2255,Install,Africa,EG,960195,1047259.47,4567.54,6378.69,964762.54,1053638.17,131,20,151,Tier 4,6,3
PRJ-2256,Service,North America,MX,1095305,1572284.69,173654.38,234609.75,1268959.38,1806894.44,1023,194,1217,Tier 3,4,3
PRJ-2257,Service,Europe,DE,3767047,5878754.56,868051.03,1005223.71,4635098.03,6883978.27,1267,250,1517,Tier 3,7,3
PRJ-2258,Energy,North America,US,4870921,6685881.82,893166.64,1192199.8,5764087.64,7878081.62,714,105,819,Tier 2,5,3
PRJ-2259,Energy,South America,AR,3726035,2427872.53,1105636.5,1572440.01,4831671.5,4000312.55,1320,192,1512,Tier 3,1,0
PRJ-2260,Energy,Africa,ZA,2368647,2597120.23,337680.4,468676.56,2706327.4,3065796.79,680,0,680,Tier 3,4,0
PRJ-2261,Service,Oceania,AU,3092460,2617905.97,669450.43,942120,3761910.43,3560025.97,874,95,969,Tier 3,3,0
PRJ-2262,Energy,Oceania,AU,3134156,4922743.83,879811.94,1190529.62,4013967.94,6113273.45,239,17,256,Tier 3,9,0
PRJ-2263,Service,North America,US,1145314,1637182.4,141921.36,191632.84,1287235.36,1828815.24,437,16,453,Tier 3,5,1
PRJ-2264,Service,Africa,EG,300792,240643.97,66185.76,70117.78,366977.76,310761.75,1102,50,1152,Tier 4,4,3
PRJ-2265,Install,Africa,EG,303725,346439.22,55509.07,70564.21,359234.07,417003.43,1589,256,1845,Tier 4,4,3
PRJ-2266,Install,Asia,CN,2382727,3505914.42,454608.6,578769.83,2837335.6,4084684.25,619,81,700,Tier 3,0,0
PRJ-2267,Install,Asia,JP,2832190,3548879.02,126708.7,173986.22,2958898.7,3722865.24,744,86,830,Tier 3,10,9
PRJ-2268,Energy,North America,MX,4751206,8238595.05,618672.91,734637.63,5369878.91,8973232.68,1429,190,1619,Tier 2,9,6
PRJ-2269,Energy,Asia,JP,2784780,3884603.07,275708.92,383174.33,3060488.92,4267777.4,1058,195,1253,Tier 3,7,1
PRJ-2270,Install,Asia,JP,1431503,2323975.62,33500.12,44799.73,1465003.12,2368775.35,1745,247,1992,Tier 3,7,6
PRJ-2271,Energy,South America,BR,3235767,2780610.8,316146.11,383049.03,3551913.11,3163659.84,1656,305,1961,Tier 3,9,7
PRJ-2272,Energy,North America,US,560450,962194.23,59656.72,62679.78,620106.72,1024874.01,1763,62,1825,Tier 4,1,1
PRJ-2273,Install,Europe,DE,2329710,3482805.08,255888.03,306963.02,2585598.03,3789768.1,1719,239,1958,Tier 3,10,10
PRJ-2274,Install,North America,US,523043,900694.68,28192.04,32408.32,551235.04,933103,1547,20,1567,Tier 4,10,8
PRJ-2275,Service,South America,AR,2211561,2588068.93,18305.36,22874.33,2229866.36,2610943.26,1507,244,1751,Tier 3,5,3
PRJ-2276,Install,Europe,FR,4089756,3495790.46,815769.38,1181748.83,4905525.38,4677539.29,698,90,788,Tier 3,2,2
PRJ-2277,Energy,North America,US,1517212,1621203.42,388658.62,482645.55,1905870.62,2103848.96,1562,118,1680,Tier 3,0,0
PRJ-2278,Service,Europe,DE,78896,48672.16,8265.76,8588.22,87161.76,57260.38,1335,196,1531,Tier 5,9,5
PRJ-2279,Service,North America,US,1973294,3325640.47,495392.38,739391.98,2468686.38,4065032.45,1361,267,1628,Tier 3,10,4
PRJ-2280,Service,Europe,DE,3066596,2641738.45,389116.38,571430.46,3455712.38,3213168.91,117,19,136,Tier 3,4,3
PRJ-2281,Energy,North America,US,2406867,1624352.79,513232.92,725985.25,2920099.92,2350338.04,1619,117,1736,Tier 3,9,3
PRJ-2282,Energy,Africa,ZA,4174388,4799522.67,316029.33,359203.62,4490417.33,5158726.29,1006,65,1071,Tier 3,1,1
PRJ-2283,Service,South America,BR,839320,736039.09,164765.64,187963.36,1004085.64,924002.45,1611,24,1635,Tier 3,10,0
PRJ-2284,Energy,Oceania,NZ,4008714,4999776.64,518135.89,704124.68,4526849.89,5703901.32,620,9,629,Tier 3,4,1
PRJ-2285,Install,Africa,EG,760649,769961.65,149849.32,164281.5,910498.32,934243.15,562,19,581,Tier 4,5,5
PRJ-2286,Install,Asia,CN,470378,573606.4,64804.82,92858.87,535182.82,666465.27,1069,98,1167,Tier 4,10,5
PRJ-2287,Energy,Africa,ZA,4783596,5934653.88,861976.65,1004261.94,5645572.65,6938915.83,502,76,578,Tier 2,9,4
PRJ-2288,Energy,Oceania,NZ,2197450,2559642.01,248568.28,332932.45,2446018.28,2892574.46,613,40,653,Tier 3,8,2
PRJ-2289,Energy,Europe,FR,60547,79995.55,4050.25,5060.29,64597.25,85055.84,1083,164,1247,Tier 5,6,1
PRJ-2290,Service,Oceania,AU,3586856,5360124.06,710165.69,855017.82,4297021.69,6215141.88,1132,86,1218,Tier 3,8,8
PRJ-2291,Install,Africa,ZA,2080497,2898570.23,433923.16,557768.21,2514420.16,3456338.45,1332,148,1480,Tier 3,9,6
PRJ-2292,Service,Oceania,NZ,404956,563275.53,27671.62,36270.58,432627.62,599546.11,1534,175,1709,Tier 4,1,1
PRJ-2293,Service,Europe,FR,4126334,6438887.37,1231812.3,1619269.98,5358146.3,8058157.35,528,4,532,Tier 2,3,2
PRJ-2294,Service,North America,MX,197285,185540.94,6104.21,7308.38,203389.21,192849.32,459,6,465,Tier 5,1,0
PRJ-2295,Energy,Oceania,AU,1453415,2554973.81,183095.29,212241.65,1636510.29,2767215.46,875,89,964,Tier 3,6,2
PRJ-2296,Energy,Europe,DE,3308449,2812455.31,704961.93,996984.91,4013410.93,3809440.22,299,15,314,Tier 3,4,2
PRJ-2297,Energy,South America,AR,2121137,1765401.11,236947.99,268722.51,2358084.99,2034123.62,1624,93,1717,Tier 3,2,1
PRJ-2298,Install,South America,AR,3743561,5338152.09,799812.25,946423.26,4543373.25,6284575.35,1757,249,2006,Tier 3,3,3
PRJ-2299,Install,North America,MX,1859234,1568099.08,24404.22,35920.43,1883638.22,1604019.51,1757,136,1893,Tier 3,6,3
PRJ-2300,Energy,Europe,FR,4063629,3685305.72,636370.31,762699.45,4699999.31,4448005.16,1353,177,1530,Tier 3,6,3
PRJ-2301,Service,South America,BR,1340393,2350628.51,197373.8,236417.3,1537766.8,2587045.81,1774,320,2094,Tier 3,0,0
PRJ-2302,Energy,Asia,JP,4963112,8838280.32,727019.17,972561.9,5690131.17,9810842.22,487,89,576,Tier 2,5,5
PRJ-2303,Energy,North America,US,3070385,1991423.77,75626.68,79485.93,3146011.68,2070909.7,1378,210,1588,Tier 3,9,7
PRJ-2304,Install,South America,BR,2067484,1855340.2,131559.71,177026.76,2199043.71,2032366.96,427,30,457,Tier 3,0,0
PRJ-2305,Install,Europe,DE,470255,294425.33,127098.42,138298,597353.42,432723.33,1289,241,1530,Tier 4,10,8
PRJ-2306,Service,Asia,JP,4904360,7355581.97,290065.1,337506.74,5194425.1,7693088.7,1770,198,1968,Tier 2,10,3
PRJ-2307,Service,Africa,ZA,2795643,3862995.44,648111.53,924685.41,3443754.53,4787680.85,1532,44,1576,Tier 3,1,0
PRJ-2308,Install,Africa,EG,2360439,1480944.32,172977.95,209318.34,2533416.95,1690262.66,838,73,911,Tier 3,1,1
PRJ-2309,Service,Asia,JP,1764385,2905562.92,200945.43,207651.05,1965330.43,3113213.97,280,48,328,Tier 3,4,4
PRJ-2310,Energy,Europe,FR,762271,841778.15,150766.42,215248.37,913037.42,1057026.52,1230,187,1417,Tier 4,5,0
PRJ-2311,Service,Europe,DE,2214408,3886486.15,452221.64,523435.89,2666629.64,4409922.04,580,28,608,Tier 3,1,0
PRJ-2312,Energy,Africa,EG,3454768,5268962.4,247269.58,370747.85,3702037.58,5639710.25,1184,66,1250,Tier 3,6,3
PRJ-2313,Install,Oceania,NZ,1662492,1446558.72,244981.48,347323.71,1907473.48,1793882.43,1099,218,1317,Tier 3,6,1
PRJ-2314,Service,Europe,DE,2898552,3972759.17,65335.89,87695.49,2963887.89,4060454.66,283,7,290,Tier 3,1,1
PRJ-2315,Service,North America,US,4121147,2539252.75,627988.51,774407.1,4749135.51,3313659.84,1326,29,1355,Tier 3,2,1
PRJ-2316,Service,South America,BR,3146451,5071588.36,442176.03,638542.58,3588627.03,5710130.94,782,87,869,Tier 3,4,4
PRJ-2317,Energy,South America,BR,1109239,1969059.79,205229.7,241849.87,1314468.7,2210909.67,820,62,882,Tier 3,2,2
PRJ-2318,Service,Oceania,NZ,3695771,2728598.85,489654.18,577182.17,4185425.18,3305781.02,355,43,398,Tier 3,0,0
PRJ-2319,Install,Africa,EG,2552536,3585178.2,457987.25,486003.16,3010523.25,4071181.35,1617,9,1626,Tier 3,7,4
PRJ-2320,Energy,Africa,EG,1347137,2369062.35,165294.02,177593.08,1512431.02,2546655.43,207,5,212,Tier 3,10,1
PRJ-2321,Service,Oceania,NZ,524926,772244.42,59920.11,75881.37,584846.11,848125.8,268,20,288,Tier 4,3,2
PRJ-2322,Energy,Europe,DE,1087513,1921282.34,325476.08,406180.08,1412989.08,2327462.41,1313,199,1512,Tier 3,9,8
PRJ-2323,Install,South America,BR,1219404,1913141.07,105342.92,132603.64,1324746.92,2045744.71,1229,46,1275,Tier 3,0,0
PRJ-2324,Service,Asia,CN,2656615,1609402.44,751141.08,1085435.16,3407756.08,2694837.6,778,98,876,Tier 3,1,1
PRJ-2325,Install,Africa,ZA,2150144,3106337.03,241145.51,330189.13,2391289.51,3436526.16,1559,242,1801,Tier 3,9,7
PRJ-2326,Energy,Oceania,NZ,3107453,1950927.3,501271.22,519578.7,3608724.22,2470506,639,81,720,Tier 3,3,1
PRJ-2327,Energy,Africa,ZA,3708434,3794130.77,78942.44,96020.1,3787376.44,3890150.87,1552,215,1767,Tier 3,8,3
PRJ-2328,Energy,North America,US,977172,1576608.67,77760.52,97238.18,1054932.52,1673846.85,920,21,941,Tier 3,5,5
PRJ-2329,Install,Africa,ZA,3896162,5517487.89,189587.57,207564.59,4085749.57,5725052.48,1479,11,1490,Tier 3,8,1
PRJ-2330,Service,North America,MX,4928865,3239195.47,1098361.39,1311075.24,6027226.39,4550270.71,1757,82,1839,Tier 2,6,6
PRJ-2331,Service,Asia,CN,919068,870217.03,245844.4,255979.08,1164912.4,1126196.12,1573,118,1691,Tier 3,8,1
PRJ-2332,Energy,Oceania,NZ,2457985,3357690.6,396190.09,506765.52,2854175.09,3864456.12,421,30,451,Tier 3,3,3
PRJ-2333,Service,Asia,JP,4247111,2927705,419653.22,486067.46,4666764.22,3413772.46,554,17,571,Tier 3,9,0
PRJ-2334,Service,Asia,JP,764334,613068.44,197497.92,206226.88,961831.92,819295.32,1284,207,1491,Tier 4,10,3
PRJ-2335,Energy,Africa,EG,538485,415480.25,157982.08,186892.25,696467.08,602372.51,901,66,967,Tier 4,2,1
PRJ-2336,Install,Oceania,NZ,700715,634213.96,111928.7,144569.55,812643.7,778783.51,1296,229,1525,Tier 4,10,6
PRJ-2337,Energy,Asia,JP,1949670,3103036.12,564587.86,775873.05,2514257.86,3878909.17,1746,9,1755,Tier 3,1,1
PRJ-2338,Energy,Oceania,AU,4860942,8590599.65,758285.08,839456.8,5619227.08,9430056.45,1061,157,1218,Tier 2,8,3
PRJ-2339,Install,Africa,ZA,1577947,2367665.83,60348.18,68575.93,1638295.18,2436241.77,1426,27,1453,Tier 3,3,1
PRJ-2340,Install,Africa,EG,2890907,1848338.17,560417.78,653674.76,3451324.78,2502012.93,927,150,1077,Tier 3,6,6
PRJ-2341,Service,Europe,FR,4696787,3026349.92,718692.67,975495.61,5415479.67,4001845.54,1174,198,1372,Tier 2,10,7
PRJ-2342,Energy,Europe,FR,2701362,3735883.73,34354.65,49278.16,2735716.65,3785161.89,1709,89,1798,Tier 3,5,1
PRJ-2343,Energy,Asia,JP,3659037,5992463.62,252854.02,369724.52,3911891.02,6362188.14,1786,266,2052,Tier 3,2,2
PRJ-2344,Service,Oceania,NZ,3975865,5613110.63,1159600.1,1526505.07,5135465.1,7139615.71,1575,120,1695,Tier 2,1,1
PRJ-2345,Energy,Oceania,AU,4403378,4117712.94,269913.14,315330.17,4673291.14,4433043.11,1481,171,1652,Tier 3,9,5
PRJ-2346,Service,Oceania,NZ,3398935,3283283.55,99905.88,102783.68,3498840.88,3386067.23,374,67,441,Tier 3,4,4
PRJ-2347,Energy,South America,BR,1971352,2073440.04,434490.76,538792.63,2405842.76,2612232.67,61,2,63,Tier 3,8,4
PRJ-2348,Install,Europe,DE,2876748,2566313.64,348133.7,456780.33,3224881.7,3023093.97,1638,202,1840,Tier 3,3,2
PRJ-2349,Install,Asia,CN,1950078,2889488.78,346924.07,492325.16,2297002.07,3381813.94,237,23,260,Tier 3,4,3
PRJ-2350,Energy,South America,BR,2730965,4384434.69,399263.75,489250.53,3130228.75,4873685.23,1019,181,1200,Tier 3,1,1
PRJ-2351,Service,North America,US,412370,426280.76,117288.81,153049.86,529658.81,579330.63,786,123,909,Tier 4,2,1
PRJ-2352,Service,Europe,DE,4626347,3710929.53,1373645.59,1554973.82,5999992.59,5265903.35,1740,33,1773,Tier 2,0,0
PRJ-2353,Install,Africa,EG,4802918,8378092.49,1008672.97,1183900.02,5811590.97,9561992.51,1082,196,1278,Tier 2,8,2
PRJ-2354,Install,Asia,JP,712536,1231685.84,168408.15,229899.51,880944.15,1461585.36,1025,35,1060,Tier 4,2,0
PRJ-2355,Install,North America,MX,1074768,1320613.33,186720.07,261403.65,1261488.07,1582016.99,1238,204,1442,Tier 3,0,0
PRJ-2356,Install,Africa,EG,3203384,4888497.54,872295.11,1144146.57,4075679.11,6032644.11,1326,195,1521,Tier 3,3,3
PRJ-2357,Service,North America,MX,3953426,3201235.63,931711.58,939371.97,4885137.58,4140607.61,132,16,148,Tier 3,5,1
PRJ-2358,Install,North America,US,2913978,5068655.57,579610.95,603881.28,3493588.95,5672536.85,1030,4,1034,Tier 3,3,2
PRJ-2359,Energy,Africa,EG,416608,583105.61,2010.22,2971.1,418618.22,586076.71,227,22,249,Tier 4,3,1
PRJ-2360,Install,Africa,EG,1173044,871922.24,81241.74,91171.79,1254285.74,963094.03,1672,298,1970,Tier 3,5,0
PRJ-2361,Install,Africa,EG,274086,240332.14,14838.04,17386.95,288924.04,257719.08,323,12,335,Tier 4,4,0
PRJ-2362,Energy,Asia,JP,420319,260648.3,99783.66,120554.79,520102.66,381203.09,594,59,653,Tier 4,5,3
PRJ-2363,Install,North America,MX,4987830,6253598.11,1330577.62,1737972.22,6318407.62,7991570.34,20,2,22,Tier 2,4,1
PRJ-2364,Energy,Africa,ZA,287199,434543.73,60152.61,88244.01,347351.61,522787.74,936,45,981,Tier 4,8,8
PRJ-2365,Energy,Europe,DE,220087,167166.58,50764.65,52924.08,270851.65,220090.66,338,51,389,Tier 4,5,1
PRJ-2366,Energy,Africa,ZA,1747849,1453380.75,356290.23,452426.39,2104139.23,1905807.14,149,6,155,Tier 3,10,0
PRJ-2367,Service,Oceania,AU,1453607,1715623.51,57212.5,68288,1510819.5,1783911.51,1621,173,1794,Tier 3,7,1
PRJ-2368,Service,South America,AR,174165,105267.45,4298.2,4904.03,178463.2,110171.48,1096,186,1282,Tier 5,8,5
PRJ-2369,Install,Asia,CN,4866496,7254706.02,145752.79,198285.12,5012248.79,7452991.14,449,5,454,Tier 2,1,1
PRJ-2370,Service,Africa,ZA,4159798,5124989.49,704999.09,787932.05,4864797.09,5912921.54,1015,79,1094,Tier 3,7,5
PRJ-2371,Energy,Africa,ZA,1428502,2000112.53,334839.18,385601.93,1763341.18,2385714.45,412,57,469,Tier 3,0,0
PRJ-2372,Energy,South America,BR,1957963,3280645.7,223039.63,235742.6,2181002.63,3516388.3,447,65,512,Tier 3,10,0
PRJ-2373,Energy,Africa,ZA,2216675,2937285.45,452062.43,555794.83,2668737.43,3493080.28,1700,320,2020,Tier 3,4,2
PRJ-2374,Energy,Europe,DE,1962218,2909145.96,540405.02,593659.28,2502623.02,3502805.24,1654,0,1654,Tier 3,0,0
PRJ-2375,Install,Europe,FR,2924445,4655084.09,234599.66,255676.25,3159044.66,4910760.34,1397,111,1508,Tier 3,0,0
PRJ-2376,Install,Africa,EG,1447129,1935154.37,33772.28,46978.78,1480901.28,1982133.15,62,0,62,Tier 3,6,2
PRJ-2377,Service,North America,MX,2394440,4120735.05,560201.29,663340.25,2954641.29,4784075.3,1640,115,1755,Tier 3,1,1
PRJ-2378,Install,Oceania,NZ,2808026,1768916.34,82120.58,101241.33,2890146.58,1870157.67,1244,114,1358,Tier 3,0,0
PRJ-2379,Service,Africa,ZA,2067131,2851063.22,458002.93,643591.6,2525133.93,3494654.82,1253,88,1341,Tier 3,1,0
PRJ-2380,Service,South America,AR,3364911,3283037.71,257055.33,374949.62,3621966.33,3657987.33,594,102,696,Tier 3,2,0
PRJ-2381,Service,Oceania,AU,1265156,2139828.47,35090,46596.48,1300246,2186424.95,1710,123,1833,Tier 3,0,0
PRJ-2382,Install,Europe,DE,2370427,3783885.02,493775.89,520267.26,2864202.89,4304152.28,1797,185,1982,Tier 3,3,3
PRJ-2383,Energy,Asia,CN,3367680,4336917.1,98713.17,134542.09,3466393.17,4471459.18,184,15,199,Tier 3,6,1
PRJ-2384,Install,Oceania,NZ,3802753,5672002.49,927236.31,1370395.25,4729989.31,7042397.74,349,4,353,Tier 3,7,6
PRJ-2385,Install,North America,MX,2123193,3604157.27,547301.01,804232.39,2670494.01,4408389.66,819,88,907,Tier 3,9,7
PRJ-2386,Install,Africa,EG,1842894,1200983.02,495546.32,573225.91,2338440.32,1774208.92,1264,198,1462,Tier 3,4,2
PRJ-2387,Install,Oceania,NZ,136929,190727.13,24690.55,31068.29,161619.55,221795.42,1678,222,1900,Tier 5,2,0
PRJ-2388,Install,Europe,DE,2556742,3858580.74,451790.13,512702.53,3008532.13,4371283.27,180,3,183,Tier 3,4,4
PRJ-2389,Energy,North America,US,1356729,2007038.39,153606.19,211106.35,1510335.19,2218144.74,187,22,209,Tier 3,10,3
PRJ-2390,Energy,Africa,EG,278695,275149.81,51877.88,71743.28,330572.88,346893.08,438,2,440,Tier 4,3,3
PRJ-2391,Service,Oceania,NZ,2361957,3757261.32,16045.34,18469.49,2378002.34,3775730.8,1367,54,1421,Tier 3,7,4
PRJ-2392,Energy,South America,BR,1464840,1909645.39,436016.58,581520.84,1900856.58,2491166.23,1578,203,1781,Tier 3,5,5
PRJ-2393,Service,Oceania,AU,631643,949966.29,63565.22,79173.94,695208.22,1029140.23,540,61,601,Tier 4,3,1
PRJ-2394,Install,North America,MX,3054974,4683252.87,151979.05,212724.79,3206953.05,4895977.66,1401,110,1511,Tier 3,9,1
PRJ-2395,Service,North America,US,4086224,5494940.29,319875.85,406509.18,4406099.85,5901449.47,1100,86,1186,Tier 3,9,1
PRJ-2396,Install,Africa,EG,2660327,2624156.83,174532.44,205949.33,2834859.44,2830106.16,30,1,31,Tier 3,2,1
PRJ-2397,Install,North America,US,4191730,4572458.98,1140582.13,1594574.75,5332312.13,6167033.73,866,86,952,Tier 2,2,2
PRJ-2398,Service,Africa,ZA,3126524,4448404.19,362439.64,438109.24,3488963.64,4886513.43,359,14,373,Tier 3,2,1
PRJ-2399,Service,Africa,EG,3072925,3963652.3,571344.12,647986.48,3644269.12,4611638.78,882,163,1045,Tier 3,7,2
PRJ-2400,Service,Europe,DE,2526841,2240579.79,628888.58,680453.86,3155729.58,2921033.65,1039,64,1103,Tier 3,7,4
PRJ-2401,Install,South America,BR,4611765,5990899.61,600790.98,797295.73,5212555.98,6788195.33,1478,243,1721,Tier 2,2,0
PRJ-2402,Service,Oceania,NZ,339433,431507.37,48197.46,51738.99,387630.46,483246.37,1106,11,1117,Tier 4,3,0
PRJ-2403,Service,Oceania,AU,149990,99586.71,30518.5,40843.92,180508.5,140430.63,497,8,505,Tier 5,5,0
PRJ-2404,Install,Asia,JP,2016873,1344843.16,282716.21,399935.73,2299589.21,1744778.89,659,48,707,Tier 3,0,0
PRJ-2405,Install,North America,MX,549963,803741.3,23739.12,24793,573702.12,828534.3,116,2,118,Tier 4,6,5
PRJ-2406,Energy,Oceania,AU,1149936,792459.97,16800.17,17483.71,1166736.17,809943.68,869,12,881,Tier 3,10,0
PRJ-2407,Energy,North America,US,1211988,1248360.72,132253,162864.2,1344241,1411224.92,485,74,559,Tier 3,6,3
PRJ-2408,Energy,Europe,DE,4186921,6932114.2,1011571.93,1017970.83,5198492.93,7950085.03,715,124,839,Tier 2,3,0
PRJ-2409,Service,North America,MX,581878,726443.82,40379.47,57214.96,622257.47,783658.78,1654,177,1831,Tier 4,6,1
PRJ-2410,Service,Europe,DE,185606,212902.2,8186.41,10668.15,193792.41,223570.35,494,96,590,Tier 5,9,6
PRJ-2411,Energy,Oceania,AU,2465242,1562132.13,342313.56,391283.65,2807555.56,1953415.78,852,127,979,Tier 3,2,0
PRJ-2412,Install,North America,US,2364758,3247605.63,496552.47,524402.62,2861310.47,3772008.25,84,0,84,Tier 3,10,1
PRJ-2413,Service,South America,BR,4474993,6555859.02,1240284.44,1311795.36,5715277.44,7867654.38,772,64,836,Tier 2,4,1
PRJ-2414,Energy,Africa,EG,1987601,3463833.81,254882.9,321105.32,2242483.9,3784939.13,402,24,426,Tier 3,9,5
PRJ-2415,Install,South America,BR,3555528,2861156.17,1062971.16,1285055.58,4618499.16,4146211.75,310,16,326,Tier 3,7,0
PRJ-2416,Install,Africa,ZA,3058219,2638417.83,653904.03,918298.77,3712123.03,3556716.6,687,84,771,Tier 3,0,0
PRJ-2417,Energy,South America,AR,4080279,4345931.56,543951.75,551775.6,4624230.75,4897707.16,1473,286,1759,Tier 3,3,1
PRJ-2418,Service,South America,AR,3655547,3720541.57,844178.1,1102461.82,4499725.1,4823003.39,1112,37,1149,Tier 3,1,1
PRJ-2419,Energy,South America,AR,3447740,2354526.29,532126.35,541878.52,3979866.35,2896404.82,669,1,670,Tier 3,10,9
PRJ-2420,Install,Africa,ZA,775000,1113179.17,219748.85,237471.75,994748.85,1350650.92,1159,175,1334,Tier 4,4,4
PRJ-2421,Energy,South America,AR,2348644,3441330.74,34903.12,49331.15,2383547.12,3490661.89,328,30,358,Tier 3,2,2
PRJ-2422,Energy,North America,MX,2389323,3715149.12,669859.59,942428.54,3059182.59,4657577.65,1576,254,1830,Tier 3,2,1
PRJ-2423,Service,South America,BR,67146,41596.42,9858.59,12428.8,77004.59,54025.21,1645,302,1947,Tier 5,10,10
PRJ-2424,Service,Africa,ZA,3914331,3195609.95,1079795.48,1394869.14,4994126.48,4590479.09,264,28,292,Tier 3,2,1
PRJ-2425,Install,Europe,DE,337773,582927.97,67610.66,82715.15,405383.66,665643.12,1755,117,1872,Tier 4,4,4
PRJ-2426,Service,Europe,FR,4637810,3522907.04,787612.64,1073394.36,5425422.64,4596301.4,656,83,739,Tier 2,2,2
PRJ-2427,Energy,Asia,JP,2550905,3418848.57,194634.03,256777.73,2745539.03,3675626.3,1653,25,1678,Tier 3,5,4
PRJ-2428,Service,Africa,EG,3551998,6267637.29,10409,13973.86,3562407,6281611.15,549,101,650,Tier 3,5,4
PRJ-2429,Energy,Africa,ZA,3758873,5237420.24,863431.44,953603.92,4622304.44,6191024.16,886,71,957,Tier 3,10,10
PRJ-2430,Energy,Europe,DE,3116817,3577911.01,349851.37,500326.95,3466668.37,4078237.96,1032,160,1192,Tier 3,6,1
PRJ-2431,Energy,Africa,ZA,4987994,7168119.34,237822.3,348804.18,5225816.3,7516923.52,88,11,99,Tier 2,5,2
PRJ-2432,Service,Europe,FR,84593,104534.35,2074.63,2730.28,86667.63,107264.63,1635,58,1693,Tier 5,7,6
PRJ-2433,Service,Asia,JP,3110450,4510729.46,376931.94,499906.94,3487381.94,5010636.39,441,37,478,Tier 3,2,2
PRJ-2434,Install,North America,US,3982797,5015215.61,557224.27,682795.38,4540021.27,5698011,1068,154,1222,Tier 3,1,1
PRJ-2435,Energy,South America,AR,994809,1170952.17,155388.85,230095.47,1150197.85,1401047.64,1466,93,1559,Tier 3,5,0
PRJ-2436,Service,North America,MX,4611904,3576192.43,1318500.58,1572523.8,5930404.58,5148716.23,39,7,46,Tier 2,0,0
PRJ-2437,Energy,South America,AR,310698,542072.51,49628.37,73739.86,360326.37,615812.38,208,0,208,Tier 4,1,1
PRJ-2438,Install,Europe,FR,295474,343428.68,53170.75,69657.36,348644.75,413086.04,1264,163,1427,Tier 4,9,3
PRJ-2439,Install,Asia,JP,333020,491265.88,78630.83,108348.38,411650.83,599614.26,1540,14,1554,Tier 4,1,0
PRJ-2440,Service,Europe,DE,4615033,6698443.1,355883.83,448429.34,4970916.83,7146872.44,1745,303,2048,Tier 3,10,7
PRJ-2441,Energy,Oceania,AU,4408960,2705917.17,58258.23,62233.36,4467218.23,2768150.53,653,78,731,Tier 3,2,2
PRJ-2442,Install,South America,BR,755367,484772.88,150002.08,210014.84,905369.08,694787.72,134,14,148,Tier 4,1,0
PRJ-2443,Energy,Europe,FR,2039082,3467552.37,372047.79,544457.86,2411129.79,4012010.23,1177,1,1178,Tier 3,8,7
PRJ-2444,Install,Asia,CN,151977,201951.43,26051.82,36841.8,178028.82,238793.23,1719,54,1773,Tier 5,0,0
PRJ-2445,Install,Europe,DE,2864020,4290473.96,318889.43,330389.09,3182909.43,4620863.05,1165,85,1250,Tier 3,0,0
PRJ-2446,Service,Asia,CN,4173211,3340831.75,411449.8,583172.4,4584660.8,3924004.15,204,28,232,Tier 3,9,7
PRJ-2447,Energy,Africa,EG,3896533,5530024.07,343223.65,357019.76,4239756.65,5887043.83,452,38,490,Tier 3,6,6
PRJ-2448,Service,Oceania,AU,869260,836695.64,245515.92,294869.74,1114775.92,1131565.38,1643,133,1776,Tier 3,2,1
PRJ-2449,Energy,South America,BR,4375005,6811104.92,397260,412753.54,4772265,7223858.47,1386,196,1582,Tier 3,6,3
PRJ-2450,Install,Oceania,AU,3006410,3346626.57,692982.78,902897.25,3699392.78,4249523.82,1438,37,1475,Tier 3,6,6
PRJ-2451,Install,Asia,CN,4361359,5087287.89,622114.94,632392.81,4983473.94,5719680.7,1823,14,1837,Tier 3,4,4
PRJ-2452,Install,Asia,JP,4889563,5659931.28,669988.28,839410.3,5559551.28,6499341.58,646,62,708,Tier 2,5,0
PRJ-2453,Install,Oceania,AU,492581,751307.48,133085.87,171162.31,625666.87,922469.79,1096,157,1253,Tier 4,0,0
PRJ-2454,Service,Asia,CN,245097,239902,12358.89,15029.73,257455.89,254931.73,1427,244,1671,Tier 4,1,1
PRJ-2455,Energy,Oceania,AU,2779417,2518128.47,754973.09,1024967.87,3534390.09,3543096.34,948,105,1053,Tier 3,8,3
PRJ-2456,Service,Europe,DE,537501,497499.72,91398.64,103858.52,628899.64,601358.25,644,38,682,Tier 4,1,0
PRJ-2457,Install,North America,US,258620,365967.84,12403.09,16787.44,271023.09,382755.28,334,11,345,Tier 4,1,1
PRJ-2458,Install,Europe,DE,4832908,5534459.93,494414.36,681870.26,5327322.36,6216330.19,1731,263,1994,Tier 2,0,0
PRJ-2459,Energy,Asia,CN,4850454,3680576.37,873051.47,1085079.93,5723505.47,4765656.3,1376,183,1559,Tier 2,6,0
PRJ-2460,Service,Europe,DE,384046,632890.41,3599.39,3777.58,387645.39,636667.99,1334,214,1548,Tier 4,10,4
PRJ-2461,Energy,Europe,FR,2143791,3371330.74,264732.92,307467.67,2408523.92,3678798.41,1044,67,1111,Tier 3,0,0
PRJ-2462,Service,North America,MX,1977747,3059310.9,500085.54,718270.04,2477832.54,3777580.94,1255,46,1301,Tier 3,1,1
PRJ-2463,Service,South America,BR,1806056,1819254.69,226165.61,306547.88,2032221.61,2125802.57,1290,127,1417,Tier 3,4,2
PRJ-2464,Install,Asia,JP,4792671,2907372.31,835390.77,1083951.42,5628061.77,3991323.73,897,38,935,Tier 2,1,0
PRJ-2465,Service,North America,MX,780683,1392124.94,190429.77,201864.31,971112.77,1593989.25,125,15,140,Tier 4,4,2
PRJ-2466,Energy,South America,BR,355876,492133.77,27690.27,32337.02,383566.27,524470.79,1207,26,1233,Tier 4,0,0
PRJ-2467,Energy,Asia,CN,452909,717607.84,71679.53,93872.57,524588.53,811480.41,124,13,137,Tier 4,5,5
PRJ-2468,Install,South America,AR,771975,581895.28,48697.8,52089.04,820672.8,633984.32,302,34,336,Tier 4,2,0
PRJ-2469,Service,Asia,CN,1936352,1635621.87,531472.14,740955.32,2467824.14,2376577.18,50,4,54,Tier 3,7,5
PRJ-2470,Install,Africa,ZA,2117184,1455121.39,350714.87,467538.06,2467898.87,1922659.45,1198,209,1407,Tier 3,0,0
PRJ-2471,Install,Africa,ZA,3856174,6500565.9,717655.55,1069636.59,4573829.55,7570202.49,47,8,55,Tier 3,9,4
PRJ-2472,Energy,Africa,EG,1267817,1976833.95,374881.3,525394.57,1642698.3,2502228.52,395,35,430,Tier 3,9,5
PRJ-2473,Install,Europe,DE,4097194,3250928.82,1044673.32,1290951.37,5141867.32,4541880.19,1589,8,1597,Tier 2,8,6
PRJ-2474,Energy,Oceania,NZ,691378,468296.22,100302.4,108045.87,791680.4,576342.1,242,7,249,Tier 4,4,4
PRJ-2475,Energy,South America,AR,4329601,3182957.31,596842.6,719892.46,4926443.6,3902849.76,854,29,883,Tier 3,5,5
PRJ-2476,Energy,Asia,JP,1980896,2401063.49,409681.89,612174.73,2390577.89,3013238.21,512,38,550,Tier 3,9,3
PRJ-2477,Energy,Oceania,NZ,3687339,5646064.81,61213.22,85208.82,3748552.22,5731273.64,1813,103,1916,Tier 3,0,0
PRJ-2478,Service,North America,MX,3076645,4894284.86,470089.8,598777.29,3546734.8,5493062.15,1197,176,1373,Tier 3,10,5
PRJ-2479,Service,Europe,DE,1801704,1848791.77,519741.7,722575.16,2321445.7,2571366.93,220,30,250,Tier 3,5,2
PRJ-2480,Service,Africa,ZA,1464589,2510886.65,74528.44,90422.73,1539117.44,2601309.38,1777,294,2071,Tier 3,3,1
PRJ-2481,Install,Asia,JP,1419438,1097831.4,123553.2,139001.86,1542991.2,1236833.27,1810,215,2025,Tier 3,1,0
PRJ-2482,Energy,North America,MX,1998303,3018962.46,390807.36,585960.48,2389110.36,3604922.94,1656,259,1915,Tier 3,3,2
PRJ-2483,Energy,South America,BR,2280222,3313683.46,551227.3,597774.08,2831449.3,3911457.55,1068,85,1153,Tier 3,10,8
PRJ-2484,Install,Asia,JP,3276691,4587530.82,311147.54,378184.3,3587838.54,4965715.12,545,87,632,Tier 3,8,0
PRJ-2485,Energy,North America,MX,830703,982613.64,183398.11,228014.49,1014101.11,1210628.13,1100,177,1277,Tier 3,1,1
PRJ-2486,Install,Africa,ZA,3567641,4440784.44,14940.07,15098.99,3582581.07,4455883.43,181,19,200,Tier 3,9,5
PRJ-2487,Service,North America,US,3167979,2153685.67,38848.72,57175.4,3206827.72,2210861.07,369,27,396,Tier 3,9,1
PRJ-2488,Service,Africa,EG,4328458,2722804.32,1149660.59,1265240.81,5478118.59,3988045.13,1468,213,1681,Tier 2,3,0
PRJ-2489,Service,South America,BR,3958188,5370783.78,390666.19,552319.87,4348854.19,5923103.65,317,51,368,Tier 3,3,0
PRJ-2490,Service,Asia,CN,3979392,6419267.28,257279.95,278970.7,4236671.95,6698237.98,1672,229,1901,Tier 3,10,9
PRJ-2491,Energy,Asia,JP,1385394,1714542.83,77870.84,113807.37,1463264.84,1828350.21,1368,173,1541,Tier 3,10,7
PRJ-2492,Energy,South America,BR,642444,434886.63,50714.88,60536.07,693158.88,495422.71,605,56,661,Tier 4,1,1
PRJ-2493,Energy,Asia,CN,3309277,3915677.24,687050.21,1008527.92,3996327.21,4924205.16,693,98,791,Tier 3,2,0
PRJ-2494,Energy,Africa,EG,1072102,884821.83,227238.09,317895.26,1299340.09,1202717.09,535,25,560,Tier 3,2,2
PRJ-2495,Energy,Asia,CN,2330383,3957383.26,126785.41,138319.89,2457168.41,4095703.15,1202,229,1431,Tier 3,6,4
PRJ-2496,Energy,Asia,JP,4179950,5911644.63,463499.39,623856.32,4643449.39,6535500.94,1113,123,1236,Tier 3,3,0
PRJ-2497,Energy,Oceania,AU,1461908,1608083.84,332500.61,426648.88,1794408.61,2034732.73,953,87,1040,Tier 3,9,7
PRJ-2498,Service,Europe,DE,2373338,2643506.25,23351.14,32872.43,2396689.14,2676378.68,561,12,573,Tier 3,1,0
PRJ-2499,Service,Africa,ZA,4145560,3187499.41,755868.11,820892.75,4901428.11,4008392.17,1394,126,1520,Tier 3,7,3
PRJ-2500,Install,Europe,DE,156029,140132.37,42575.34,60776.82,198604.34,200909.19,95,8,103,Tier 5,5,3
PRJ-2501,Install,South America,AR,2319651,3782896.21,556740.17,817679.58,2876391.17,4600575.79,758,51,809,Tier 3,10,8
PRJ-2502,Service,South America,AR,4665611,3506236.52,308251.72,351575.87,4973862.72,3857812.39,538,41,579,Tier 3,0,0
PRJ-2503,Service,Asia,CN,4102081,4605133.39,477220.52,522658.29,4579301.52,5127791.68,206,24,230,Tier 3,7,5
PRJ-2504,Service,Asia,CN,4274607,7622982.45,278279.21,320196.91,4552886.21,7943179.35,1390,109,1499,Tier 3,10,5
PRJ-2505,Service,Asia,CN,3923893,6384031.78,294698.78,307571.16,4218591.78,6691602.94,341,49,390,Tier 3,7,4
PRJ-2506,Energy,Africa,EG,2712337,4598904.75,202492.94,287286.94,2914829.94,4886191.68,263,52,315,Tier 3,6,2
PRJ-2507,Energy,Europe,FR,3492037,2971081.71,847959.08,861082.61,4339996.08,3832164.32,1795,312,2107,Tier 3,9,1
PRJ-2508,Service,Africa,ZA,3325217,2687882.97,921337.45,1358971.11,4246554.45,4046854.08,870,167,1037,Tier 3,7,4
PRJ-2509,Install,Europe,FR,4945695,7785612.88,1202448.48,1382481.19,6148143.48,9168094.07,93,0,93,Tier 2,6,1
PRJ-2510,Energy,Oceania,AU,3659837,5325781.74,12590.18,14185.28,3672427.18,5339967.01,1439,228,1667,Tier 3,7,2
PRJ-2511,Service,Africa,EG,1886662,1518357.72,554207.71,704298.99,2440869.71,2222656.71,1259,60,1319,Tier 3,4,3
PRJ-2512,Energy,Oceania,NZ,1467359,2120865.7,137226.91,179508.23,1604585.91,2300373.94,1734,146,1880,Tier 3,3,2
PRJ-2513,Install,Europe,DE,3744438,4093541.26,730734.88,987642.84,4475172.88,5081184.1,521,13,534,Tier 3,9,7
PRJ-2514,Install,Africa,ZA,4616502,4038049.33,1123246.1,1549963.47,5739748.1,5588012.8,112,9,121,Tier 2,9,1
PRJ-2515,Install,Asia,JP,4485964,3555229.6,1314949.72,1405052.86,5800913.72,4960282.46,413,11,424,Tier 2,1,1
PRJ-2516,Energy,Oceania,NZ,602802,984586.02,63508.85,92721.19,666310.85,1077307.21,1567,165,1732,Tier 4,9,5
PRJ-2517,Install,South America,BR,513696,452871.79,34782.78,40864.28,548478.78,493736.07,626,28,654,Tier 4,5,3
PRJ-2518,Install,South America,AR,2657599,2890455.4,208581.04,223171.49,2866180.04,3113626.89,149,16,165,Tier 3,0,0
PRJ-2519,Install,Europe,FR,4867186,7534850.65,51240.04,67364.32,4918426.04,7602214.97,393,67,460,Tier 3,0,0
PRJ-2520,Service,Oceania,AU,3031404,3052741.56,658694.71,758887.31,3690098.71,3811628.86,319,48,367,Tier 3,10,1
PRJ-2521,Service,Oceania,AU,4079034,4736227.34,474877.98,622182.58,4553911.98,5358409.92,1619,197,1816,Tier 3,2,2
PRJ-2522,Energy,Africa,EG,70255,113727.1,11601.67,11739.55,81856.67,125466.64,483,53,536,Tier 5,0,0
PRJ-2523,Install,South America,AR,3098121,4657884.16,831332.22,1007418.27,3929453.22,5665302.43,68,12,80,Tier 3,8,0
PRJ-2524,Install,Oceania,NZ,3873761,6530127.28,510985.44,628098.66,4384746.44,7158225.94,1584,114,1698,Tier 3,9,2
PRJ-2525,Install,South America,AR,3427869,2398626.37,814297.35,868483.75,4242166.35,3267110.12,1504,83,1587,Tier 3,2,1
PRJ-2526,Service,South America,AR,2841533,4617371.18,96693.95,109956.79,2938226.95,4727327.96,1578,126,1704,Tier 3,5,3
PRJ-2527,Service,Africa,EG,802751,516287.53,127423.81,179888.27,930174.81,696175.8,1555,17,1572,Tier 4,6,6
PRJ-2528,Service,North America,US,4083320,6146342.94,1020100.73,1507068.44,5103420.73,7653411.39,1488,31,1519,Tier 2,8,4
PRJ-2529,Energy,South America,BR,520325,506368.37,86214.87,87057.64,606539.87,593426.01,709,56,765,Tier 4,6,6
PRJ-2530,Energy,Asia,CN,1320495,1152992.21,235728.81,337740.35,1556223.81,1490732.56,1513,15,1528,Tier 3,6,3
PRJ-2531,Energy,North America,MX,1163464,1575272.51,252996.87,285109.89,1416460.87,1860382.4,832,52,884,Tier 3,0,0
PRJ-2532,Energy,Asia,JP,4069795,3421249.9,705658.65,968484.48,4775453.65,4389734.37,333,44,377,Tier 3,2,2
PRJ-2533,Service,North America,US,381850,429694.79,1584.59,1620.89,383434.59,431315.67,420,71,491,Tier 4,0,0
PRJ-2534,Service,Europe,DE,3892099,4535733.11,471337.8,691953.3,4363436.8,5227686.42,326,37,363,Tier 3,0,0
PRJ-2535,Energy,North America,US,4990647,5584008.67,380839.62,430107.83,5371486.62,6014116.51,431,2,433,Tier 2,10,3
PRJ-2536,Install,Europe,DE,4985146,6678798.51,309643.64,348469.56,5294789.64,7027268.07,685,97,782,Tier 2,9,8
PRJ-2537,Energy,Asia,JP,3434688,4929994.19,410210.96,428590.86,3844898.96,5358585.05,713,46,759,Tier 3,2,0
PRJ-2538,Install,Europe,DE,2382253,1637732.77,307513.06,386974.2,2689766.06,2024706.97,356,58,414,Tier 3,6,3
PRJ-2539,Service,Africa,ZA,1315734,1232225.68,134088.98,191094.51,1449822.98,1423320.19,1452,215,1667,Tier 3,8,7
PRJ-2540,Energy,South America,BR,4811327,8219381.79,766864.61,902430.94,5578191.61,9121812.73,263,28,291,Tier 2,4,1
PRJ-2541,Service,South America,BR,4307829,6904624.86,641073.62,729729.75,4948902.62,7634354.62,1245,216,1461,Tier 3,7,6
PRJ-2542,Energy,Oceania,NZ,1246863,1835290.67,197009.98,248576.54,1443872.98,2083867.21,40,1,41,Tier 3,4,4
PRJ-2543,Energy,Africa,ZA,565939,635981.93,158105.81,177624.75,724044.81,813606.69,552,12,564,Tier 4,10,2
PRJ-2544,Energy,Asia,CN,2829829,3291653.74,512952,677083.87,3342781,3968737.61,1109,110,1219,Tier 3,0,0
PRJ-2545,Install,Africa,ZA,2508759,2490664.48,711416.85,756544.78,3220175.85,3247209.27,36,0,36,Tier 3,1,0
PRJ-2546,Service,South America,AR,3752205,3402593.27,821608.22,1146483.88,4573813.22,4549077.15,23,3,26,Tier 3,0,0
PRJ-2547,Install,Oceania,AU,3529080,4986791.04,706536.2,1015421.97,4235616.2,6002213,323,57,380,Tier 3,4,1
PRJ-2548,Install,North America,MX,4926086,6744218.51,140239.27,209476.61,5066325.27,6953695.12,692,132,824,Tier 2,9,0
PRJ-2549,Service,Asia,JP,360163,505204.76,107780.79,147351.51,467943.79,652556.27,136,1,137,Tier 4,2,2
PRJ-2550,Service,South America,AR,3371939,4564318.46,589983.51,652300.06,3961922.51,5216618.52,38,3,41,Tier 3,2,1
PRJ-2551,Service,Europe,DE,2841897,2434186.61,287366.86,310820.49,3129263.86,2745007.1,471,47,518,Tier 3,2,2
PRJ-2552,Install,Europe,FR,2460605,3884484.09,63804.53,91215.08,2524409.53,3975699.17,1368,162,1530,Tier 3,7,0
PRJ-2553,Service,Oceania,NZ,4471202,7209796.86,521229.57,715270.91,4992431.57,7925067.76,1150,88,1238,Tier 3,5,4
PRJ-2554,Energy,Asia,JP,3504725,2456049.27,936650.89,1006859.7,4441375.89,3462908.97,1782,262,2044,Tier 3,0,0
PRJ-2555,Service,Asia,JP,740210,473126.21,35334.53,47682.81,775544.53,520809.01,498,15,513,Tier 4,4,3
PRJ-2556,Install,Africa,ZA,4370894,4994823.76,172753.24,180698.81,4543647.24,5175522.57,89,4,93,Tier 3,8,6
PRJ-2557,Service,Oceania,AU,51879,73842.21,10770.79,12105.19,62649.79,85947.41,71,2,73,Tier 5,9,8
PRJ-2558,Service,Europe,DE,3276052,5312291.7,265230.96,283285.53,3541282.96,5595577.23,453,81,534,Tier 3,4,2
PRJ-2559,Install,Europe,FR,1059017,1250591.52,35922.18,36104.22,1094939.18,1286695.75,961,11,972,Tier 3,6,0
PRJ-2560,Service,Europe,FR,2970565,2467981.19,733995.9,1007998.16,3704560.9,3475979.35,1681,71,1752,Tier 3,0,0
PRJ-2561,Install,Africa,ZA,2542403,2729867.83,615240.79,884824.83,3157643.79,3614692.66,1329,44,1373,Tier 3,6,1
PRJ-2562,Install,North America,US,4864412,7792205.19,1443759.94,1636074.91,6308171.94,9428280.09,180,6,186,Tier 2,7,2
PRJ-2563,Energy,South America,BR,2349805,3666145.79,25894.25,36620.61,2375699.25,3702766.41,1388,36,1424,Tier 3,7,1
PRJ-2564,Install,North America,MX,4444899,2754778.16,119059.28,170056.87,4563958.28,2924835.03,457,12,469,Tier 3,9,4
PRJ-2565,Service,Africa,ZA,2263037,2102718.44,374721.74,382908.67,2637758.74,2485627.11,1812,354,2166,Tier 3,0,0
PRJ-2566,Energy,Asia,CN,1537409,1259977.98,269469.18,317910.78,1806878.18,1577888.76,194,0,194,Tier 3,3,2
PRJ-2567,Install,Europe,FR,3034728,2446596.86,57663.7,67424.7,3092391.7,2514021.57,1664,162,1826,Tier 3,8,2
PRJ-2568,Install,North America,US,671207,593509,192328.86,275212.47,863535.86,868721.47,1728,170,1898,Tier 4,9,8
PRJ-2569,Service,Oceania,NZ,2705395,3071182.25,206683.79,226287.68,2912078.79,3297469.93,617,105,722,Tier 3,2,1
PRJ-2570,Service,Oceania,AU,719914,1214657.16,127899.37,141918.81,847813.37,1356575.97,1588,182,1770,Tier 4,3,1
PRJ-2571,Install,Asia,JP,1507505,2509712.6,29623.83,32059.01,1537128.83,2541771.6,1049,97,1146,Tier 3,8,0
PRJ-2572,Energy,Europe,FR,2129847,2969760.99,505584.16,606127.31,2635431.16,3575888.3,1557,228,1785,Tier 3,7,5
PRJ-2573,Energy,Europe,FR,2450472,3762918.42,261258.1,351260.35,2711730.1,4114178.77,1364,50,1414,Tier 3,4,4
PRJ-2574,Energy,North America,MX,3230314,5385160.21,234178.45,274206.38,3464492.45,5659366.59,1006,172,1178,Tier 3,8,5
PRJ-2575,Energy,Oceania,NZ,2322864,1771405.48,257104.59,309821.87,2579968.59,2081227.34,851,72,923,Tier 3,7,3
PRJ-2576,Service,Africa,EG,4242035,3251118.07,664929.26,690072.97,4906964.26,3941191.04,333,19,352,Tier 3,10,8
PRJ-2577,Service,South America,BR,754473,904790.08,99294.03,114709.6,853767.03,1019499.67,184,20,204,Tier 4,1,1
PRJ-2578,Energy,Europe,FR,4710097,7595116.8,1250362.38,1563961.99,5960459.38,9159078.79,110,12,122,Tier 2,2,1
PRJ-2579,Install,Asia,JP,3750286,6657151.48,71619.37,96234.78,3821905.37,6753386.27,972,5,977,Tier 3,9,0
PRJ-2580,Service,Oceania,NZ,115124,166438.34,30244.04,42471.97,145368.04,208910.31,808,40,848,Tier 5,4,4
PRJ-2581,Energy,Asia,CN,1144921,1207515.62,144367.92,195614.09,1289288.92,1403129.72,666,107,773,Tier 3,0,0
PRJ-2582,Energy,North America,US,4213070,7255410.28,292110.02,417131.27,4505180.02,7672541.54,675,128,803,Tier 3,4,2
PRJ-2583,Energy,Europe,DE,2608627,3080675.65,294644.02,310824.81,2903271.02,3391500.46,1812,231,2043,Tier 3,3,1
PRJ-2584,Install,South America,BR,3088865,3372658.07,707606.8,733722.34,3796471.8,4106380.41,1288,151,1439,Tier 3,6,1
PRJ-2585,Service,South America,BR,1892881,2562950.59,463541.56,552388.14,2356422.56,3115338.73,989,0,989,Tier 3,7,7
PRJ-2586,Install,South America,BR,2100327,3046045.4,368234.18,397323.75,2468561.18,3443369.15,1708,340,2048,Tier 3,2,2
PRJ-2587,Install,North America,MX,3162659,3856612.83,613172.82,668949.53,3775831.82,4525562.36,1586,165,1751,Tier 3,5,0
PRJ-2588,Service,North America,US,3849551,3391337.7,706997.46,798826.3,4556548.46,4190164.01,1013,75,1088,Tier 3,2,1
PRJ-2589,Service,South America,BR,3862573,2742394.15,1066204.91,1537320.28,4928777.91,4279714.42,1475,177,1652,Tier 3,5,5
PRJ-2590,Energy,North America,MX,3946220,3616176.25,1091794.98,1368213.19,5038014.98,4984389.44,1332,104,1436,Tier 2,4,3
PRJ-2591,Install,Africa,ZA,3336388,3486452.44,927613.8,1274773.58,4264001.8,4761226.02,995,36,1031,Tier 3,8,6
PRJ-2592,Install,Europe,FR,1237965,1244043.36,207103.15,274538.73,1445068.15,1518582.09,1484,40,1524,Tier 3,7,3
PRJ-2593,Install,North America,US,1252694,799648.35,267525.76,330309.02,1520219.76,1129957.38,1695,158,1853,Tier 3,7,7
PRJ-2594,Service,South America,BR,4228633,4139120.94,754423.95,973799.97,4983056.95,5112920.91,724,16,740,Tier 3,5,1
PRJ-2595,Service,Europe,FR,1668638,1476039.34,332217.48,356477.42,2000855.48,1832516.76,1547,76,1623,Tier 3,0,0
PRJ-2596,Install,Asia,CN,4521953,3088214.2,730702.24,877236.29,5252655.24,3965450.49,1825,45,1870,Tier 2,0,0
PRJ-2597,Service,Asia,CN,1394048,1167088.7,311304.64,352410.6,1705352.64,1519499.3,1182,93,1275,Tier 3,2,2
PRJ-2598,Service,Africa,ZA,4192845,5051224.39,487054.45,605022.26,4679899.45,5656246.65,683,85,768,Tier 3,2,2
PRJ-2599,Service,North America,MX,2884211,4889808.51,809753.48,1110069.32,3693964.48,5999877.84,129,22,151,Tier 3,6,6
PRJ-2600,Service,Africa,EG,1488061,2622875.14,375708.07,444147.51,1863769.07,3067022.65,519,82,601,Tier 3,6,3
PRJ-2601,Service,Asia,CN,1132991,1588548.98,227234.21,286196.63,1360225.21,1874745.61,763,100,863,Tier 3,1,0
PRJ-2602,Install,Oceania,AU,3295734,5902713.17,510126.01,623324.71,3805860.01,6526037.89,1481,40,1521,Tier 3,5,5
PRJ-2603,Energy,Africa,ZA,1547029,2535864.35,323028.07,452983.78,1870057.07,2988848.13,1438,151,1589,Tier 3,4,4
PRJ-2604,Energy,Asia,JP,1612193,1590268.09,13492.07,15653.15,1625685.07,1605921.24,456,37,493,Tier 3,9,6
PRJ-2605,Service,North America,US,3142773,5088940.52,535010.17,555731.18,3677783.17,5644671.71,1564,199,1763,Tier 3,2,0
PRJ-2606,Service,Europe,FR,2018296,3403929.07,427830.29,607854.59,2446126.29,4011783.66,1498,29,1527,Tier 3,7,2
PRJ-2607,Energy,North America,US,801571,995574.43,224744.97,327661.58,1026315.97,1323236.01,820,13,833,Tier 3,0,0
PRJ-2608,Service,North America,US,4829407,6370990.81,1117155.67,1397360.96,5946562.67,7768351.77,1509,21,1530,Tier 2,1,0
PRJ-2609,Service,Africa,EG,2626018,1576712.34,676680.94,783744.75,3302698.94,2360457.09,1666,312,1978,Tier 3,2,1
PRJ-2610,Install,South America,BR,638871,1097033.24,108525.1,142252.9,747396.1,1239286.13,1271,151,1422,Tier 4,1,1
PRJ-2611,Install,Asia,CN,2051029,3147446.87,361971.84,460683.18,2413000.84,3608130.05,470,1,471,Tier 3,8,0
PRJ-2612,Install,South America,AR,4936779,4068787.8,522031.92,691671.11,5458810.92,4760458.92,489,62,551,Tier 2,9,6
PRJ-2613,Energy,Africa,ZA,3657859,3214488.59,420371.94,550027.71,4078230.94,3764516.3,862,21,883,Tier 3,0,0
PRJ-2614,Install,Asia,CN,3157752,3356066.07,750582,1108867.54,3908334,4464933.61,1046,47,1093,Tier 3,3,0
PRJ-2615,Energy,Oceania,AU,1048791,753371.78,35202.93,38990.65,1083993.93,792362.43,1298,136,1434,Tier 3,8,8
PRJ-2616,Service,Oceania,AU,2588692,3563474.4,281874.31,382633.95,2870566.31,3946108.35,64,6,70,Tier 3,7,1
PRJ-2617,Energy,Asia,CN,3044749,3363563.56,584643.59,599324.77,3629392.59,3962888.34,1467,269,1736,Tier 3,3,0
PRJ-2618,Energy,Asia,JP,681789,581421.68,156815.41,196857.42,838604.41,778279.09,1732,322,2054,Tier 4,9,2
PRJ-2619,Service,Oceania,AU,2849947,4575813.34,518371.77,672595.38,3368318.77,5248408.72,759,84,843,Tier 3,10,10
PRJ-2620,Install,Asia,JP,718680,974934.68,81316.71,109434.17,799996.71,1084368.86,1405,246,1651,Tier 4,4,3
PRJ-2621,Service,North America,US,1279512,1766464.66,76039.9,97183.63,1355551.9,1863648.29,1709,139,1848,Tier 3,4,4
PRJ-2622,Service,Europe,FR,2836748,4289538.7,312572.75,386169.39,3149320.75,4675708.09,1639,12,1651,Tier 3,7,1
PRJ-2623,Service,Asia,JP,683044,1196748.35,169636.95,187524.44,852680.95,1384272.8,1056,103,1159,Tier 4,5,0
PRJ-2624,Service,Asia,JP,764335,1173413.08,30175.92,33081.22,794510.92,1206494.3,1787,35,1822,Tier 4,4,1
PRJ-2625,Install,Oceania,AU,1295812,1130883.67,259566.73,291600.4,1555378.73,1422484.06,466,62,528,Tier 3,9,4
PRJ-2626,Energy,South America,AR,3380349,3446500.78,904449.09,1174179.91,4284798.09,4620680.68,627,18,645,Tier 3,8,5
PRJ-2627,Energy,Africa,EG,1018736,1216176.79,103089.54,133163.76,1121825.54,1349340.54,166,5,171,Tier 3,7,3
PRJ-2628,Service,North America,MX,4616566,8250910.8,644439.79,932558.57,5261005.79,9183469.37,845,7,852,Tier 2,3,0
PRJ-2629,Energy,Africa,EG,1979473,1413802.4,419846.7,586758.91,2399319.7,2000561.31,1385,151,1536,Tier 3,0,0
PRJ-2630,Service,North America,US,3013136,5083614.28,535198.49,661533.89,3548334.49,5745148.17,886,110,996,Tier 3,8,0
PRJ-2631,Energy,Asia,CN,366471,410713.44,7732.53,10760.03,374203.53,421473.47,951,98,1049,Tier 4,5,1
PRJ-2632,Service,Europe,FR,3605163,3873981.58,1069849.61,1477367.36,4675012.61,5351348.94,993,132,1125,Tier 3,5,2
PRJ-2633,Service,Oceania,NZ,218224,138388.29,40937,55614.25,259161,194002.54,802,9,811,Tier 4,7,6
PRJ-2634,Service,Asia,JP,1467695,1376667.32,86644.43,96951.24,1554339.43,1473618.56,602,25,627,Tier 3,4,3
PRJ-2635,Energy,North America,MX,225650,170750.19,57449.92,76507.36,283099.92,247257.55,1543,272,1815,Tier 4,8,6
PRJ-2636,Service,Asia,JP,351260,428238.47,53443.55,75357.74,404703.55,503596.21,482,93,575,Tier 4,10,3
PRJ-2637,Energy,Oceania,NZ,4821878,3353422.66,150386.03,184412.12,4972264.03,3537834.78,282,53,335,Tier 3,2,0
PRJ-2638,Energy,South America,BR,4014990,5772880.54,831725.16,847266.48,4846715.16,6620147.02,176,10,186,Tier 3,5,5
PRJ-2639,Service,Africa,EG,1018184,651732.02,40078.27,44882.89,1058262.27,696614.91,378,32,410,Tier 3,6,1
PRJ-2640,Energy,Asia,CN,3346574,2861618.28,859530.09,909910.37,4206104.09,3771528.65,167,11,178,Tier 3,2,0
PRJ-2641,Service,Oceania,AU,281749,386790.51,77182.79,91018.05,358931.79,477808.56,1471,206,1677,Tier 4,6,2
PRJ-2642,Service,North America,US,3472079,2403592.55,565914.19,611578.81,4037993.19,3015171.36,1005,159,1164,Tier 3,1,1
PRJ-2643,Service,Africa,EG,3821778,4477520.72,242414.38,255787.88,4064192.38,4733308.6,609,96,705,Tier 3,8,3
PRJ-2644,Service,North America,US,4679235,4188956.83,655922.44,776626.91,5335157.44,4965583.74,561,31,592,Tier 2,3,2
PRJ-2645,Service,Asia,JP,1916366,2594232.93,457552.14,650155.99,2373918.14,3244388.93,1480,113,1593,Tier 3,6,1
PRJ-2646,Install,Oceania,NZ,1975012,3254367.24,30910.41,32434.05,2005922.41,3286801.29,1757,58,1815,Tier 3,3,3
PRJ-2647,Install,Europe,DE,2742046,2028907.21,486595.07,700633.04,3228641.07,2729540.26,85,4,89,Tier 3,3,1
PRJ-2648,Install,Africa,ZA,1859451,1124388.88,216136.91,307284.23,2075587.91,1431673.11,1092,202,1294,Tier 3,9,7
PRJ-2649,Install,South America,AR,868081,1371413.68,98422.18,108666.21,966503.18,1480079.89,1377,80,1457,Tier 4,7,3
PRJ-2650,Install,Oceania,NZ,4251020,3743414.83,902141.08,1164784.04,5153161.08,4908198.87,1620,271,1891,Tier 2,1,0
PRJ-2651,Energy,North America,MX,4223840,6873114.32,393599.1,517839.42,4617439.1,7390953.74,747,1,748,Tier 3,7,3
PRJ-2652,Service,North America,MX,4814392,6235740.05,565749.86,619427.74,5380141.86,6855167.79,531,32,563,Tier 2,5,4
PRJ-2653,Install,Africa,ZA,1547600,1450762.25,37177.78,42551.73,1584777.78,1493313.98,873,135,1008,Tier 3,2,2
PRJ-2654,Install,Asia,JP,528937,399812.16,74614.97,103194.37,603551.97,503006.52,1791,268,2059,Tier 4,2,2
PRJ-2655,Install,Europe,DE,2466617,2938490.72,12261.18,16028.08,2478878.18,2954518.8,125,24,149,Tier 3,9,3
PRJ-2656,Energy,Europe,DE,543281,343732.11,127056.9,130718.68,670337.9,474450.78,794,117,911,Tier 4,4,2
PRJ-2657,Energy,Europe,DE,632783,618118.81,118413.19,160044.68,751196.19,778163.48,190,8,198,Tier 4,8,3
PRJ-2658,Install,North America,MX,1094130,1045315.05,45507.45,60326.72,1139637.45,1105641.77,628,88,716,Tier 3,3,3
PRJ-2659,Service,Asia,CN,661275,836148.94,176091.28,225284.73,837366.28,1061433.67,1261,243,1504,Tier 4,4,2
PRJ-2660,Service,Oceania,NZ,2866410,2735306.42,832499.03,1030738.61,3698909.03,3766045.03,885,84,969,Tier 3,2,1
PRJ-2661,Energy,Africa,EG,2937181,4305448.64,202865.1,213403.75,3140046.1,4518852.39,827,130,957,Tier 3,3,0
PRJ-2662,Install,Africa,EG,4857199,7373048.23,209576.71,285903.54,5066775.71,7658951.77,1760,210,1970,Tier 2,8,8
PRJ-2663,Install,Asia,CN,3206634,4115224.57,678250.89,815315.92,3884884.89,4930540.49,124,23,147,Tier 3,10,10
PRJ-2664,Energy,North America,MX,209628,126241.96,46783.37,63233.18,256411.37,189475.14,1134,33,1167,Tier 4,5,4
PRJ-2665,Energy,North America,MX,1243513,1416754.73,112615.77,167127.32,1356128.77,1583882.05,475,67,542,Tier 3,9,3
PRJ-2666,Energy,Oceania,NZ,455087,456950.62,6726.18,9528.98,461813.18,466479.6,1204,230,1434,Tier 4,9,4
PRJ-2667,Service,Oceania,AU,1244222,1909091.92,118513.54,159128.39,1362735.54,2068220.31,1734,275,2009,Tier 3,5,3
PRJ-2668,Service,Africa,EG,1749024,2282471.58,60545.84,72015.39,1809569.84,2354486.97,507,73,580,Tier 3,7,7
PRJ-2669,Energy,Oceania,NZ,380755,510575.41,39812.17,45026.33,420567.17,555601.74,536,73,609,Tier 4,0,0
PRJ-2670,Energy,Asia,CN,4530811,7805515.2,552029.96,711560.55,5082840.96,8517075.75,1304,218,1522,Tier 2,5,1
PRJ-2671,Install,Europe,DE,1599305,2612871.43,224625.47,255904.24,1823930.47,2868775.67,54,0,54,Tier 3,9,2
PRJ-2672,Energy,Oceania,NZ,723896,1009814.76,48776.2,56705.62,772672.2,1066520.38,36,1,37,Tier 4,5,4
PRJ-2673,Install,Africa,EG,1850473,2991616.71,226526.81,227457.73,2076999.81,3219074.44,381,34,415,Tier 3,7,7
PRJ-2674,Energy,Asia,JP,4332632,5168125.5,1046972.03,1356645.7,5379604.03,6524771.2,1535,58,1593,Tier 2,5,5
PRJ-2675,Service,Asia,CN,3814529,2747643.7,217605.02,223939.59,4032134.02,2971583.29,126,1,127,Tier 3,8,3
PRJ-2676,Install,Asia,JP,2765445,4924345.84,92116.99,109209.99,2857561.99,5033555.82,254,14,268,Tier 3,5,2
PRJ-2677,Energy,North America,US,4923530,4977729.03,1104634.86,1548153.1,6028164.86,6525882.13,1818,62,1880,Tier 2,0,0
PRJ-2678,Install,Europe,FR,1079705,1430843.04,103244.92,131237.03,1182949.92,1562080.07,1627,195,1822,Tier 3,0,0
PRJ-2679,Service,South America,AR,2130751,1499603.3,194947.99,264797.34,2325698.99,1764400.65,1611,108,1719,Tier 3,8,2
PRJ-2680,Energy,South America,AR,1434846,1723232.79,32955.94,42746.66,1467801.94,1765979.46,1270,155,1425,Tier 3,0,0
PRJ-2681,Service,Oceania,NZ,1550709,2237201.26,170100.38,234548.4,1720809.38,2471749.65,515,31,546,Tier 3,1,1
PRJ-2682,Install,Africa,EG,3353708,3772907.26,480743.6,619156.45,3834451.6,4392063.71,829,80,909,Tier 3,4,0
PRJ-2683,Install,North America,US,1479421,1613825.55,146692.65,205090.44,1626113.65,1818915.99,1234,160,1394,Tier 3,7,3
PRJ-2684,Install,South America,BR,3829460,2737626.83,658762.18,697094.89,4488222.18,3434721.72,1779,153,1932,Tier 3,1,1
PRJ-2685,Service,North America,US,3592322,2605171.42,598388,694134.84,4190710,3299306.26,34,6,40,Tier 3,4,2
PRJ-2686,Energy,Africa,ZA,1469731,1919852.49,320164.65,428978.5,1789895.65,2348830.99,212,5,217,Tier 3,4,4
PRJ-2687,Energy,Africa,ZA,4794411,5234430.07,1096707.34,1380991.02,5891118.34,6615421.09,1625,255,1880,Tier 2,0,0
PRJ-2688,Install,Europe,FR,1051771,1495820.44,275324.66,326082.14,1327095.66,1821902.59,1286,140,1426,Tier 3,4,0
PRJ-2689,Energy,Africa,EG,4217591,6615995.26,665187.65,798183.01,4882778.65,7414178.26,801,145,946,Tier 3,8,2
PRJ-2690,Install,Asia,JP,1290367,1999547.4,298522.72,343006.73,1588889.72,2342554.13,1024,163,1187,Tier 3,1,1
PRJ-2691,Service,Africa,EG,3764860,4009142.59,649595.55,662348.08,4414455.55,4671490.67,359,12,371,Tier 3,2,2
PRJ-2692,Install,Africa,EG,3941601,4148113.12,407429.85,448625.43,4349030.85,4596738.55,959,152,1111,Tier 3,0,0
PRJ-2693,Install,Asia,CN,1153092,1623064.07,296469.09,328747.68,1449561.09,1951811.75,980,119,1099,Tier 3,10,1
PRJ-2694,Energy,Asia,JP,4881516,7771665.78,565471.64,822745.61,5446987.64,8594411.39,1321,5,1326,Tier 2,2,1
PRJ-2695,Service,South America,AR,1010305,1795261.45,32603.06,43007.47,1042908.06,1838268.92,292,32,324,Tier 3,10,9
PRJ-2696,Energy,South America,BR,4410526,5318482.62,980478.56,1001524.28,5391004.56,6320006.9,225,42,267,Tier 2,6,4
PRJ-2697,Energy,Oceania,AU,580086,467043.92,1916.32,2625.05,582002.32,469668.98,803,31,834,Tier 4,4,1
PRJ-2698,Service,North America,MX,519579,921657.76,51392.95,55046.81,570971.95,976704.57,1813,290,2103,Tier 4,4,1
PRJ-2699,Service,Africa,EG,432562,453988.47,112127.87,166889.93,544689.87,620878.4,892,20,912,Tier 4,7,0
PRJ-2700,Service,North America,MX,4085663,7255548.05,454312.02,497138.43,4539975.02,7752686.48,649,47,696,Tier 3,8,4
PRJ-2701,Energy,Oceania,AU,3487863,4785256.85,763901.03,894903.32,4251764.03,5680160.17,1384,143,1527,Tier 3,4,1
PRJ-2702,Install,South America,AR,3944160,3575319.56,760522.72,876003.86,4704682.72,4451323.42,199,37,236,Tier 3,5,0
PRJ-2703,Energy,Europe,FR,3838464,4707114.67,209067.5,215592.75,4047531.5,4922707.41,383,76,459,Tier 3,10,2
PRJ-2704,Service,Asia,CN,850496,1239224.53,165972.17,227008.1,1016468.17,1466232.62,1288,1,1289,Tier 3,6,2
PRJ-2705,Service,Asia,CN,1359742,2100500.05,112119.66,113637.27,1471861.66,2214137.32,1821,175,1996,Tier 3,1,1
PRJ-2706,Install,South America,BR,3281930,3568816.12,523797.66,540571.97,3805727.66,4109388.09,229,35,264,Tier 3,3,1
PRJ-2707,Install,North America,US,808291,1374231.75,97431.66,102461.17,905722.66,1476692.91,297,37,334,Tier 4,0,0
PRJ-2708,Install,North America,MX,4854892,8328922.21,992668.69,1025354.12,5847560.69,9354276.33,1341,166,1507,Tier 2,1,0
PRJ-2709,Energy,North America,US,824217,1323878.83,219039.03,298844.46,1043256.03,1622723.29,610,47,657,Tier 3,6,1
PRJ-2710,Service,North America,MX,3787836,5506789.9,732198.54,1065538.54,4520034.54,6572328.44,1303,51,1354,Tier 3,9,8
PRJ-2711,Energy,Asia,JP,1359986,2297796,18737.54,28053.11,1378723.54,2325849.1,427,78,505,Tier 3,5,5
PRJ-2712,Energy,Asia,JP,696341,727804.4,60989.81,74231.35,757330.81,802035.75,976,121,1097,Tier 4,9,7
PRJ-2713,Install,South America,AR,996552,1459328.46,1526.51,2190.25,998078.51,1461518.72,42,4,46,Tier 4,10,2
PRJ-2714,Service,Asia,CN,1805867,1305655.11,310725.4,404605.69,2116592.4,1710260.8,424,40,464,Tier 3,4,2
PRJ-2715,Energy,Europe,DE,280647,236148.62,22927.69,27685.03,303574.69,263833.64,764,143,907,Tier 4,6,3
PRJ-2716,Service,Africa,EG,1845217,2715905.35,29196.78,34152.86,1874413.78,2750058.21,1647,163,1810,Tier 3,5,4
PRJ-2717,Energy,Europe,DE,1658817,1299887.53,372780.28,550175.89,2031597.28,1850063.42,265,32,297,Tier 3,6,0
PRJ-2718,Service,North America,US,1385129,1776973.96,8671.22,11561.87,1393800.22,1788535.83,470,10,480,Tier 3,8,4
PRJ-2719,Energy,Europe,DE,2543960,2315745.36,376767.25,395981.26,2920727.25,2711726.63,1732,28,1760,Tier 3,3,1
PRJ-2720,Install,South America,BR,3393221,2681356.52,782572.84,786793.78,4175793.84,3468150.31,1634,270,1904,Tier 3,4,2
PRJ-2721,Energy,Asia,CN,4877223,7154427.64,393321.66,407504.89,5270544.66,7561932.53,870,101,971,Tier 2,7,4
PRJ-2722,Energy,South America,BR,3768039,5386925.37,256450.95,365622.6,4024489.95,5752547.97,947,14,961,Tier 3,3,3
PRJ-2723,Service,Oceania,NZ,4986515,7145808.06,413496.01,487678.45,5400011.01,7633486.51,1157,17,1174,Tier 2,9,7
PRJ-2724,Install,South America,AR,1323627,823111.31,105475.54,119332.82,1429102.54,942444.13,1181,117,1298,Tier 3,8,1
PRJ-2725,Install,North America,US,4689747,3902480.85,52070.55,57163.08,4741817.55,3959643.93,978,9,987,Tier 3,4,1
PRJ-2726,Energy,Oceania,NZ,4175616,2642950.68,1027440.91,1198155.34,5203056.91,3841106.02,789,139,928,Tier 2,4,2
PRJ-2727,Service,South America,AR,2883043,3678316.13,427466.42,614783.7,3310509.42,4293099.82,1414,272,1686,Tier 3,10,9
PRJ-2728,Service,Oceania,AU,2945504,4690643.57,142750.86,164429.37,3088254.86,4855072.94,1234,134,1368,Tier 3,5,2
PRJ-2729,Service,Asia,CN,4893259,6832281.77,1020967.16,1392629.52,5914226.16,8224911.28,1018,142,1160,Tier 2,4,3
PRJ-2730,Service,Asia,CN,1993256,1825919.83,9202.85,12480.76,2002458.85,1838400.59,1013,136,1149,Tier 3,5,3
PRJ-2731,Energy,Europe,DE,4464008,4416404.74,803552.22,814804.88,5267560.22,5231209.62,888,75,963,Tier 2,10,6
PRJ-2732,Service,Oceania,NZ,4977544,7521346.57,654797.1,661216.4,5632341.1,8182562.97,174,16,190,Tier 2,1,1
PRJ-2733,Install,Asia,CN,4182468,6149991.17,539028.85,784660.64,4721496.85,6934651.81,1009,11,1020,Tier 3,5,5
PRJ-2734,Service,Africa,ZA,1768757,2855940.76,404844.87,501994.06,2173601.87,3357934.82,1605,126,1731,Tier 3,5,0
PRJ-2735,Service,Africa,EG,843864,1020900.39,56482.74,69502.85,900346.74,1090403.24,267,38,305,Tier 4,8,1
PRJ-2736,Service,North America,US,386730,635101.04,5048.63,5659.78,391778.63,640760.82,1365,130,1495,Tier 4,6,4
PRJ-2737,Service,Africa,EG,3964366,4101573.89,1163822.07,1301365.45,5128188.07,5402939.34,145,16,161,Tier 2,9,7
PRJ-2738,Energy,Oceania,NZ,2984285,4617989.65,733978.86,749377.23,3718263.86,5367366.88,1659,296,1955,Tier 3,9,0
PRJ-2739,Install,Asia,JP,763879,839166.2,149535.86,151629.95,913414.86,990796.15,1198,221,1419,Tier 4,1,0
PRJ-2740,Service,North America,MX,1086137,1437324.45,40638.96,53507.37,1126775.96,1490831.82,1305,8,1313,Tier 3,4,0
PRJ-2741,Energy,South America,BR,3160251,3892581.89,606693.4,611205.06,3766944.4,4503786.95,1667,168,1835,Tier 3,2,1
PRJ-2742,Service,Asia,CN,305349,373275.31,35067.11,49058.45,340416.11,422333.76,1071,197,1268,Tier 4,3,0
PRJ-2743,Energy,South America,AR,308093,437471.12,39251.32,46516.97,347344.32,483988.09,1177,172,1349,Tier 4,6,2
PRJ-2744,Energy,South America,BR,703163,1050627.46,46525.65,67908.43,749688.65,1118535.89,675,114,789,Tier 4,5,4
PRJ-2745,Service,Africa,EG,2695282,4115002.88,358717.85,457255.55,3053999.85,4572258.43,426,37,463,Tier 3,8,5
PRJ-2746,Service,Europe,FR,162621,288737.55,36441.78,41513.4,199062.78,330250.94,1003,116,1119,Tier 5,6,5
PRJ-2747,Install,Europe,FR,3022995,4568992.41,905471.9,1336053.64,3928466.9,5905046.05,1771,342,2113,Tier 3,9,9
PRJ-2748,Energy,Oceania,AU,1873842,2475978.18,179213.73,221847.97,2053055.73,2697826.15,1344,81,1425,Tier 3,2,1
PRJ-2749,Energy,South America,AR,2686803,4747008.23,631188.9,693163.15,3317991.9,5440171.39,1461,124,1585,Tier 3,0,0
PRJ-2750,Service,Oceania,NZ,3600546,3157003.2,774348.25,1103361.51,4374894.25,4260364.71,382,41,423,Tier 3,1,1
PRJ-2751,Install,North America,US,3366673,4101040.29,958854.64,1051779.21,4325527.64,5152819.5,1122,141,1263,Tier 3,10,1
PRJ-2752,Install,North America,US,249378,224251.98,70016.88,84823.95,319394.88,309075.93,1208,162,1370,Tier 4,2,1
PRJ-2753,Energy,Africa,EG,269795,292294.31,69169.84,72368.41,338964.84,364662.72,261,16,277,Tier 4,1,1
PRJ-2754,Energy,Oceania,AU,1148919,827622.79,111224.77,122932.83,1260143.77,950555.63,1144,25,1169,Tier 3,10,7
PRJ-2755,Service,Europe,FR,2370500,4205902.86,111086.31,144266.92,2481586.31,4350169.79,647,24,671,Tier 3,0,0
PRJ-2756,Energy,Africa,EG,3124321,3264407.32,628074.28,699084.29,3752395.28,3963491.6,1129,142,1271,Tier 3,6,4
PRJ-2757,Energy,North America,MX,261162,410275.26,46653.7,65713.48,307815.7,475988.74,1537,49,1586,Tier 4,4,1
PRJ-2758,Energy,Europe,FR,2181208,2892095.44,41949.49,48654.81,2223157.49,2940750.25,350,45,395,Tier 3,4,2
PRJ-2759,Energy,North America,MX,940929,1419880.15,133553.66,159496.35,1074482.66,1579376.5,1786,2,1788,Tier 3,9,7
PRJ-2760,Energy,North America,US,4893114,3448427.83,225105.05,252862.66,5118219.05,3701290.5,1372,260,1632,Tier 2,9,5
PRJ-2761,Install,North America,US,3262744,2701342.93,310841.58,403697.64,3573585.58,3105040.57,466,79,545,Tier 3,4,1
PRJ-2762,Service,Africa,ZA,3542467,3190680.92,479594.26,712031.66,4022061.26,3902712.58,1150,185,1335,Tier 3,0,0
PRJ-2763,Energy,Europe,FR,1420552,964350.05,156359.5,181779.48,1576911.5,1146129.53,222,10,232,Tier 3,10,8
PRJ-2764,Energy,Oceania,AU,1178637,1833819.25,7243.6,9242.15,1185880.6,1843061.4,1699,306,2005,Tier 3,5,5
PRJ-2765,Energy,North America,MX,4227014,5013858.35,872883.28,1045570.05,5099897.28,6059428.4,994,84,1078,Tier 2,4,0
PRJ-2766,Energy,Africa,ZA,690061,808361.52,147978.66,183153.84,838039.66,991515.36,758,109,867,Tier 4,0,0
PRJ-2767,Energy,North America,US,1893874,2076403.88,117203.85,143801.47,2011077.85,2220205.34,1269,50,1319,Tier 3,6,4
PRJ-2768,Service,Europe,FR,3693829,3172608.01,577548.21,739455.3,4271377.21,3912063.31,1526,286,1812,Tier 3,0,0
PRJ-2769,Service,Europe,FR,3679186,3783147.33,44288.52,45706.35,3723474.52,3828853.68,138,12,150,Tier 3,10,3
PRJ-2770,Service,South America,AR,4644221,8268483.71,743581.36,982894.36,5387802.36,9251378.07,266,5,271,Tier 2,3,0
PRJ-2771,Service,North America,US,2573750,2560877.85,307874.41,401444.08,2881624.41,2962321.94,138,16,154,Tier 3,1,0
PRJ-2772,Energy,Europe,FR,88152,127092.1,5352.24,6541.95,93504.24,133634.05,1778,200,1978,Tier 5,1,1
PRJ-2773,Energy,Oceania,AU,2628375,3655361.57,327622.49,405270.78,2955997.49,4060632.35,1458,216,1674,Tier 3,1,0
PRJ-2774,Service,North America,MX,2749783,3315125.3,4671.09,6991.4,2754454.09,3322116.7,1750,306,2056,Tier 3,4,1
PRJ-2775,Service,South America,AR,4981369,6598814.2,1447928.95,2044161.3,6429297.95,8642975.5,768,112,880,Tier 2,3,3
PRJ-2776,Service,Europe,FR,3195467,5316807.46,503905.96,685547.75,3699372.96,6002355.21,1287,209,1496,Tier 3,8,6
PRJ-2777,Install,Asia,CN,599764,1019937.28,10838.39,11429.76,610602.39,1031367.04,457,38,495,Tier 4,2,1
PRJ-2778,Install,Africa,ZA,4158261,6551812.7,489917.26,565770.27,4648178.26,7117582.97,61,2,63,Tier 3,8,2
PRJ-2779,Install,Africa,ZA,1735592,2234117.21,476341.24,665159.6,2211933.24,2899276.81,812,86,898,Tier 3,1,1
PRJ-2780,Energy,Europe,DE,560308,656536.96,55956.73,67563.75,616264.73,724100.71,937,171,1108,Tier 4,2,1
PRJ-2781,Service,South America,AR,2835059,2172947.84,660904.3,749785.3,3495963.3,2922733.14,195,6,201,Tier 3,8,1
PRJ-2782,Service,Africa,ZA,1362681,1142335.4,340037.05,382429.69,1702718.05,1524765.08,421,9,430,Tier 3,9,3
PRJ-2783,Install,Africa,EG,87713,94452.79,19005.51,24042.6,106718.51,118495.38,474,36,510,Tier 5,7,0
PRJ-2784,Service,Asia,JP,131231,204241.28,20630.73,27314.98,151861.73,231556.26,335,50,385,Tier 5,6,1
PRJ-2785,Energy,South America,BR,4563363,3734644.52,1177278.51,1693143.94,5740641.51,5427788.46,1622,143,1765,Tier 2,9,1
PRJ-2786,Install,Oceania,AU,58060,83337.33,3339.49,3748.65,61399.49,87085.99,1268,220,1488,Tier 5,6,3
PRJ-2787,Service,Asia,JP,867264,1255877.22,246790.63,309097.54,1114054.63,1564974.76,1429,74,1503,Tier 3,0,0
PRJ-2788,Energy,South America,AR,4522827,4277228.54,141376.59,162989.23,4664203.59,4440217.77,1495,143,1638,Tier 3,7,6
PRJ-2789,Energy,Oceania,AU,3895367,4681019.46,682145.48,1018277.48,4577512.48,5699296.94,1089,155,1244,Tier 3,6,6
PRJ-2790,Install,South America,AR,4267956,3608354.85,846350.01,1048149.2,5114306.01,4656504.05,49,5,54,Tier 2,9,0
PRJ-2791,Energy,Oceania,NZ,727619,851832.52,177666.8,197704.49,905285.8,1049537,1431,176,1607,Tier 4,1,1
PRJ-2792,Service,South America,BR,3107841,2270738.85,401548,493708.22,3509389,2764447.07,1022,166,1188,Tier 3,5,0
PRJ-2793,Energy,South America,BR,2914376,2775826.63,433320.36,524046.98,3347696.36,3299873.61,1581,267,1848,Tier 3,7,0
PRJ-2794,Service,North America,US,4375017,4164315.99,601333.09,737534.12,4976350.09,4901850.11,1442,262,1704,Tier 3,3,0
PRJ-2795,Service,South America,AR,4767035,3598818.65,1024375.2,1409201.59,5791410.2,5008020.25,1080,54,1134,Tier 2,10,7
PRJ-2796,Install,North America,US,2228271,3486823.57,536924.69,670193.31,2765195.69,4157016.88,878,166,1044,Tier 3,5,4
PRJ-2797,Service,North America,MX,4335644,3514902.12,659240.82,987138.41,4994884.82,4502040.53,1141,111,1252,Tier 3,9,4
PRJ-2798,Install,South America,BR,4784319,3229152.95,194770.27,272664.23,4979089.27,3501817.18,665,122,787,Tier 3,1,0
PRJ-2799,Install,North America,MX,1092921,673699.84,297279.75,327629.92,1390200.75,1001329.76,959,43,1002,Tier 3,8,1
PRJ-2800,Service,Oceania,NZ,3533335,2878742.95,990121.21,1358183.78,4523456.21,4236926.73,1266,45,1311,Tier 3,9,6
PRJ-2801,Service,South America,BR,3599813,3261843.74,540887.4,616422.63,4140700.4,3878266.37,319,29,348,Tier 3,5,0
PRJ-2802,Service,North America,US,4194838,5036859.42,837136.48,1116838.3,5031974.48,6153697.72,1707,113,1820,Tier 2,8,3
PRJ-2803,Energy,North America,MX,934074,1203606.54,4029.1,5226.41,938103.1,1208832.95,1486,24,1510,Tier 4,4,2
PRJ-2804,Energy,Oceania,NZ,4834677,4884868.08,12581.68,15953.55,4847258.68,4900821.63,1522,200,1722,Tier 3,9,1
PRJ-2805,Install,North America,US,1266114,903283.93,192829.9,234577.67,1458943.9,1137861.6,1311,46,1357,Tier 3,7,7
PRJ-2806,Install,Africa,ZA,1760510,1621899.57,397444.72,407504.73,2157954.72,2029404.3,1380,62,1442,Tier 3,1,0
PRJ-2807,Service,Africa,ZA,2629186,2413067.92,699342.94,930604.19,3328528.94,3343672.11,1453,32,1485,Tier 3,1,1
PRJ-2808,Energy,North America,MX,2538874,2179581.65,377962.12,387745.63,2916836.12,2567327.29,1370,96,1466,Tier 3,9,2
PRJ-2809,Energy,South America,AR,2632659,2953845.84,413196.36,459720.47,3045855.36,3413566.31,656,101,757,Tier 3,7,0
PRJ-2810,Service,Asia,CN,4995779,8184070.42,468872.14,646331.11,5464651.14,8830401.53,952,11,963,Tier 2,7,2
PRJ-2811,Install,Africa,EG,3530261,5953423.55,715488.24,968857.63,4245749.24,6922281.17,1767,239,2006,Tier 3,6,6
PRJ-2812,Energy,Oceania,AU,1062485,1621619.68,92063.04,133610.31,1154548.04,1755229.99,352,31,383,Tier 3,4,1
PRJ-2813,Service,Africa,EG,3988796,4243566.2,292713.76,358137.38,4281509.76,4601703.58,1377,156,1533,Tier 3,5,5
PRJ-2814,Install,Asia,CN,2117938,1767199.25,39392.13,45296.67,2157330.13,1812495.91,1032,126,1158,Tier 3,4,2
PRJ-2815,Install,Oceania,NZ,4998129,7681832.77,831713.28,1213024.31,5829842.28,8894857.07,1172,55,1227,Tier 2,8,1
PRJ-2816,Install,South America,AR,2328438,1565103.68,227753,239540.67,2556191,1804644.36,1330,71,1401,Tier 3,3,1
PRJ-2817,Energy,Asia,JP,2254553,2891088.08,471289.28,616611.03,2725842.28,3507699.11,1162,72,1234,Tier 3,9,2
PRJ-2818,Service,Europe,FR,2704514,4101299.09,430835.25,491249.19,3135349.25,4592548.27,1595,268,1863,Tier 3,3,3
PRJ-2819,Install,Africa,EG,1474263,2370158.23,136216.17,181355.64,1610479.17,2551513.87,1314,101,1415,Tier 3,2,1
PRJ-2820,Energy,Asia,CN,4991554,8854895.36,542765.93,615209.69,5534319.93,9470105.04,613,72,685,Tier 2,1,0
PRJ-2821,Energy,Africa,ZA,2244480,3362459.53,222269.46,239291.25,2466749.46,3601750.78,1426,256,1682,Tier 3,3,1
PRJ-2822,Install,Africa,ZA,785780,1336657.77,54106.59,65464.45,839886.59,1402122.22,720,117,837,Tier 4,3,2
PRJ-2823,Install,North America,US,1222348,851816.38,223227.28,274704.41,1445575.28,1126520.79,693,50,743,Tier 3,9,7
PRJ-2824,Service,Europe,FR,3396869,4798239,51919.45,54546.66,3448788.45,4852785.66,1801,88,1889,Tier 3,9,4
PRJ-2825,Install,Oceania,AU,991861,1378161.59,243781.71,266411.3,1235642.71,1644572.89,1326,234,1560,Tier 3,8,6
PRJ-2826,Install,Europe,FR,4043780,5970677.27,291078.9,406977.63,4334858.9,6377654.9,146,3,149,Tier 3,9,9
PRJ-2827,Service,Asia,JP,1954877,2610372.93,66563.93,92990.2,2021440.93,2703363.13,332,25,357,Tier 3,7,1
PRJ-2828,Energy,South America,AR,3902781,5585602.78,404144.99,591432.94,4306925.99,6177035.72,1773,226,1999,Tier 3,6,3
PRJ-2829,Install,Europe,FR,977772,1273859.56,80033.09,93712.7,1057805.09,1367572.25,1495,173,1668,Tier 3,8,1
PRJ-2830,Service,North America,US,4422595,3831591.67,1266493.23,1596673.67,5689088.23,5428265.35,698,45,743,Tier 2,6,0
PRJ-2831,Install,Europe,FR,898737,1147426.31,152135.49,199962.79,1050872.49,1347389.1,806,65,871,Tier 3,2,2
PRJ-2832,Install,North America,US,2790992,2587429.26,601653.61,665657.9,3392645.61,3253087.16,1657,127,1784,Tier 3,1,0
PRJ-2833,Energy,Asia,CN,84267,93449.75,18010.76,20585.19,102277.76,114034.94,1321,192,1513,Tier 5,9,6
PRJ-2834,Energy,Oceania,NZ,2745100,2898207.75,296949.13,387674.72,3042049.13,3285882.47,255,26,281,Tier 3,8,2
PRJ-2835,Install,Africa,ZA,2797775,2621838.47,172795.2,210841.81,2970570.2,2832680.28,1267,77,1344,Tier 3,4,4
PRJ-2836,Energy,Oceania,NZ,3037020,2275149.55,161943.74,198882.44,3198963.74,2474031.99,489,40,529,Tier 3,3,0
PRJ-2837,Install,Oceania,NZ,2269527,2527662.85,76777.26,107981.29,2346304.26,2635644.15,1078,2,1080,Tier 3,8,3
PRJ-2838,Install,Europe,FR,1703086,1817353.42,357318.2,396992.93,2060404.2,2214346.35,282,50,332,Tier 3,2,2
PRJ-2839,Install,Europe,DE,1640728,1828720.66,246596.9,356035.7,1887324.9,2184756.36,1776,134,1910,Tier 3,8,6
PRJ-2840,Energy,Asia,CN,164130,292751.72,20313.17,20760.48,184443.17,313512.2,1513,182,1695,Tier 5,4,1
PRJ-2841,Service,North America,MX,3402770,4098417.01,46015.47,62181.08,3448785.47,4160598.09,364,15,379,Tier 3,2,1
PRJ-2842,Energy,Europe,DE,793232,1012587.96,109305.52,162088.87,902537.52,1174676.83,748,3,751,Tier 4,6,2
PRJ-2843,Install,Asia,CN,1879523,2096550.89,498868.21,628026.93,2378391.21,2724577.82,1224,162,1386,Tier 3,7,1
PRJ-2844,Energy,Europe,DE,2216285,2601054.57,557368.35,687412.81,2773653.35,3288467.38,1332,251,1583,Tier 3,7,0
PRJ-2845,Install,Europe,DE,476534,436214.83,67844.97,69845.54,544378.97,506060.37,316,16,332,Tier 4,9,9
PRJ-2846,Energy,Oceania,NZ,2877321,3586093.71,482651.04,585146.65,3359972.04,4171240.37,474,54,528,Tier 3,10,1
PRJ-2847,Install,North America,US,666066,931570.88,108373.16,159484.15,774439.16,1091055.03,1405,161,1566,Tier 4,9,5
PRJ-2848,Energy,Oceania,NZ,2540180,2936779.95,87430.39,122366.84,2627610.39,3059146.79,502,28,530,Tier 3,6,2
PRJ-2849,Energy,Africa,EG,3718174,4230450.47,698414.93,970398.6,4416588.93,5200849.07,1544,224,1768,Tier 3,1,1
PRJ-2850,Install,North America,MX,3529777,4322159.13,760329.2,856310.64,4290106.2,5178469.77,929,157,1086,Tier 3,4,4
PRJ-2851,Service,Africa,ZA,4761855,7734886.41,1007776.91,1161959.79,5769631.91,8896846.2,1737,41,1778,Tier 2,2,1
PRJ-2852,Energy,Asia,JP,1515082,1892296.87,77765.61,100914.15,1592847.61,1993211.02,1695,217,1912,Tier 3,2,0
PRJ-2853,Install,Europe,DE,3063958,5249035.95,893707.81,932785.88,3957665.81,6181821.82,600,10,610,Tier 3,5,1
PRJ-2854,Energy,North America,US,3984882,6636326.02,810321.02,1035106.59,4795203.02,7671432.6,341,63,404,Tier 3,5,2
PRJ-2855,Service,South America,AR,3131168,4552555.02,157119.27,177176.47,3288287.27,4729731.49,646,118,764,Tier 3,3,1
PRJ-2856,Energy,South America,BR,2491118,3033592.47,599016.07,740681.77,3090134.07,3774274.25,128,2,130,Tier 3,6,0
PRJ-2857,Energy,North America,US,298665,298569.59,39333.14,56841.5,337998.14,355411.09,853,147,1000,Tier 4,9,3
PRJ-2858,Service,Oceania,NZ,145989,99115.36,11104.52,12844.75,157093.52,111960.11,514,61,575,Tier 5,0,0
PRJ-2859,Service,Europe,FR,4860288,6103798.31,266531.24,268640.29,5126819.24,6372438.6,945,187,1132,Tier 2,7,7
PRJ-2860,Install,Oceania,NZ,189765,274588.05,23122.44,27231.49,212887.44,301819.54,1467,165,1632,Tier 5,4,3
PRJ-2861,Install,Asia,CN,1195866,1601982.31,156334.71,163052.57,1352200.71,1765034.88,632,103,735,Tier 3,3,3
PRJ-2862,Energy,South America,AR,4787808,5828784.16,1416549.47,1624580.97,6204357.47,7453365.13,780,88,868,Tier 2,10,3
PRJ-2863,Install,North America,MX,1793546,2409373.26,378664.09,541845.08,2172210.09,2951218.34,1118,221,1339,Tier 3,9,5
PRJ-2864,Service,Asia,CN,455049,314416.16,56259.05,77929.67,511308.05,392345.83,1540,11,1551,Tier 4,6,1
PRJ-2865,Install,Europe,FR,1242706,1155336.45,204756.32,300928.39,1447462.32,1456264.84,946,115,1061,Tier 3,7,1
PRJ-2866,Energy,Europe,DE,2959550,4784274.36,89536.12,114949,3049086.12,4899223.37,649,37,686,Tier 3,3,2
PRJ-2867,Energy,Europe,FR,4733780,7135663.12,387545.63,434938.54,5121325.63,7570601.67,947,34,981,Tier 2,3,3
PRJ-2868,Service,Africa,ZA,3606205,5849076.78,818752.53,829430.55,4424957.53,6678507.33,956,145,1101,Tier 3,8,4
PRJ-2869,Install,Europe,FR,3448749,5501393.21,124589.71,151404.03,3573338.71,5652797.25,351,32,383,Tier 3,7,4
PRJ-2870,Service,Europe,DE,936308,855780.85,225534.1,243938.93,1161842.1,1099719.78,1520,127,1647,Tier 3,2,1
PRJ-2871,Energy,North America,US,1764038,3036286,309500.24,370602.94,2073538.24,3406888.94,19,0,19,Tier 3,4,4
PRJ-2872,Install,South America,BR,4138996,4548940.76,608956.35,613846.84,4747952.35,5162787.6,204,23,227,Tier 3,0,0
PRJ-2873,Service,Asia,JP,1031847,1813994.39,182750.28,217235.35,1214597.28,2031229.74,122,12,134,Tier 3,3,1
PRJ-2874,Install,South America,BR,1806784,1740127.61,485040.1,700880.68,2291824.1,2441008.29,663,131,794,Tier 3,6,0
PRJ-2875,Energy,South America,AR,2166770,2471552.72,32930.38,34600.68,2199700.38,2506153.4,768,2,770,Tier 3,3,0
PRJ-2876,Service,South America,AR,1416517,1143634.03,157352.24,209665.95,1573869.24,1353299.99,1042,157,1199,Tier 3,7,1
PRJ-2877,Service,North America,US,2378783,3412320.34,334239.87,468041.84,2713022.87,3880362.18,908,161,1069,Tier 3,5,2
PRJ-2878,Service,North America,MX,3117982,2174138.34,92272.54,116634.04,3210254.54,2290772.38,1135,118,1253,Tier 3,1,0
PRJ-2879,Service,Oceania,AU,1611278,1156810.1,242678.68,337242.28,1853956.68,1494052.38,152,3,155,Tier 3,5,4
PRJ-2880,Energy,Oceania,AU,3217675,2235828.68,109202.51,132879.26,3326877.51,2368707.94,704,130,834,Tier 3,5,5
PRJ-2881,Install,Asia,CN,2471832,3732528.61,262709.36,274673.16,2734541.36,4007201.77,970,191,1161,Tier 3,3,1
PRJ-2882,Service,Europe,FR,4250928,4972822.68,863565.95,873617.47,5114493.95,5846440.14,1297,139,1436,Tier 2,6,3
PRJ-2883,Energy,North America,MX,2778994,4709677,493099.9,633553.92,3272093.9,5343230.93,1355,43,1398,Tier 3,0,0
PRJ-2884,Service,Asia,JP,2600737,1628149.13,237424.29,278276.89,2838161.29,1906426.02,1114,207,1321,Tier 3,2,1
PRJ-2885,Energy,North America,US,2987952,2873678.36,259004.42,278162.47,3246956.42,3151840.82,995,43,1038,Tier 3,9,7
PRJ-2886,Install,North America,MX,712401,656789.4,125442.5,163742.52,837843.5,820531.92,392,31,423,Tier 4,2,2
PRJ-2887,Service,North America,US,2526820,3478210.17,402346.84,527545.05,2929166.84,4005755.22,887,19,906,Tier 3,0,0
PRJ-2888,Install,Oceania,NZ,4311001,7646428.35,464474.08,658450.66,4775475.08,8304879.01,1596,30,1626,Tier 3,3,0
PRJ-2889,Install,Africa,ZA,1448556,1498805.85,410407.81,451014.39,1858963.81,1949820.24,1083,31,1114,Tier 3,9,3
PRJ-2890,Energy,Europe,FR,4048393,6092585.15,938490.11,1254563.02,4986883.11,7347148.16,1604,218,1822,Tier 3,8,2
PRJ-2891,Install,South America,BR,343139,426349.61,95268.44,109436.37,438407.44,535785.98,107,20,127,Tier 4,7,5
PRJ-2892,Energy,Asia,CN,1127373,1540327.62,162923.88,198619.89,1290296.88,1738947.51,1455,221,1676,Tier 3,7,5
PRJ-2893,Energy,North America,MX,3392746,5489675.8,437158.72,637648.92,3829904.72,6127324.72,490,23,513,Tier 3,5,3
PRJ-2894,Install,South America,AR,3376015,5786657.44,429224.32,590656.26,3805239.32,6377313.7,272,19,291,Tier 3,5,3
PRJ-2895,Service,Asia,CN,1768668,2145059.06,149100.66,206276.76,1917768.66,2351335.82,1423,117,1540,Tier 3,3,2
PRJ-2896,Install,Europe,DE,4869371,6660560.13,733525.15,949086.23,5602896.15,7609646.37,1379,69,1448,Tier 2,2,2
PRJ-2897,Energy,Europe,FR,215795,338615.79,20890.41,21237.32,236685.41,359853.12,1130,52,1182,Tier 5,9,3
PRJ-2898,Energy,South America,BR,3908201,2651239.53,101727.11,111908.64,4009928.11,2763148.16,547,46,593,Tier 3,7,5
PRJ-2899,Energy,Oceania,AU,3037229,3576270.34,256329.47,316222.51,3293558.47,3892492.85,1729,17,1746,Tier 3,10,8
PRJ-2900,Energy,North America,US,2785231,4654509.08,48349.2,59723.72,2833580.2,4714232.8,726,133,859,Tier 3,9,2
PRJ-2901,Service,Asia,JP,4722515,4741077.15,970462.71,1088382.59,5692977.71,5829459.74,592,105,697,Tier 2,10,9
PRJ-2902,Service,South America,AR,3339722,2595896.68,747065.82,940496.06,4086787.82,3536392.74,1089,132,1221,Tier 3,2,2
PRJ-2903,Install,Oceania,NZ,3828332,6812208.44,56706.92,64606.37,3885038.92,6876814.81,652,29,681,Tier 3,10,2
PRJ-2904,Energy,Europe,DE,740199,1204871.55,7653.42,8907.39,747852.42,1213778.94,315,28,343,Tier 4,5,3
PRJ-2905,Install,Oceania,NZ,4090430,3799953.28,780299.63,1032353.16,4870729.63,4832306.44,24,4,28,Tier 3,4,2
PRJ-2906,Energy,Asia,JP,2480206,2492851.7,103278.74,139813.71,2583484.74,2632665.41,22,3,25,Tier 3,8,7
PRJ-2907,Energy,Oceania,NZ,707008,1120723.79,133332.64,158253.68,840340.64,1278977.47,52,2,54,Tier 4,1,1
PRJ-2908,Install,Asia,CN,4471104,7136575.65,336424.03,498156.28,4807528.03,7634731.93,1740,280,2020,Tier 3,9,1
PRJ-2909,Energy,South America,AR,2426717,2631071.21,444591.9,552640.56,2871308.9,3183711.77,1352,74,1426,Tier 3,8,1
PRJ-2910,Service,Asia,CN,1649395,991290.6,397810.21,561412.39,2047205.21,1552702.99,1759,116,1875,Tier 3,3,0
PRJ-2911,Install,North America,US,3528766,3850295.67,68368.6,78750.41,3597134.6,3929046.08,1007,171,1178,Tier 3,7,3
PRJ-2912,Energy,South America,BR,1989362,3087729.05,27043.93,29754.92,2016405.93,3117483.97,1483,145,1628,Tier 3,2,2
PRJ-2913,Service,Oceania,NZ,3963314,6325042.52,1072391.71,1423125.65,5035705.71,7748168.17,1771,83,1854,Tier 2,8,1
PRJ-2914,Service,Africa,EG,2592478,2539642.46,560041.38,597541.95,3152519.38,3137184.41,1415,162,1577,Tier 3,0,0
PRJ-2915,Energy,Africa,ZA,863062,1169026.14,52645.43,66880.26,915707.43,1235906.4,869,4,873,Tier 4,9,4
PRJ-2916,Energy,South America,AR,1508205,2292511.96,181821.72,242997.17,1690026.72,2535509.13,1480,203,1683,Tier 3,6,6
PRJ-2917,Service,South America,BR,1573209,1891458.81,130935.03,159581.7,1704144.03,2051040.51,1496,124,1620,Tier 3,2,1
PRJ-2918,Install,Oceania,NZ,4689864,6731858.8,478224.97,649581.01,5168088.97,7381439.81,857,93,950,Tier 2,2,0
PRJ-2919,Service,Europe,DE,4404233,5555887.28,1292222.02,1792101.06,5696455.02,7347988.34,356,62,418,Tier 2,1,1
PRJ-2920,Service,Asia,CN,4287887,7524268.62,1171015.62,1714426.82,5458902.62,9238695.43,1195,190,1385,Tier 2,3,3
PRJ-2921,Service,Europe,FR,2623902,3230952.75,153808.97,180845,2777710.97,3411797.74,1610,206,1816,Tier 3,3,0
PRJ-2922,Service,Asia,JP,3855006,6716683.27,407994.64,474288.51,4263000.64,7190971.78,70,4,74,Tier 3,4,1
PRJ-2923,Energy,North America,MX,1478829,2143223.68,226101.53,281111.67,1704930.53,2424335.35,764,88,852,Tier 3,10,4
PRJ-2924,Install,North America,US,4590115,3595644.9,1268519.14,1728048.37,5858634.14,5323693.28,1775,6,1781,Tier 2,5,3
PRJ-2925,Energy,Europe,DE,3112802,2580163.79,104122.68,123462.1,3216924.68,2703625.89,725,42,767,Tier 3,7,5
PRJ-2926,Install,South America,AR,4282256,3244034.86,878451.26,1303979.29,5160707.26,4548014.15,1533,81,1614,Tier 2,10,2
PRJ-2927,Install,Europe,FR,838924,534765.55,31300.59,33249.37,870224.59,568014.92,902,91,993,Tier 4,9,7
PRJ-2928,Energy,Oceania,AU,3447920,4143313.35,799548.67,1148537.1,4247468.67,5291850.45,535,82,617,Tier 3,5,2
PRJ-2929,Service,North America,US,4161326,4416165.24,65626.86,79359.69,4226952.86,4495524.93,690,68,758,Tier 3,1,0
PRJ-2930,Install,Oceania,NZ,748583,452907.03,25884.14,28886.05,774467.14,481793.08,200,13,213,Tier 4,0,0
PRJ-2931,Energy,North America,US,3734045,2289639.77,368489.89,382900.01,4102534.89,2672539.78,186,34,220,Tier 3,8,5
PRJ-2932,Energy,Oceania,AU,3980746,5171348.18,1016377.24,1217290.79,4997123.24,6388638.97,1062,68,1130,Tier 3,6,2
PRJ-2933,Energy,Europe,FR,2366655,2830928.68,668311.18,901042.68,3034966.18,3731971.35,790,49,839,Tier 3,10,6
PRJ-2934,Service,Africa,EG,3172335,4120297.43,228021.12,255511.24,3400356.12,4375808.67,1605,75,1680,Tier 3,0,0
PRJ-2935,Energy,Asia,JP,1764713,2622398.52,69782.01,78548.78,1834495.01,2700947.3,921,162,1083,Tier 3,4,3
PRJ-2936,Energy,South America,BR,4789873,6098524.19,141639.66,169604.62,4931512.66,6268128.81,1136,142,1278,Tier 3,9,6
PRJ-2937,Install,Africa,ZA,3128968,2114431.57,321726.63,323896.05,3450694.63,2438327.63,1156,31,1187,Tier 3,8,3
PRJ-2938,Service,North America,US,816073,652621.13,72046.08,79913.62,888119.08,732534.75,1520,58,1578,Tier 4,8,6
PRJ-2939,Service,Asia,JP,2535969,2841130.24,102205.49,136829.89,2638174.49,2977960.12,701,79,780,Tier 3,3,3
PRJ-2940,Service,South America,AR,2640410,4076176.09,381444.18,548942.08,3021854.18,4625118.17,409,29,438,Tier 3,6,6
PRJ-2941,Install,Europe,FR,4171928,3690837.34,307352.66,385923.56,4479280.66,4076760.9,993,32,1025,Tier 3,7,0
PRJ-2942,Energy,North America,US,1418604,1720560.74,103625.13,150348.47,1522229.13,1870909.21,1691,164,1855,Tier 3,4,3
PRJ-2943,Energy,Oceania,AU,2099562,3773779.87,347100.6,440817.87,2446662.6,4214597.74,654,90,744,Tier 3,1,1
PRJ-2944,Service,Asia,JP,2966145,5124590.8,683532.15,805898.14,3649677.15,5930488.93,436,43,479,Tier 3,4,1
PRJ-2945,Install,Europe,DE,3851937,6049050.6,22910.22,25735.46,3874847.22,6074786.05,1458,143,1601,Tier 3,9,7
PRJ-2946,Energy,Asia,CN,1504627,996536.42,95587.02,132322.6,1600214.02,1128859.02,268,20,288,Tier 3,3,1
PRJ-2947,Energy,South America,BR,2161992,2641782.52,358246.59,506203.41,2520238.59,3147985.93,1760,158,1918,Tier 3,0,0
PRJ-2948,Service,Africa,ZA,4873145,7312451.65,1072820.8,1342185.21,5945965.8,8654636.86,1736,18,1754,Tier 2,5,4
PRJ-2949,Service,Oceania,NZ,4071462,7285861.51,963395.54,1426465.71,5034857.54,8712327.22,1076,152,1228,Tier 2,7,4
PRJ-2950,Service,Europe,FR,1567621,1048462.31,360978.5,381603.95,1928599.5,1430066.26,373,72,445,Tier 3,1,1
PRJ-2951,Energy,Africa,ZA,4386684,6154010.04,954259.99,1267519.72,5340943.99,7421529.76,1423,194,1617,Tier 2,7,7
PRJ-2952,Energy,South America,AR,1009863,1471669.31,160191.69,188293.93,1170054.69,1659963.23,710,97,807,Tier 3,3,3
PRJ-2953,Service,Asia,JP,2490241,2716339.5,354216.04,426320.15,2844457.04,3142659.65,42,2,44,Tier 3,4,2
PRJ-2954,Install,Asia,JP,2522791,4087942.8,92652.72,117600.84,2615443.72,4205543.64,1452,119,1571,Tier 3,6,6
PRJ-2955,Install,Oceania,NZ,1504241,959892.62,394441.29,482788.49,1898682.29,1442681.11,1684,259,1943,Tier 3,2,1
PRJ-2956,Energy,Africa,EG,3771680,5453437.42,653472.93,873289.8,4425152.93,6326727.22,1664,78,1742,Tier 3,7,6
PRJ-2957,Service,South America,BR,289391,419762.56,27100.32,31158.53,316491.32,450921.09,1128,59,1187,Tier 4,4,1
PRJ-2958,Install,Oceania,AU,4090300,4439166.02,242926.57,275840.64,4333226.57,4715006.65,1332,184,1516,Tier 3,9,8
PRJ-2959,Energy,Asia,CN,2855502,1981215.56,428727.63,609614.38,3284229.63,2590829.94,152,13,165,Tier 3,7,1
PRJ-2960,Install,South America,BR,3862478,2873236.97,164431.96,194257.06,4026909.96,3067494.03,1716,151,1867,Tier 3,4,0
PRJ-2961,Energy,Asia,CN,2382003,1641939.21,73988.48,76059.58,2455991.48,1717998.79,227,11,238,Tier 3,8,7
PRJ-2962,Energy,North America,MX,1338406,893507.26,317184.1,394293.86,1655590.1,1287801.12,997,31,1028,Tier 3,8,3
PRJ-2963,Install,South America,AR,2010314,1486855.53,271802.42,274358.38,2282116.42,1761213.91,22,1,23,Tier 3,9,1
PRJ-2964,Energy,Africa,ZA,1713157,2979378.7,406534.68,594646.99,2119691.68,3574025.69,689,99,788,Tier 3,4,3
PRJ-2965,Install,Asia,JP,666074,678642.36,169764.13,188486.28,835838.13,867128.64,858,56,914,Tier 4,3,1
PRJ-2966,Energy,Oceania,NZ,4092059,4068284.89,784732.76,1132441.33,4876791.76,5200726.22,566,50,616,Tier 3,0,0
PRJ-2967,Energy,Oceania,NZ,641493,564084.41,96860.06,139082.7,738353.06,703167.12,254,15,269,Tier 4,0,0
PRJ-2968,Energy,Asia,CN,2437005,1618707.81,396466.25,407085.65,2833471.25,2025793.46,1156,159,1315,Tier 3,0,0
PRJ-2969,Service,Oceania,NZ,4247756,3005339.36,1126267.93,1183212.89,5374023.93,4188552.25,1506,280,1786,Tier 2,8,6
PRJ-2970,Service,North America,US,1047453,790153.85,231285.5,318874.23,1278738.5,1109028.08,837,52,889,Tier 3,9,8
PRJ-2971,Install,Europe,FR,2030139,1918449.13,475727.46,560432.94,2505866.46,2478882.07,1416,24,1440,Tier 3,1,1
PRJ-2972,Service,South America,BR,4935496,3333832.71,77877.11,101839.95,5013373.11,3435672.66,1627,212,1839,Tier 2,0,0
PRJ-2973,Install,Oceania,AU,4742994,6191760.89,1112125.05,1334919.35,5855119.05,7526680.24,605,37,642,Tier 2,1,1
PRJ-2974,Install,South America,AR,1786025,2506865.22,85762.73,117130.46,1871787.73,2623995.68,1367,221,1588,Tier 3,6,3
PRJ-2975,Energy,Asia,CN,1052006,1704859.29,179072.74,215881.21,1231078.74,1920740.5,381,28,409,Tier 3,8,0
PRJ-2976,Energy,Europe,DE,4931119,7316672.16,735055.08,1007189.64,5666174.08,8323861.8,792,157,949,Tier 2,3,3
PRJ-2977,Energy,Europe,FR,2758475,2064770.8,356066.85,487984.83,3114541.85,2552755.63,865,78,943,Tier 3,7,4
PRJ-2978,Install,South America,AR,394011,540611.25,108637.11,122401.96,502648.11,663013.21,1415,246,1661,Tier 4,8,2
PRJ-2979,Service,Oceania,AU,4139120,5792996.57,83015.6,87315.66,4222135.6,5880312.24,19,0,19,Tier 3,1,1
PRJ-2980,Energy,South America,BR,3366784,5334731.1,933320.68,940087.5,4300104.68,6274818.6,1588,186,1774,Tier 3,10,2
PRJ-2981,Install,Africa,EG,3201487,4571212.72,867058.57,1189261.83,4068545.57,5760474.56,506,54,560,Tier 3,1,1
PRJ-2982,Install,Africa,ZA,2048297,3607674.08,104377.79,131968.21,2152674.79,3739642.29,1361,154,1515,Tier 3,4,4
PRJ-2983,Install,Oceania,NZ,3164858,2724202.35,411093.82,477224.51,3575951.82,3201426.86,706,89,795,Tier 3,6,0
PRJ-2984,Install,Africa,EG,328828,581577.89,84664.63,124808.19,413492.63,706386.08,641,10,651,Tier 4,3,1
PRJ-2985,Install,North America,US,1870358,2829278.16,330674.88,344606.39,2201032.88,3173884.54,1477,190,1667,Tier 3,3,2
PRJ-2986,Install,Europe,DE,2307147,3880673.83,532286.75,719625.82,2839433.75,4600299.65,996,126,1122,Tier 3,4,2
PRJ-2987,Service,South America,BR,2229407,2351386.06,542953.47,812125.18,2772360.47,3163511.25,191,28,219,Tier 3,6,3
PRJ-2988,Energy,Oceania,AU,1020365,1674501.49,30465.9,36854.99,1050830.9,1711356.47,594,62,656,Tier 3,2,1
PRJ-2989,Service,Africa,ZA,4527100,2887274.13,176260.98,244571.31,4703360.98,3131845.44,372,65,437,Tier 3,2,2
PRJ-2990,Service,North America,MX,394270,242715.3,84259.38,97346.19,478529.38,340061.49,1388,168,1556,Tier 4,3,0
PRJ-2991,Install,Asia,JP,4766869,8135489.9,1002778.43,1313640.06,5769647.43,9449129.95,202,23,225,Tier 2,1,0
PRJ-2992,Energy,Europe,FR,2561587,4504122.76,483248.66,493129.62,3044835.66,4997252.37,1270,58,1328,Tier 3,5,5
PRJ-2993,Service,Oceania,NZ,2929429,4110895.1,555975.96,688147.29,3485404.96,4799042.39,1182,158,1340,Tier 3,8,3
PRJ-2994,Install,Africa,ZA,92358,136186.59,6184.91,6544.84,98542.91,142731.43,840,4,844,Tier 5,5,0
PRJ-2995,Service,Oceania,NZ,4726629,3776554.42,1382015.58,2021789.02,6108644.58,5798343.44,85,13,98,Tier 2,8,3
PRJ-2996,Install,Europe,FR,253160,160676.21,14803.3,19761.87,267963.3,180438.08,1008,147,1155,Tier 4,1,0
PRJ-2997,Energy,Asia,CN,2972303,3689557.47,829881.49,909733.98,3802184.49,4599291.44,1517,242,1759,Tier 3,1,0
PRJ-2998,Service,Asia,JP,1083734,1283097.38,298054.4,400725.51,1381788.4,1683822.89,1072,17,1089,Tier 3,10,5
PRJ-2999,Install,Africa,EG,1765282,2378460.47,121443.53,132389.29,1886725.53,2510849.76,743,135,878,Tier 3,4,3
PRJ-3000,Service,Europe,FR,4227320,3903805.02,301987.16,351963.01,4529307.16,4255768.03,1154,1,1155,Tier 3,9,6
PRJ-3001,Install,Africa,EG,2305255,3733209.51,626969.95,653788.09,2932224.95,4386997.6,262,47,309,Tier 3,9,6
PRJ-3002,Service,Asia,CN,3723368,5420241.28,354465.59,507334.71,4077833.59,5927575.99,1670,78,1748,Tier 3,5,3
PRJ-3003,Install,South America,BR,2200077,3335246.22,371705.07,403354.13,2571782.07,3738600.35,730,63,793,Tier 3,2,1
PRJ-3004,Energy,North America,MX,3567863,4465754.77,308990.7,447950.98,3876853.7,4913705.75,94,7,101,Tier 3,2,2
PRJ-3005,Install,South America,BR,785646,985177.93,13841.76,16423.04,799487.76,1001600.97,768,84,852,Tier 4,9,2
PRJ-3006,Energy,Oceania,AU,1272734,991771.7,169679.73,250546.48,1442413.73,1242318.18,1322,25,1347,Tier 3,4,3
PRJ-3007,Service,Asia,CN,4585756,4916995.81,692854.89,902070.2,5278610.89,5819066.01,1608,251,1859,Tier 2,2,0
PRJ-3008,Install,Oceania,NZ,3549421,5299576.95,507531.66,542859.26,4056952.66,5842436.21,1483,211,1694,Tier 3,1,1
PRJ-3009,Install,Oceania,NZ,2663650,3516198.28,397400.22,566809.08,3061050.22,4083007.36,1595,209,1804,Tier 3,1,0
PRJ-3010,Install,South America,BR,3994397,6902501.08,1126457.19,1599580.09,5120854.19,8502081.17,910,123,1033,Tier 2,4,3
PRJ-3011,Energy,Asia,CN,4329695,4862070.65,1049789.65,1353207.88,5379484.65,6215278.53,1685,307,1992,Tier 2,2,1
PRJ-3012,Install,Asia,CN,2004481,2032157.1,87293.05,106129.5,2091774.05,2138286.6,656,91,747,Tier 3,9,6
PRJ-3013,Service,Asia,JP,3852658,2952734.3,440369.3,482409.42,4293027.3,3435143.72,848,34,882,Tier 3,10,3
PRJ-3014,Service,Asia,CN,4065644,5423841.35,76969.91,79087.7,4142613.91,5502929.04,303,55,358,Tier 3,8,6
PRJ-3015,Install,Asia,JP,1654622,1066431.18,191120.39,238784.07,1845742.39,1305215.25,941,114,1055,Tier 3,10,4
PRJ-3016,Install,Europe,DE,4618606,4881150.94,538195.26,749977.85,5156801.26,5631128.78,1682,95,1777,Tier 2,4,0
PRJ-3017,Service,North America,MX,4094957,4544866.58,13951.5,16091.98,4108908.5,4560958.56,1422,58,1480,Tier 3,6,0
PRJ-3018,Energy,Europe,FR,3011784,2079172.01,105228.17,137084.5,3117012.17,2216256.52,709,59,768,Tier 3,9,6
PRJ-3019,Install,South America,AR,1463760,2400564.21,52804.17,56170.17,1516564.17,2456734.38,790,87,877,Tier 3,3,0
PRJ-3020,Install,North America,US,3279759,3631504.73,940486.27,1286751.28,4220245.27,4918256.02,962,179,1141,Tier 3,8,4
PRJ-3021,Energy,North America,US,467583,695809.98,129598.31,134167.67,597181.31,829977.65,1251,55,1306,Tier 4,5,0
PRJ-3022,Service,North America,US,3020669,4239813.42,819528.98,895814.71,3840197.98,5135628.13,1253,95,1348,Tier 3,5,4
PRJ-3023,Install,North America,US,4676927,6220254.02,122833.43,156216.02,4799760.43,6376470.04,68,0,68,Tier 3,10,7
PRJ-3024,Install,Europe,FR,4149071,3073233.46,320492.47,405036.03,4469563.47,3478269.49,1387,38,1425,Tier 3,10,10
PRJ-3025,Install,Europe,FR,3882548,2530884.39,824553.64,930151.61,4707101.64,3461036,1047,160,1207,Tier 3,2,2
PRJ-3026,Install,South America,BR,2170828,3025322.53,139915.58,161758.51,2310743.58,3187081.04,729,81,810,Tier 3,2,0
PRJ-3027,Service,Oceania,NZ,2076772,1600093.32,524780.05,577447.35,2601552.05,2177540.67,451,29,480,Tier 3,10,6
PRJ-3028,Service,South America,BR,1277054,778627.25,294187.18,439988.92,1571241.18,1218616.18,145,22,167,Tier 3,10,6
PRJ-3029,Service,South America,BR,1780827,1552129.52,261190.06,351934.71,2042017.06,1904064.23,1658,278,1936,Tier 3,10,10
PRJ-3030,Energy,North America,MX,3462932,3653180.12,1031413.33,1253214.83,4494345.33,4906394.95,899,148,1047,Tier 3,10,6
PRJ-3031,Energy,Oceania,NZ,73995,99577.12,15245.55,15491.99,89240.55,115069.11,339,20,359,Tier 5,5,3
PRJ-3032,Energy,Europe,DE,154576,142423.28,9037.09,12600.15,163613.09,155023.43,542,35,577,Tier 5,10,8
PRJ-3033,Energy,North America,MX,3391900,4561400.71,876694.52,1218252.22,4268594.52,5779652.93,958,6,964,Tier 3,2,2
PRJ-3034,Energy,Europe,FR,2863509,2597639.15,513703.18,721580.18,3377212.18,3319219.33,1407,229,1636,Tier 3,8,3
PRJ-3035,Install,Africa,EG,4778868,6966463.46,984101.11,1081503.86,5762969.11,8047967.32,903,149,1052,Tier 2,2,2
PRJ-3036,Install,Europe,FR,3246996,3068059.54,920872.14,925087.52,4167868.14,3993147.06,1809,132,1941,Tier 3,0,0
PRJ-3037,Service,Europe,FR,3564653,3699798.46,15821.76,22026.93,3580474.76,3721825.39,259,19,278,Tier 3,4,2
PRJ-3038,Service,South America,AR,2913877,3183640.57,114417.43,133412.96,3028294.43,3317053.54,451,70,521,Tier 3,4,3
PRJ-3039,Service,Oceania,AU,610102,417342.39,90941.16,107478.98,701043.16,524821.37,1814,344,2158,Tier 4,6,3
PRJ-3040,Service,Asia,JP,3275784,3795524.72,883243.19,1193682.82,4159027.19,4989207.54,570,37,607,Tier 3,2,0
PRJ-3041,Service,North America,MX,3545605,4147703.89,892646.6,903187.88,4438251.6,5050891.77,782,104,886,Tier 3,10,8
PRJ-3042,Install,Oceania,AU,2531062,2063668.81,83990.71,113027.55,2615052.71,2176696.36,1211,121,1332,Tier 3,0,0
PRJ-3043,Service,South America,AR,788307,628303.12,61808.68,81476.13,850115.68,709779.26,902,2,904,Tier 4,8,8
PRJ-3044,Service,Oceania,AU,3815527,4952247.34,801914.97,1158752.31,4617441.97,6110999.65,1174,162,1336,Tier 3,6,4
PRJ-3045,Install,Europe,DE,514424,601491.25,152191.24,218543.17,666615.24,820034.42,940,26,966,Tier 4,4,3
PRJ-3046,Energy,Europe,FR,4206498,6638908.76,721678.93,957179.81,4928176.93,7596088.57,233,46,279,Tier 3,2,1
PRJ-3047,Install,Africa,ZA,4551134,4634418.9,1163180.17,1607611.22,5714314.17,6242030.12,1228,91,1319,Tier 2,2,0
PRJ-3048,Install,Asia,JP,3108737,4417091.63,498168,508506.21,3606905,4925597.84,1802,117,1919,Tier 3,1,0
PRJ-3049,Energy,South America,AR,3654074,3484707.72,721795.9,925052.4,4375869.9,4409760.13,736,19,755,Tier 3,5,0
PRJ-3050,Install,Oceania,AU,1468454,1450560.03,3579.06,4237.64,1472033.06,1454797.67,723,49,772,Tier 3,0,0
PRJ-3051,Energy,Oceania,AU,3599120,6437622.24,1029691.99,1185139.53,4628811.99,7622761.76,1056,166,1222,Tier 3,4,3
PRJ-3052,Install,Oceania,NZ,4161047,7477311.39,480265.95,657554.24,4641312.95,8134865.63,91,1,92,Tier 3,9,7
PRJ-3053,Service,North America,MX,3942696,4563138.33,113206.47,159816.82,4055902.47,4722955.16,1680,310,1990,Tier 3,6,5
PRJ-3054,Install,Oceania,AU,1312229,1283689.74,180861.67,246857.89,1493090.67,1530547.63,152,8,160,Tier 3,3,0
PRJ-3055,Energy,Oceania,AU,3984823,5219970.9,61073.18,74841.9,4045896.18,5294812.8,259,19,278,Tier 3,9,8
PRJ-3056,Service,Europe,DE,4846384,4459278.42,687648.77,986802.7,5534032.77,5446081.12,923,173,1096,Tier 2,5,4
PRJ-3057,Energy,North America,US,138718,232355.06,34710.84,35408.17,173428.84,267763.23,918,91,1009,Tier 5,9,7
PRJ-3058,Energy,Oceania,AU,3832692,6719571.56,953293.71,1186941.38,4785985.71,7906512.94,703,78,781,Tier 3,4,2
PRJ-3059,Energy,North America,MX,1253946,1846477.99,255593.64,308492.14,1509539.64,2154970.13,969,100,1069,Tier 3,7,4
PRJ-3060,Install,Asia,JP,1593299,2361274.49,377869.2,442889.54,1971168.2,2804164.03,1042,35,1077,Tier 3,7,5
PRJ-3061,Service,North America,US,2264718,2291255.58,126349.11,172422.17,2391067.11,2463677.75,1780,61,1841,Tier 3,3,0
PRJ-3062,Install,Africa,ZA,3526865,3443793.75,512880.73,721354.54,4039745.73,4165148.28,1105,154,1259,Tier 3,10,7
PRJ-3063,Energy,North America,US,3125265,3435801.39,799035.78,874992.78,3924300.78,4310794.18,667,17,684,Tier 3,8,1
PRJ-3064,Service,South America,BR,1410092,1383510.55,312753.07,455320.66,1722845.07,1838831.22,89,6,95,Tier 3,1,0
PRJ-3065,Service,Oceania,NZ,664326,1141636.05,21861.33,24806.23,686187.33,1166442.28,1206,221,1427,Tier 4,10,8
PRJ-3066,Install,Oceania,AU,4718951,8384927.76,393954.71,565428.93,5112905.71,8950356.68,1223,207,1430,Tier 2,6,6
PRJ-3067,Energy,Oceania,NZ,4691194,2973673.81,1271119.58,1433092.32,5962313.58,4406766.13,991,119,1110,Tier 2,4,0
PRJ-3068,Energy,South America,BR,2167900,2559239.01,416819.95,623189.78,2584719.95,3182428.79,1522,263,1785,Tier 3,7,7
PRJ-3069,Service,Africa,ZA,2153982,2211760.25,103509.48,115272.82,2257491.48,2327033.07,668,118,786,Tier 3,6,2
PRJ-3070,Service,Europe,FR,3391180,3201594.46,713585.23,854507.53,4104765.23,4056101.99,1684,46,1730,Tier 3,7,6
PRJ-3071,Energy,Oceania,NZ,4633082,7777444.5,1256492.23,1533533.26,5889574.23,9310977.76,389,15,404,Tier 2,1,0
PRJ-3072,Service,Europe,FR,4005842,2775867.94,843970.95,1020033.06,4849812.95,3795901,954,75,1029,Tier 3,8,0
PRJ-3073,Install,North America,US,3131089,2365828.12,399346.29,523329.94,3530435.29,2889158.06,850,122,972,Tier 3,5,3
PRJ-3074,Service,Africa,ZA,3055180,4193435.27,717624.75,725771.87,3772804.75,4919207.15,883,19,902,Tier 3,3,1
PRJ-3075,Service,South America,BR,4986886,4592864.09,674627.54,801009.26,5661513.54,5393873.35,717,108,825,Tier 2,6,3
PRJ-3076,Service,North America,MX,4579398,7227393.15,1038847.46,1256987.28,5618245.46,8484380.43,344,14,358,Tier 2,9,7
PRJ-3077,Energy,Africa,ZA,3134529,2309599.96,827645.99,863463.76,3962174.99,3173063.72,912,7,919,Tier 3,5,3
PRJ-3078,Energy,Europe,FR,1568713,2008268.94,372367.01,378076.85,1941080.01,2386345.8,475,56,531,Tier 3,6,0
PRJ-3079,Service,Africa,ZA,2847704,2852678.68,249410.4,256817.66,3097114.4,3109496.34,1389,137,1526,Tier 3,4,4
PRJ-3080,Service,North America,US,4751886,5230621.31,1313746.81,1830433.44,6065632.81,7061054.75,517,32,549,Tier 2,4,1
PRJ-3081,Energy,North America,US,3918593,2924295.59,90147.13,107602.21,4008740.13,3031897.8,901,154,1055,Tier 3,0,0
PRJ-3082,Install,Africa,ZA,3237184,5185899.5,529333.37,662113.48,3766517.37,5848012.98,138,23,161,Tier 3,6,5
PRJ-3083,Service,Asia,JP,1442633,1772952.87,80261.56,107841.48,1522894.56,1880794.35,630,13,643,Tier 3,0,0
PRJ-3084,Service,Africa,ZA,144460,186296.66,8659.9,10060.55,153119.9,196357.21,767,100,867,Tier 5,10,6
PRJ-3085,Energy,South America,BR,167634,174869.3,19439.61,21690.96,187073.61,196560.26,1022,134,1156,Tier 5,2,1
PRJ-3086,Install,Asia,CN,3015940,2184177.05,54047.68,56271.65,3069987.68,2240448.7,1166,182,1348,Tier 3,0,0
PRJ-3087,Install,Africa,EG,2326492,3723067.82,48045,56964.22,2374537,3780032.03,1264,238,1502,Tier 3,10,5
PRJ-3088,Energy,Africa,EG,1349563,1090209.06,56756.13,82508.61,1406319.13,1172717.68,407,23,430,Tier 3,0,0
PRJ-3089,Energy,Europe,FR,1674769,2164522.75,14432.85,19447.65,1689201.85,2183970.4,199,35,234,Tier 3,2,0
PRJ-3090,Service,South America,AR,843138,1206592.46,223004.77,262361.07,1066142.77,1468953.53,1363,225,1588,Tier 3,7,1
PRJ-3091,Energy,Africa,ZA,2686990,1826979.24,93905.53,110471.18,2780895.53,1937450.42,1557,138,1695,Tier 3,0,0
PRJ-3092,Service,South America,BR,3962131,7002276.34,733568.51,966829.57,4695699.51,7969105.91,1592,35,1627,Tier 3,1,0
PRJ-3093,Energy,Europe,DE,229146,272626.83,34584.55,44920.25,263730.55,317547.08,1127,9,1136,Tier 4,5,2
PRJ-3094,Install,South America,BR,3281849,3208376.58,415290.06,428867.07,3697139.06,3637243.65,1189,85,1274,Tier 3,5,3
PRJ-3095,Energy,Africa,EG,3338383,5665611.8,494079.83,628673,3832462.83,6294284.81,1737,274,2011,Tier 3,10,1
PRJ-3096,Service,North America,US,3589175,3141733.74,970038.97,1032893.16,4559213.97,4174626.89,870,147,1017,Tier 3,8,3
PRJ-3097,Energy,North America,US,2097899,3694114.91,203546,240634.71,2301445,3934749.62,1141,192,1333,Tier 3,6,3
PRJ-3098,Energy,Europe,FR,1514147,2172651.46,85262.69,122646.59,1599409.69,2295298.06,532,21,553,Tier 3,9,2
PRJ-3099,Service,South America,AR,3663239,3628236.12,312759.15,360875.19,3975998.15,3989111.31,1651,127,1778,Tier 3,7,7
PRJ-3100,Service,Africa,EG,4142322,7087115.46,213790.22,313986.22,4356112.22,7401101.68,902,139,1041,Tier 3,9,4
PRJ-3101,Service,Asia,JP,229339,242041.66,27043.92,27398.59,256382.92,269440.24,582,114,696,Tier 4,0,0
PRJ-3102,Service,North America,US,4528730,4837242.05,1047901.71,1451823.29,5576631.71,6289065.33,1402,19,1421,Tier 2,6,4
PRJ-3103,Energy,North America,US,3785248,4629206.24,819903.5,1047035.68,4605151.5,5676241.93,524,37,561,Tier 3,7,1
PRJ-3104,Install,Oceania,AU,448098,615603.39,123257.71,151583.25,571355.71,767186.64,1603,133,1736,Tier 4,10,9
PRJ-3105,Install,North America,US,3049984,5236698.95,776381.35,1062325.82,3826365.35,6299024.77,380,17,397,Tier 3,2,0
PRJ-3106,Service,Oceania,NZ,4947627,7128780.28,21930.6,27300.14,4969557.6,7156080.42,852,58,910,Tier 3,7,4
PRJ-3107,Energy,South America,AR,4607838,7138350.82,1159010.59,1672730.35,5766848.59,8811081.17,285,45,330,Tier 2,4,4
PRJ-3108,Energy,Europe,DE,655027,641535.39,185013.77,189611.09,840040.77,831146.48,939,11,950,Tier 4,4,4
PRJ-3109,Install,Europe,FR,759547,1210020.58,4666.42,6073.14,764213.42,1216093.72,58,8,66,Tier 4,4,2
PRJ-3110,Service,North America,MX,3912029,3341599.24,774871.93,969793.76,4686900.93,4311393,794,137,931,Tier 3,1,0
PRJ-3111,Install,Africa,EG,2359699,3190516.91,705584.62,1048381.81,3065283.62,4238898.71,1437,236,1673,Tier 3,4,4
PRJ-3112,Service,South America,BR,3924616,3138585.61,403314.75,547048.2,4327930.75,3685633.8,745,145,890,Tier 3,9,3
PRJ-3113,Energy,North America,US,2176045,1545526.87,422358.68,607691.62,2598403.68,2153218.49,1385,186,1571,Tier 3,1,1
PRJ-3114,Install,Europe,DE,2508395,3910901.73,415222.02,470831.55,2923617.02,4381733.27,949,112,1061,Tier 3,10,8
PRJ-3115,Install,Africa,ZA,4450738,2827788.54,58083.36,73734.57,4508821.36,2901523.12,683,67,750,Tier 3,6,6
PRJ-3116,Install,Oceania,NZ,4760829,4124171.53,911528.68,1318138.08,5672357.68,5442309.61,1063,27,1090,Tier 2,8,2
PRJ-3117,Energy,Africa,EG,198000,229214.87,10287.96,15385.12,208287.96,244599.99,833,125,958,Tier 5,2,0
PRJ-3118,Install,Africa,ZA,3313659,3391105.6,282821.51,351690,3596480.51,3742795.6,427,37,464,Tier 3,2,0
PRJ-3119,Energy,Asia,CN,2460326,2280013.27,661298.16,672032.12,3121624.16,2952045.39,1194,55,1249,Tier 3,8,1
PRJ-3120,Service,Asia,CN,2784104,1713949.34,590594.6,884962.68,3374698.6,2598912.03,649,26,675,Tier 3,0,0
PRJ-3121,Install,South America,AR,2335173,1639912.16,452549.49,558215.6,2787722.49,2198127.77,499,17,516,Tier 3,10,8
PRJ-3122,Install,Oceania,NZ,3045988,3691589.24,888595.39,1152064.45,3934583.39,4843653.69,1342,69,1411,Tier 3,3,3
PRJ-3123,Service,Oceania,AU,3563904,5403090.34,597330.6,678398.39,4161234.6,6081488.73,968,11,979,Tier 3,7,0
PRJ-3124,Energy,Asia,CN,1100051,1512028.49,188214.1,190634.1,1288265.1,1702662.59,467,84,551,Tier 3,6,6
PRJ-3125,Energy,North America,US,2225225,2155729.29,517194.68,574699.84,2742419.68,2730429.13,1439,45,1484,Tier 3,0,0
PRJ-3126,Install,Europe,DE,1593929,2818686.19,243176.22,297078.75,1837105.22,3115764.94,1598,2,1600,Tier 3,9,2
PRJ-3127,Energy,Europe,DE,1877459,1588751.32,276709.83,328648.61,2154168.83,1917399.94,1576,225,1801,Tier 3,3,0
PRJ-3128,Energy,Asia,JP,3912857,6284934.61,1130617.04,1161084.54,5043474.04,7446019.15,463,33,496,Tier 2,9,5
PRJ-3129,Install,Europe,FR,1686950,2945522.07,7233.05,8781.8,1694183.05,2954303.87,1410,143,1553,Tier 3,6,6
PRJ-3130,Install,North America,US,2600310,3955268.2,381194.29,390588.92,2981504.29,4345857.11,588,60,648,Tier 3,7,3
PRJ-3131,Install,South America,AR,3300552,2153152.46,247987.8,364887.51,3548539.8,2518039.97,439,76,515,Tier 3,3,0
PRJ-3132,Install,Europe,FR,428293,501259.42,71405.18,93963.97,499698.18,595223.4,1187,166,1353,Tier 4,10,9
PRJ-3133,Energy,Oceania,AU,2450180,2506655.61,406187.65,479125.29,2856367.65,2985780.9,61,6,67,Tier 3,3,3
PRJ-3134,Install,Africa,EG,2958207,3793228.25,462719.26,496788.98,3420926.26,4290017.22,17,0,17,Tier 3,7,6
PRJ-3135,Install,Europe,DE,4107467,4754057.73,849807.39,1214375.72,4957274.39,5968433.46,1038,20,1058,Tier 3,5,0
PRJ-3136,Install,Oceania,NZ,565325,700858.48,38365.53,44830.86,603690.53,745689.34,324,3,327,Tier 4,0,0
PRJ-3137,Energy,Asia,JP,3468303,3973918.95,460884.98,562900.45,3929187.98,4536819.4,703,135,838,Tier 3,8,6
PRJ-3138,Service,Oceania,AU,4156325,4555697.41,852040.26,971093.49,5008365.26,5526790.9,489,29,518,Tier 2,3,0
PRJ-3139,Energy,South America,AR,1650355,1655430.58,227715.16,228285.01,1878070.16,1883715.59,622,80,702,Tier 3,7,5
PRJ-3140,Service,Oceania,NZ,1683814,2638082.54,37079.9,51984.39,1720893.9,2690066.93,1312,256,1568,Tier 3,2,2
PRJ-3141,Install,Africa,ZA,3348569,4162573.32,699385.22,989032.54,4047954.22,5151605.86,1163,122,1285,Tier 3,10,1
PRJ-3142,Service,South America,BR,4792114,3383173.43,377133.3,439372.64,5169247.3,3822546.07,46,7,53,Tier 2,9,4
PRJ-3143,Service,North America,MX,3496530,6105761.98,911908.14,1012396.63,4408438.14,7118158.61,1051,60,1111,Tier 3,9,2
PRJ-3144,Energy,Europe,DE,1676536,2179838.61,161092.31,167483.91,1837628.31,2347322.52,812,104,916,Tier 3,3,2
PRJ-3145,Energy,Oceania,NZ,3018633,3802413.36,294082.61,376224.99,3312715.61,4178638.35,657,104,761,Tier 3,6,0
PRJ-3146,Install,North America,MX,3915131,4068163.27,910861.78,1284631.17,4825992.78,5352794.44,608,50,658,Tier 3,5,2
PRJ-3147,Service,South America,BR,1834337,2856617.75,317612.72,405321.38,2151949.72,3261939.12,234,27,261,Tier 3,0,0
PRJ-3148,Energy,Europe,DE,1238249,1968844.7,6423.96,7998.92,1244672.96,1976843.62,962,121,1083,Tier 3,1,0
PRJ-3149,Energy,Asia,CN,4243222,2651906.6,584600.71,843243.21,4827822.71,3495149.81,1313,250,1563,Tier 3,9,4
PRJ-3150,Energy,North America,US,4371053,4963882.11,26448.73,30600.31,4397501.73,4994482.42,59,6,65,Tier 3,3,2
PRJ-3151,Install,Africa,EG,3530392,5464142.23,341004.42,452540.08,3871396.42,5916682.32,216,16,232,Tier 3,1,1
PRJ-3152,Install,Oceania,NZ,485792,591119.56,50277.49,62981.37,536069.49,654100.93,1066,80,1146,Tier 4,0,0
PRJ-3153,Service,Oceania,NZ,3942601,6199132.28,463853.01,474770.76,4406454.01,6673903.04,719,94,813,Tier 3,8,5
PRJ-3154,Install,Oceania,NZ,3073984,3350340.58,405556.98,498120.01,3479540.98,3848460.59,1276,156,1432,Tier 3,6,2
PRJ-3155,Service,Oceania,NZ,2240278,3573083.31,256041.58,273687.94,2496319.58,3846771.26,700,20,720,Tier 3,10,6
PRJ-3156,Service,Africa,EG,1445253,1227718.57,27795.46,36906.38,1473048.46,1264624.95,1522,161,1683,Tier 3,1,1
PRJ-3157,Install,Oceania,AU,3552634,4436211.18,956978.22,1116686.1,4509612.22,5552897.28,181,7,188,Tier 3,8,2
PRJ-3158,Service,South America,BR,3866582,3584841.45,553717.12,615002.91,4420299.12,4199844.36,867,4,871,Tier 3,3,1
PRJ-3159,Energy,Europe,FR,2939107,4074130.15,306817.69,311376.45,3245924.69,4385506.61,1187,175,1362,Tier 3,0,0
PRJ-3160,Energy,Oceania,NZ,2656849,2311136.58,322995.23,406544.94,2979844.23,2717681.51,873,59,932,Tier 3,1,1
PRJ-3161,Install,North America,US,235489,269088.04,8322.68,9455.3,243811.68,278543.34,214,23,237,Tier 5,1,0
PRJ-3162,Energy,Europe,DE,4380106,3901753.32,1229926.16,1770049.61,5610032.16,5671802.94,564,100,664,Tier 2,7,5
PRJ-3163,Service,Oceania,AU,1334469,1751045.98,59922.83,60140.65,1394391.83,1811186.62,624,113,737,Tier 3,6,4
PRJ-3164,Energy,Asia,CN,1513403,2047025.43,77655.97,96849.2,1591058.97,2143874.63,1184,186,1370,Tier 3,5,1
PRJ-3165,Install,Africa,EG,3161778,5480805.51,18635.4,20836.27,3180413.4,5501641.78,1167,115,1282,Tier 3,7,2
PRJ-3166,Service,Europe,FR,1019571,1436435.84,148521.13,181734.61,1168092.13,1618170.44,1014,93,1107,Tier 3,10,9
PRJ-3167,Install,Asia,JP,2852076,1886683.7,191466.5,252792.94,3043542.5,2139476.63,39,3,42,Tier 3,3,1
PRJ-3168,Service,North America,MX,3873198,6577107.53,611263.07,647785.84,4484461.07,7224893.36,51,3,54,Tier 3,3,0
PRJ-3169,Install,Europe,FR,1189417,1242388.26,221928.66,274775.38,1411345.66,1517163.63,74,13,87,Tier 3,5,3
PRJ-3170,Service,Europe,DE,179299,237224.68,30982.44,45378.01,210281.44,282602.69,1233,138,1371,Tier 5,1,1
PRJ-3171,Energy,Europe,DE,159278,270255.32,13512.86,19935.17,172790.86,290190.48,50,7,57,Tier 5,6,5
PRJ-3172,Service,Europe,FR,2534327,3004116.16,600393.82,818421.94,3134720.82,3822538.1,539,93,632,Tier 3,7,7
PRJ-3173,Install,Asia,CN,1998742,3532135.78,371512.41,537269.65,2370254.41,4069405.44,205,39,244,Tier 3,3,2
PRJ-3174,Energy,Asia,JP,1077558,1547389.69,68538.43,70355.07,1146096.43,1617744.75,510,2,512,Tier 3,0,0
PRJ-3175,Install,Europe,FR,1831996,1765967.04,48985.94,60611.29,1880981.94,1826578.33,1093,56,1149,Tier 3,6,5
PRJ-3176,Energy,Africa,ZA,4933795,3042891.94,805462.29,1142675.3,5739257.29,4185567.24,1133,65,1198,Tier 2,4,2
PRJ-3177,Install,Europe,FR,1282119,1696687.52,161205.58,164265.32,1443324.58,1860952.84,191,3,194,Tier 3,5,5
PRJ-3178,Install,Africa,ZA,1911026,2593661.97,291014.53,357205.38,2202040.53,2950867.35,1591,265,1856,Tier 3,6,1
PRJ-3179,Energy,North America,US,4995429,8951122.19,1021946.2,1435314.91,6017375.2,10386437.1,1644,164,1808,Tier 2,4,3
PRJ-3180,Service,North America,MX,4852520,3202874.44,866242.96,1065154.49,5718762.96,4268028.93,1261,58,1319,Tier 2,0,0
PRJ-3181,Energy,Africa,EG,3204367,4909491.58,415651.26,603299.06,3620018.26,5512790.63,887,11,898,Tier 3,9,6
PRJ-3182,Service,Africa,ZA,3297795,3260317.66,263744.77,391957.19,3561539.77,3652274.85,239,6,245,Tier 3,0,0
PRJ-3183,Energy,Oceania,NZ,4069596,3762430.08,239461.44,343047.33,4309057.44,4105477.41,1170,2,1172,Tier 3,7,0
PRJ-3184,Service,Africa,EG,876713,777410.09,249145.32,280316.31,1125858.32,1057726.4,1598,291,1889,Tier 3,10,2
PRJ-3185,Service,North America,MX,1452836,2153367.73,263764.17,314789.61,1716600.17,2468157.34,48,8,56,Tier 3,2,0
PRJ-3186,Energy,Europe,DE,2217647,3574157.92,302564.94,318106.97,2520211.94,3892264.89,670,80,750,Tier 3,2,1
PRJ-3187,Install,Asia,CN,234512,163336.49,34197.21,44276.21,268709.21,207612.71,288,4,292,Tier 4,9,2
PRJ-3188,Energy,Asia,CN,2004822,1231479.09,448753.92,609722.51,2453575.92,1841201.6,499,50,549,Tier 3,2,1
PRJ-3189,Install,Europe,FR,3414159,4548958.62,138179.83,181157.3,3552338.83,4730115.91,1669,122,1791,Tier 3,8,0
PRJ-3190,Service,Asia,JP,858796,691678.84,122002.25,145649.19,980798.25,837328.03,1460,144,1604,Tier 4,5,3
PRJ-3191,Install,Europe,FR,2926098,2453853.24,133912.34,160250.37,3060010.34,2614103.61,1349,40,1389,Tier 3,4,3
PRJ-3192,Energy,Africa,EG,3034727,4840843.17,126372.32,174661.95,3161099.32,5015505.12,1349,211,1560,Tier 3,8,0
PRJ-3193,Energy,North America,MX,1007681,756186.96,230932.22,268750.29,1238613.22,1024937.25,1184,44,1228,Tier 3,7,4
PRJ-3194,Service,South America,BR,3876210,5035482.72,1043992.62,1524877.12,4920202.62,6560359.84,1039,39,1078,Tier 3,5,4
PRJ-3195,Energy,South America,BR,2898504,2637976.67,193676.89,275914.38,3092180.89,2913891.04,1580,43,1623,Tier 3,8,1
PRJ-3196,Install,Oceania,NZ,158748,116386.32,20708.41,26459.78,179456.41,142846.11,780,148,928,Tier 5,2,0
PRJ-3197,Install,Oceania,AU,867550,1421899.9,243912.96,300898.97,1111462.96,1722798.87,1001,109,1110,Tier 3,4,0
PRJ-3198,Install,Africa,ZA,1587659,2767250.96,229209.99,306737.47,1816868.99,3073988.43,625,17,642,Tier 3,1,1
PRJ-3199,Install,Oceania,AU,3364351,4501107.29,637658.51,730951.55,4002009.51,5232058.84,712,39,751,Tier 3,10,8
PRJ-3200,Install,Africa,EG,4584489,3886237.1,860533.68,948139.94,5445022.68,4834377.03,928,33,961,Tier 2,7,0
PRJ-3201,Service,Oceania,NZ,3438689,6128183.53,721334.78,851196.99,4160023.78,6979380.53,1168,98,1266,Tier 3,8,1
PRJ-3202,Install,Africa,ZA,3354541,4915860.39,562096.72,609277.02,3916637.72,5525137.41,808,1,809,Tier 3,0,0
PRJ-3203,Install,Asia,CN,4756208,5246080.92,1167009.02,1518925.2,5923217.02,6765006.12,114,6,120,Tier 2,6,1
PRJ-3204,Service,Europe,DE,4661144,6552638.65,1212830.38,1561422.08,5873974.38,8114060.73,278,47,325,Tier 2,1,1
PRJ-3205,Install,North America,US,4944954,3613240.91,435865.91,618394.96,5380819.91,4231635.87,107,9,116,Tier 2,4,0
PRJ-3206,Service,Europe,FR,2845522,2552516.46,687966.06,768859.87,3533488.06,3321376.33,1700,188,1888,Tier 3,7,4
PRJ-3207,Install,Oceania,NZ,2481225,3088986.34,44095.8,58029.08,2525320.8,3147015.42,1761,32,1793,Tier 3,5,1
PRJ-3208,Service,Asia,JP,4063004,2731667.17,602363.67,719601.14,4665367.67,3451268.31,1780,279,2059,Tier 3,8,5
PRJ-3209,Service,Oceania,NZ,1126168,1597162.99,28564.61,29585.09,1154732.61,1626748.08,15,1,16,Tier 3,7,6
PRJ-3210,Service,Europe,DE,1461081,2019220.87,270115.34,339741.75,1731196.34,2358962.63,1459,148,1607,Tier 3,5,5
PRJ-3211,Energy,Oceania,AU,528752,867250.87,111352.16,113001.99,640104.16,980252.85,605,104,709,Tier 4,0,0
PRJ-3212,Service,Africa,EG,958171,1104226.98,239897.96,309414.1,1198068.96,1413641.08,689,48,737,Tier 3,1,1
PRJ-3213,Install,South America,AR,2595308,3417970.03,533878.99,767150.15,3129186.99,4185120.18,1441,190,1631,Tier 3,4,2
PRJ-3214,Energy,Europe,DE,4029785,4703071.77,1129099.75,1582281.53,5158884.75,6285353.3,249,31,280,Tier 2,1,1
PRJ-3215,Install,Africa,EG,3665326,3387737.46,421101.82,593412.4,4086427.82,3981149.87,629,14,643,Tier 3,8,3
PRJ-3216,Energy,North America,US,558438,532591.06,26307.28,33733.39,584745.28,566324.44,1221,94,1315,Tier 4,6,3
PRJ-3217,Service,Africa,ZA,2467548,1548573.2,208889.05,269717.53,2676437.05,1818290.72,1507,118,1625,Tier 3,3,1
PRJ-3218,Energy,Asia,JP,3339594,5148967.74,812958.24,978291.43,4152552.24,6127259.17,80,14,94,Tier 3,10,5
PRJ-3219,Install,North America,US,4948300,5339182.29,731948.06,906818.38,5680248.06,6246000.67,947,28,975,Tier 2,0,0
PRJ-3220,Energy,Oceania,AU,4169600,2712493.61,165607.39,225090.94,4335207.39,2937584.55,797,28,825,Tier 3,10,6
PRJ-3221,Service,Europe,FR,4363930,3661936.98,238767.1,336686.73,4602697.1,3998623.71,130,0,130,Tier 3,10,7
PRJ-3222,Install,South America,BR,127540,190630.06,15380.28,22848.08,142920.28,213478.14,1825,327,2152,Tier 5,5,4
PRJ-3223,Service,Asia,JP,2306092,2602232.15,3203.08,4134.85,2309295.08,2606367.01,1136,214,1350,Tier 3,3,3
PRJ-3224,Energy,Asia,JP,4025315,4919272.86,631869.71,670147.76,4657184.71,5589420.62,1493,73,1566,Tier 3,3,2
PRJ-3225,Energy,North America,US,4429682,5488412.5,794469.58,799491.14,5224151.58,6287903.64,1334,228,1562,Tier 2,3,1
PRJ-3226,Service,North America,US,61347,87700.83,1136.35,1278.25,62483.35,88979.08,109,18,127,Tier 5,3,0
PRJ-3227,Install,Africa,ZA,4439640,7473977.93,1250912.57,1295433.23,5690552.57,8769411.17,1761,41,1802,Tier 2,9,2
PRJ-3228,Energy,Asia,CN,1943086,2738269.58,521658.02,667633.21,2464744.02,3405902.79,1125,218,1343,Tier 3,10,3
PRJ-3229,Energy,Oceania,NZ,1681512,2848067.02,227195.05,302526.95,1908707.05,3150593.97,1609,316,1925,Tier 3,0,0
PRJ-3230,Energy,Africa,ZA,1491634,1564057.64,167295.22,199792.28,1658929.22,1763849.92,1789,308,2097,Tier 3,9,9
PRJ-3231,Install,Europe,DE,4237897,4060700.91,306899.48,326145.05,4544796.48,4386845.96,1241,71,1312,Tier 3,8,3
PRJ-3232,Install,South America,AR,1421345,1857554.2,294841.46,360390.97,1716186.46,2217945.17,815,44,859,Tier 3,1,1
PRJ-3233,Service,North America,MX,111998,164287.69,250.05,352.24,112248.05,164639.93,564,65,629,Tier 5,6,4
PRJ-3234,Energy,Europe,DE,370656,574651.41,104929.9,132172.23,475585.9,706823.64,1754,240,1994,Tier 4,9,1
PRJ-3235,Install,South America,BR,678340,563343.86,51355.66,71433.48,729695.66,634777.34,537,18,555,Tier 4,9,3
PRJ-3236,Energy,North America,US,4735891,5351921.29,30338.09,43310.32,4766229.09,5395231.6,682,31,713,Tier 3,2,0
PRJ-3237,Energy,Africa,ZA,3875611,3744667.04,684224.64,897097.19,4559835.64,4641764.23,1057,86,1143,Tier 3,8,4
PRJ-3238,Install,Africa,EG,2383624,1705861.69,42055.85,62250.99,2425679.85,1768112.68,1361,156,1517,Tier 3,0,0
PRJ-3239,Energy,Asia,JP,4746038,3415150.28,975005.24,1097682.72,5721043.24,4512833,405,28,433,Tier 2,2,2
PRJ-3240,Service,Europe,FR,852542,1033086.65,29888.69,33856.31,882430.69,1066942.97,1177,179,1356,Tier 4,0,0
PRJ-3241,Install,Asia,CN,1863490,2731783.65,254804.57,341653.21,2118294.57,3073436.86,1655,256,1911,Tier 3,0,0
PRJ-3242,Install,Europe,DE,1308216,1108129.31,184456.02,256674.07,1492672.02,1364803.38,1730,124,1854,Tier 3,8,4
PRJ-3243,Energy,Asia,JP,1826902,2075878.85,514824.38,755777.86,2341726.38,2831656.71,548,52,600,Tier 3,10,1
PRJ-3244,Install,South America,AR,1455414,1509243.25,163903.73,217022.63,1619317.73,1726265.88,148,14,162,Tier 3,8,7
PRJ-3245,Install,Africa,ZA,1362716,2279042.8,177107.46,187840.54,1539823.46,2466883.35,66,3,69,Tier 3,2,1
PRJ-3246,Energy,Asia,JP,909973,662361.26,194257.24,226432.01,1104230.24,888793.27,1665,256,1921,Tier 3,3,0
PRJ-3247,Energy,Europe,FR,1553771,2158724.48,355845.75,404759.32,1909616.75,2563483.79,314,45,359,Tier 3,6,2
PRJ-3248,Install,Europe,DE,941674,588697.99,117278.87,120586.11,1058952.87,709284.1,1411,14,1425,Tier 3,0,0
PRJ-3249,Install,South America,BR,4340969,3380553.44,1233972.65,1682345.57,5574941.65,5062899.01,479,44,523,Tier 2,7,5
PRJ-3250,Energy,Asia,CN,3735703,6568596.22,1002878.2,1411902.3,4738581.2,7980498.52,188,30,218,Tier 3,3,2
PRJ-3251,Energy,Asia,CN,3890334,4445895.76,909133.05,1023481.36,4799467.05,5469377.12,82,15,97,Tier 3,5,4
PRJ-3252,Install,Europe,DE,3871568,4901836.58,594227.08,668516.29,4465795.08,5570352.87,1444,103,1547,Tier 3,8,7
PRJ-3253,Service,North America,MX,2465055,1697467.54,256059.18,273236.58,2721114.18,1970704.13,1761,150,1911,Tier 3,9,9
PRJ-3254,Energy,Oceania,AU,4562699,3397115.19,284135.58,315328.33,4846834.58,3712443.52,397,52,449,Tier 3,2,2
PRJ-3255,Energy,Asia,JP,698228,1120608.73,132202.72,164786.4,830430.72,1285395.14,1779,234,2013,Tier 4,0,0
PRJ-3256,Energy,Europe,FR,469989,330568.76,77030.69,95801.62,547019.69,426370.38,270,10,280,Tier 4,5,2
PRJ-3257,Install,Africa,ZA,485826,586065.09,101561.35,106360.12,587387.35,692425.21,1763,173,1936,Tier 4,6,4
PRJ-3258,Energy,Africa,ZA,2140935,2088200.47,346462.3,484367.92,2487397.3,2572568.38,569,37,606,Tier 3,4,2
PRJ-3259,Energy,Oceania,AU,2571253,1782144.11,589592.24,676563.52,3160845.24,2458707.63,1475,168,1643,Tier 3,1,0
PRJ-3260,Service,Asia,JP,919130,1171583.34,247736.4,309726.09,1166866.4,1481309.44,131,5,136,Tier 3,7,2
PRJ-3261,Install,Europe,DE,4186655,3823554.38,1127807.61,1213204.3,5314462.61,5036758.69,458,26,484,Tier 2,6,1
PRJ-3262,Service,Africa,EG,577439,867092.3,170858.84,229925.27,748297.84,1097017.57,1246,115,1361,Tier 4,3,2
PRJ-3263,Install,Oceania,AU,1102017,1564218.56,191220.26,238404.09,1293237.26,1802622.64,514,70,584,Tier 3,4,1
PRJ-3264,Service,Oceania,NZ,704149,893550.51,196574.86,209761.87,900723.86,1103312.38,627,84,711,Tier 4,6,6
PRJ-3265,Install,North America,US,2954836,4602410.1,680035.37,801375.34,3634871.37,5403785.44,403,64,467,Tier 3,5,3
PRJ-3266,Service,North America,MX,2980282,3087454.64,506850.1,752034.48,3487132.1,3839489.12,191,23,214,Tier 3,9,7
PRJ-3267,Energy,Asia,CN,474571,548751.69,54434.51,69494.02,529005.51,618245.71,604,104,708,Tier 4,7,6
PRJ-3268,Install,Europe,FR,3256779,2723791.73,642001.69,930522.01,3898780.69,3654313.74,139,2,141,Tier 3,3,2
PRJ-3269,Install,Asia,CN,1295488,840496.95,98481.1,113452.79,1393969.1,953949.75,790,79,869,Tier 3,3,3
PRJ-3270,Install,South America,BR,3211966,3330320.75,618488.6,694803.7,3830454.6,4025124.45,1756,241,1997,Tier 3,3,2
PRJ-3271,Energy,Asia,JP,3850341,5416347.14,47837.54,71486.41,3898178.54,5487833.55,1179,218,1397,Tier 3,7,3
PRJ-3272,Service,Africa,EG,178584,315473.94,5518.41,7890.11,184102.41,323364.05,508,64,572,Tier 5,9,7
PRJ-3273,Energy,Oceania,AU,968449,1623116.5,189938.54,244666.75,1158387.54,1867783.25,1736,114,1850,Tier 3,7,2
PRJ-3274,Install,South America,AR,3430359,3884832.59,385196.6,553695.33,3815555.6,4438527.92,1473,254,1727,Tier 3,0,0
PRJ-3275,Service,South America,AR,4497333,3297075.51,837159.43,1154849.89,5334492.43,4451925.4,1422,224,1646,Tier 2,0,0
PRJ-3276,Energy,Africa,ZA,3439636,3300027.48,576351.13,714053.34,4015987.13,4014080.82,351,26,377,Tier 3,8,8
PRJ-3277,Install,Europe,FR,733309,531447.17,103780.84,137791.52,837089.84,669238.69,161,2,163,Tier 4,8,5
PRJ-3278,Install,Oceania,AU,1988591,2003111.75,400583.35,446102.94,2389174.35,2449214.69,264,16,280,Tier 3,1,0
PRJ-3279,Energy,Oceania,NZ,3331736,3521656.96,768116.94,781966.12,4099852.94,4303623.08,978,21,999,Tier 3,10,10
PRJ-3280,Service,Oceania,NZ,3862426,5655712.53,1037631.06,1376005.02,4900057.06,7031717.55,463,58,521,Tier 3,8,2
PRJ-3281,Install,Asia,JP,1839031,1371125.76,329380.81,420541.29,2168411.81,1791667.05,1426,242,1668,Tier 3,10,6
PRJ-3282,Service,Oceania,AU,259508,208017.49,13070.53,18413.61,272578.53,226431.11,743,65,808,Tier 4,4,3
PRJ-3283,Energy,North America,MX,1063046,1859419.76,114206.26,165573.96,1177252.26,2024993.72,959,187,1146,Tier 3,9,9
PRJ-3284,Service,Europe,FR,3554895,4801613.75,583015.44,841966.58,4137910.44,5643580.33,1273,181,1454,Tier 3,10,3
PRJ-3285,Service,South America,AR,2639973,3691074.19,648875.86,914296.75,3288848.86,4605370.94,833,137,970,Tier 3,3,3
PRJ-3286,Energy,Asia,JP,4811796,3160230.04,213536.77,214570.92,5025332.77,3374800.96,1085,47,1132,Tier 2,8,4
PRJ-3287,Install,Europe,FR,4924750,8302849.63,533082.31,630828.87,5457832.31,8933678.49,211,2,213,Tier 2,3,3
PRJ-3288,Install,North America,US,4450889,6888140.28,741587.3,886140.08,5192476.3,7774280.36,210,36,246,Tier 2,7,3
PRJ-3289,Energy,Oceania,AU,1386545,876234.24,349560.22,488630.37,1736105.22,1364864.62,1356,105,1461,Tier 3,10,2
PRJ-3290,Install,North America,US,4184366,6942468.56,1201290.83,1769056.01,5385656.83,8711524.56,209,4,213,Tier 2,9,2
PRJ-3291,Energy,Oceania,AU,3933466,4437609.91,754369.52,1131086.44,4687835.52,5568696.35,1278,132,1410,Tier 3,6,5
PRJ-3292,Service,Asia,JP,2431412,2423644.07,581126.47,765843.76,3012538.47,3189487.82,1226,14,1240,Tier 3,8,8
PRJ-3293,Energy,Europe,FR,216111,244366.22,51804.16,73414.63,267915.16,317780.85,1751,18,1769,Tier 4,3,2
PRJ-3294,Service,Europe,FR,2694246,3314013.09,467494.42,692376.23,3161740.42,4006389.32,1279,195,1474,Tier 3,5,2
PRJ-3295,Energy,Asia,JP,237453,229294.16,6635.83,7470.13,244088.83,236764.29,48,2,50,Tier 5,3,3
PRJ-3296,Install,Europe,DE,3592412,2846168.64,887551.27,1323763.13,4479963.27,4169931.77,659,41,700,Tier 3,8,3
PRJ-3297,Service,Oceania,NZ,3571493,6082611.02,795610.96,999371.22,4367103.96,7081982.23,1404,150,1554,Tier 3,3,2
PRJ-3298,Energy,North America,MX,4574644,3597777.93,401447.45,409577.15,4976091.45,4007355.08,746,126,872,Tier 3,3,0
PRJ-3299,Service,Africa,ZA,4448855,5675830.3,1308051.85,1857573.08,5756906.85,7533403.38,403,16,419,Tier 2,6,4
PRJ-3300,Install,Oceania,AU,1850881,1741729.84,407941.57,445503.06,2258822.57,2187232.9,1741,291,2032,Tier 3,0,0
PRJ-3301,Service,Oceania,NZ,3101406,4225008.68,366003.27,401353.71,3467409.27,4626362.39,1156,206,1362,Tier 3,5,1
PRJ-3302,Install,North America,US,1419855,1667584.86,141978.01,145410.53,1561833.01,1812995.39,1326,146,1472,Tier 3,10,7
PRJ-3303,Service,Africa,EG,2552399,2090103.25,633821.4,948622.12,3186220.4,3038725.37,507,48,555,Tier 3,8,5
PRJ-3304,Service,Europe,FR,1788441,1434930.98,75069.35,98257.25,1863510.35,1533188.23,400,72,472,Tier 3,4,1
PRJ-3305,Service,Africa,EG,2124812,1553077.8,545303.68,743352.66,2670115.68,2296430.46,31,0,31,Tier 3,4,0
PRJ-3306,Energy,Asia,CN,1199570,1178911.05,290696.4,436010.74,1490266.4,1614921.79,1493,170,1663,Tier 3,0,0
PRJ-3307,Energy,Europe,DE,4973068,4063825.98,1061201.43,1109460.03,6034269.43,5173286.01,1345,243,1588,Tier 2,8,8
PRJ-3308,Service,Africa,EG,4580089,6419551.09,859171.07,1088934.43,5439260.07,7508485.52,202,28,230,Tier 2,6,2
PRJ-3309,Service,North America,MX,714155,805416.84,176120.08,197281.41,890275.08,1002698.25,670,18,688,Tier 4,4,0
PRJ-3310,Service,Asia,CN,582290,720836.8,85440.9,123314.93,667730.9,844151.73,1167,126,1293,Tier 4,0,0
PRJ-3311,Service,South America,AR,4941585,3038472.81,1454514.11,2163299.11,6396099.11,5201771.93,1321,39,1360,Tier 2,0,0
PRJ-3312,Service,North America,MX,4440862,7863841.4,1075369.52,1593807.21,5516231.52,9457648.61,218,3,221,Tier 2,7,1
PRJ-3313,Install,North America,US,2075817,2580834.68,300682.98,386132.96,2376499.98,2966967.63,461,12,473,Tier 3,0,0
PRJ-3314,Service,North America,MX,1717213,3044118.12,41482.09,45544.28,1758695.09,3089662.4,1623,240,1863,Tier 3,5,0
PRJ-3315,Service,Oceania,NZ,2988277,2288311.45,840999.29,1233415.7,3829276.29,3521727.15,24,1,25,Tier 3,2,1
PRJ-3316,Service,Africa,EG,3056973,2310042.16,595157.69,699573.64,3652130.69,3009615.8,1802,347,2149,Tier 3,0,0
PRJ-3317,Install,North America,US,4408102,5571659.32,1276013.28,1379688.77,5684115.28,6951348.09,1294,120,1414,Tier 2,7,4
PRJ-3318,Service,Africa,ZA,2919615,2714205.91,506860.93,559891.35,3426475.93,3274097.26,1321,242,1563,Tier 3,10,7
PRJ-3319,Install,Africa,EG,1987539,2561460.18,492690.99,610143.06,2480229.99,3171603.24,1171,6,1177,Tier 3,6,6
PRJ-3320,Energy,Europe,DE,4284672,6749696.57,942315.44,1131877.14,5226987.44,7881573.71,650,58,708,Tier 2,1,1
PRJ-3321,Install,Europe,DE,905154,772481.12,137103.88,181228.09,1042257.88,953709.21,37,4,41,Tier 3,8,2
PRJ-3322,Energy,Oceania,NZ,2612082,2640347.58,225571.18,287931.85,2837653.18,2928279.43,786,47,833,Tier 3,4,3
PRJ-3323,Install,North America,US,4532370,7569595.33,940388.47,959803.83,5472758.47,8529399.16,187,31,218,Tier 2,4,0
PRJ-3324,Install,South America,BR,2027389,1873757.2,437520.02,497609.96,2464909.02,2371367.16,423,47,470,Tier 3,4,1
PRJ-3325,Install,South America,AR,2155057,3537977.36,178303.64,260985.94,2333360.64,3798963.3,657,77,734,Tier 3,0,0
PRJ-3326,Install,Africa,EG,3746247,2577273.26,480397.45,508206.51,4226644.45,3085479.78,760,116,876,Tier 3,0,0
PRJ-3327,Service,Africa,ZA,4958801,4518269.05,620772.9,679057.62,5579573.9,5197326.67,635,5,640,Tier 2,5,5
PRJ-3328,Energy,Europe,DE,3589304,2355685.94,54126.08,80788.63,3643430.08,2436474.57,728,141,869,Tier 3,9,2
PRJ-3329,Energy,North America,US,4810322,6865444.3,711216.6,1055908.26,5521538.6,7921352.56,1444,172,1616,Tier 2,1,0
PRJ-3330,Install,North America,MX,564173,1001998.27,136008.87,152514.03,700181.87,1154512.3,1668,70,1738,Tier 4,4,3
PRJ-3331,Service,Africa,ZA,2590253,3411628.7,19252.02,19387.4,2609505.02,3431016.1,1815,230,2045,Tier 3,0,0
PRJ-3332,Service,North America,US,843333,1458594.89,248872.31,280482.8,1092205.31,1739077.68,1374,101,1475,Tier 3,3,0
PRJ-3333,Service,North America,MX,857071,1449506.62,136289.19,168265.48,993360.19,1617772.11,207,24,231,Tier 4,1,1
PRJ-3334,Service,South America,BR,3812233,5424132.4,696998.88,1036680.64,4509231.88,6460813.03,198,28,226,Tier 3,9,5
PRJ-3335,Install,Asia,CN,3617328,3613830.15,566304.36,635797.42,4183632.36,4249627.57,1411,23,1434,Tier 3,5,5
PRJ-3336,Energy,Africa,ZA,4780883,6638179.78,344564.31,428021.53,5125447.31,7066201.31,1441,9,1450,Tier 2,0,0
PRJ-3337,Install,Africa,ZA,4932482,7279280.98,1004380.67,1045398.45,5936862.67,8324679.43,548,77,625,Tier 2,7,3
PRJ-3338,Service,Europe,DE,1303454,1077574.54,169338.4,179167.23,1472792.4,1256741.77,850,118,968,Tier 3,0,0
PRJ-3339,Install,Europe,FR,3925889,6238856.75,1006877.79,1343801.33,4932766.79,7582658.08,1732,267,1999,Tier 3,1,0
PRJ-3340,Energy,North America,MX,2275131,3288134.01,525412.45,694115.63,2800543.45,3982249.64,200,33,233,Tier 3,1,1
PRJ-3341,Service,Europe,FR,3212591,2468241.77,317868.32,436452.97,3530459.32,2904694.74,191,24,215,Tier 3,5,4
PRJ-3342,Service,Asia,JP,2668001,2397630.41,50547.8,66449.15,2718548.8,2464079.55,969,94,1063,Tier 3,3,3
PRJ-3343,Service,Asia,JP,3335665,5552650.39,437201.62,527506.64,3772866.62,6080157.03,249,9,258,Tier 3,0,0
PRJ-3344,Install,Europe,DE,2987232,2609070.29,360586.85,370515.31,3347818.85,2979585.59,420,14,434,Tier 3,8,6
PRJ-3345,Energy,South America,AR,3900912,4774383.42,122080.53,151845.94,4022992.53,4926229.36,1413,175,1588,Tier 3,3,3
PRJ-3346,Energy,Asia,CN,3193116,2562245.39,805907.22,1026794.39,3999023.22,3589039.78,1190,135,1325,Tier 3,2,2
PRJ-3347,Install,North America,MX,3269537,5493413.65,717935.95,1067155.28,3987472.95,6560568.93,694,102,796,Tier 3,10,6
PRJ-3348,Energy,Europe,FR,3334038,3059657.83,110465.77,163633.08,3444503.77,3223290.91,381,4,385,Tier 3,0,0
PRJ-3349,Service,Asia,JP,3917472,4863322.36,200743.31,292601.59,4118215.31,5155923.94,1503,55,1558,Tier 3,0,0
PRJ-3350,Install,Africa,ZA,2100916,3153608.14,5263.72,6742.45,2106179.72,3160350.6,952,169,1121,Tier 3,6,0
PRJ-3351,Service,Oceania,NZ,1336877,1078946.02,15051.19,18029.3,1351928.19,1096975.32,1259,84,1343,Tier 3,1,1
PRJ-3352,Energy,Asia,JP,142808,162288.11,20738.3,28664.37,163546.3,190952.48,250,34,284,Tier 5,10,8
PRJ-3353,Service,Africa,ZA,4112728,5061550.57,549274.96,792163.16,4662002.96,5853713.74,964,96,1060,Tier 3,7,5
PRJ-3354,Install,Oceania,NZ,82128,52338.21,21037.65,27052.07,103165.65,79390.27,59,4,63,Tier 5,8,0
PRJ-3355,Energy,Asia,CN,1175249,1931999.51,55052.07,74086.5,1230301.07,2006086.01,568,49,617,Tier 3,2,0
PRJ-3356,Service,Europe,FR,3955111,5907859.14,804776.08,981725.5,4759887.08,6889584.64,760,107,867,Tier 3,3,3
PRJ-3357,Service,Oceania,AU,3157690,4115437.7,895005.1,1053169.35,4052695.1,5168607.06,232,38,270,Tier 3,2,1
PRJ-3358,Service,Asia,JP,2686548,3117543.35,342244.18,496194.45,3028792.18,3613737.8,793,12,805,Tier 3,8,1
PRJ-3359,Service,Asia,JP,1175294,1597090.76,146409.45,182112.91,1321703.45,1779203.67,789,69,858,Tier 3,1,1
PRJ-3360,Energy,Europe,DE,652561,1109166.78,51055.87,63717.24,703616.87,1172884.02,1167,170,1337,Tier 4,7,5
PRJ-3361,Energy,Europe,FR,1482404,2377220.05,83551.03,96013.5,1565955.03,2473233.54,1780,193,1973,Tier 3,0,0
PRJ-3362,Energy,North America,MX,3919466,6488568.62,152045.59,165293.76,4071511.59,6653862.38,999,114,1113,Tier 3,2,2
PRJ-3363,Energy,Europe,FR,4838324,6456376.64,1143846.56,1479803.27,5982170.56,7936179.91,286,32,318,Tier 2,6,4
PRJ-3364,Service,South America,BR,594526,868970.24,140153.94,143376.76,734679.94,1012347.01,1677,284,1961,Tier 4,7,0
PRJ-3365,Service,North America,MX,3464406,4302026.85,54672.88,62786.95,3519078.88,4364813.81,225,41,266,Tier 3,9,6
PRJ-3366,Energy,Africa,ZA,2129953,2146728.9,88210.42,95468.28,2218163.42,2242197.18,833,152,985,Tier 3,6,3
PRJ-3367,Service,Asia,JP,909944,798620.69,91212.66,91553.65,1001156.66,890174.34,475,55,530,Tier 3,6,1
PRJ-3368,Install,South America,BR,4263899,5702967.79,731088.77,1041235.67,4994987.77,6744203.46,782,66,848,Tier 3,8,4
PRJ-3369,Install,Asia,CN,1628882,1331123.64,373290.44,507566.85,2002172.44,1838690.49,792,99,891,Tier 3,6,5
PRJ-3370,Energy,Oceania,NZ,3344960,5007803.16,823420.37,1180223.55,4168380.37,6188026.71,668,76,744,Tier 3,5,3
PRJ-3371,Install,Asia,JP,1153885,2061265.47,53494.45,65003.75,1207379.45,2126269.23,440,15,455,Tier 3,6,3
PRJ-3372,Service,South America,AR,2325805,3958595.39,603578.22,728389.37,2929383.22,4686984.76,179,31,210,Tier 3,0,0
PRJ-3373,Energy,Africa,EG,3597137,4705024.44,481920.85,531036.02,4079057.85,5236060.46,1057,119,1176,Tier 3,7,5
PRJ-3374,Install,Europe,FR,2117767,3722820.76,467439.12,691455.14,2585206.12,4414275.9,1276,222,1498,Tier 3,5,3
PRJ-3375,Install,South America,AR,209334,129748.66,48906.53,59211.11,258240.53,188959.77,1808,62,1870,Tier 4,2,0
PRJ-3376,Service,South America,AR,3223655,4640092.83,865227.68,1182417.2,4088882.68,5822510.03,953,94,1047,Tier 3,5,4
PRJ-3377,Service,North America,US,3141595,3049969.25,395592.85,550554.82,3537187.85,3600524.06,1790,58,1848,Tier 3,8,7
PRJ-3378,Install,North America,US,3486966,4907531.49,650335.45,661885.16,4137301.45,5569416.64,956,182,1138,Tier 3,2,1
PRJ-3379,Energy,Asia,JP,1529611,1562293.94,59891.72,70491.24,1589502.72,1632785.18,732,5,737,Tier 3,0,0
PRJ-3380,Install,Oceania,NZ,233590,405641.35,56154.74,77735.48,289744.74,483376.83,289,9,298,Tier 4,6,5
PRJ-3381,Install,Asia,CN,1630438,1980497.47,274357.28,371901.4,1904795.28,2352398.87,853,152,1005,Tier 3,7,3
PRJ-3382,Service,North America,MX,3060972,4746093.96,878223.53,933512.76,3939195.53,5679606.72,1003,144,1147,Tier 3,2,1
PRJ-3383,Install,South America,AR,268484,458305.42,38330.7,52301.29,306814.7,510606.71,1715,50,1765,Tier 4,3,3
PRJ-3384,Energy,Africa,EG,4121270,3987634.34,420967.42,443429.59,4542237.42,4431063.93,818,72,890,Tier 3,3,2
PRJ-3385,Service,North America,US,1285823,981409.95,366894.76,496859.9,1652717.76,1478269.86,1292,145,1437,Tier 3,9,8
PRJ-3386,Install,Europe,FR,632688,627424.05,56557.76,75049.95,689245.76,702474,1303,201,1504,Tier 4,10,7
PRJ-3387,Install,Oceania,NZ,1709452,2864108.45,176508.66,205686.32,1885960.66,3069794.78,1516,222,1738,Tier 3,2,0
PRJ-3388,Energy,Asia,JP,704786,1209060.19,190267.98,251374.28,895053.98,1460434.47,1211,141,1352,Tier 4,3,3
PRJ-3389,Energy,Europe,FR,4276441,4033742.38,174436.84,196962.62,4450877.84,4230705,42,4,46,Tier 3,5,1
PRJ-3390,Energy,Oceania,AU,3727487,5683093.95,501027.61,653637.07,4228514.61,6336731.02,1454,76,1530,Tier 3,0,0
PRJ-3391,Install,North America,US,1843454,3182016.42,142982.55,152651.4,1986436.55,3334667.82,120,11,131,Tier 3,8,6
PRJ-3392,Energy,Asia,JP,1037515,731031.74,227467.22,277232.8,1264982.22,1008264.54,234,31,265,Tier 3,0,0
PRJ-3393,Service,North America,MX,4405763,5454453.03,1080413.74,1451953.48,5486176.74,6906406.5,571,48,619,Tier 2,8,2
PRJ-3394,Service,South America,BR,3338478,3133787.15,507836.64,521178.08,3846314.64,3654965.23,635,110,745,Tier 3,1,1
PRJ-3395,Energy,North America,MX,1133748,1760768.42,248342.74,262621.5,1382090.74,2023389.92,1781,106,1887,Tier 3,3,2
PRJ-3396,Install,North America,MX,4230180,6556538.65,619992.56,826881.98,4850172.56,7383420.63,1793,349,2142,Tier 3,6,0
PRJ-3397,Service,South America,AR,3657257,6182979.16,662818.93,950312.13,4320075.93,7133291.29,1586,48,1634,Tier 3,10,8
PRJ-3398,Service,South America,BR,4643598,4809392.16,189779.16,281751.58,4833377.16,5091143.73,410,43,453,Tier 3,9,8
PRJ-3399,Service,Oceania,NZ,1901337,1849759.63,527288.73,609161.7,2428625.73,2458921.32,1064,128,1192,Tier 3,2,1
PRJ-3400,Energy,Asia,JP,2511221,3730696.18,353881.69,387392.18,2865102.69,4118088.35,1712,212,1924,Tier 3,2,1
PRJ-3401,Install,North America,US,417727,746600.58,35951.66,41889.47,453678.66,788490.06,1405,45,1450,Tier 4,4,3
PRJ-3402,Service,Europe,FR,4243493,7319101.59,1130017.51,1555905.12,5373510.51,8875006.71,1427,245,1672,Tier 2,2,2
PRJ-3403,Service,Europe,DE,3701365,6554330.52,382744.59,550399.83,4084109.59,7104730.35,410,30,440,Tier 3,10,9
PRJ-3404,Energy,Africa,ZA,1296277,1628752.27,139475.32,194209.89,1435752.32,1822962.16,1291,35,1326,Tier 3,9,2
PRJ-3405,Service,Asia,JP,4364386,7689929.05,851791.01,853859.24,5216177.01,8543788.29,1391,262,1653,Tier 2,5,0
PRJ-3406,Install,Asia,JP,1080709,1897344.57,47593.87,56063.18,1128302.87,1953407.76,580,44,624,Tier 3,9,9
PRJ-3407,Energy,North America,MX,1135278,1599513.11,247026.97,304841.94,1382304.97,1904355.05,594,21,615,Tier 3,4,0
PRJ-3408,Install,South America,BR,1365138,1351988.98,7381.31,10835.88,1372519.31,1362824.86,170,31,201,Tier 3,9,1
PRJ-3409,Energy,Europe,DE,4710507,8255584.79,220646.96,280791.97,4931153.96,8536376.76,525,86,611,Tier 3,9,1
PRJ-3410,Energy,Africa,EG,224374,260576.07,9962.84,10384.63,234336.84,270960.71,382,57,439,Tier 5,10,3
PRJ-3411,Install,South America,BR,3581896,6214429.5,534899.67,775572.92,4116795.67,6990002.42,1048,19,1067,Tier 3,3,3
PRJ-3412,Install,Europe,FR,2148420,3739139.89,46895.74,59362.15,2195315.74,3798502.03,1489,43,1532,Tier 3,3,1
PRJ-3413,Install,Oceania,NZ,1507965,2023304.24,327500.24,356836.08,1835465.24,2380140.32,750,7,757,Tier 3,4,3
PRJ-3414,Energy,Europe,DE,3207486,3810866.13,423232.99,577163.65,3630718.99,4388029.79,1171,131,1302,Tier 3,10,1
PRJ-3415,Service,North America,MX,4361152,7214142.74,1057068.25,1299102.01,5418220.25,8513244.75,1353,27,1380,Tier 2,3,1
PRJ-3416,Service,Asia,CN,3398692,2140918.27,269940.31,363379.72,3668632.31,2504297.99,1217,3,1220,Tier 3,0,0
PRJ-3417,Service,Oceania,AU,3931100,5612106.95,2120.74,2796.34,3933220.74,5614903.29,1734,2,1736,Tier 3,1,1
PRJ-3418,Service,North America,MX,4786369,6697939.79,28395.21,39491.59,4814764.21,6737431.39,160,11,171,Tier 3,6,2
PRJ-3419,Energy,Africa,EG,1500272,2143787.25,328647.7,345873.08,1828919.7,2489660.33,1751,138,1889,Tier 3,5,1
PRJ-3420,Energy,North America,US,4675326,4332300.05,229496.07,278919.02,4904822.07,4611219.07,43,8,51,Tier 3,4,4
PRJ-3421,Service,Asia,CN,3264794,2758570.79,670035.1,841727.36,3934829.1,3600298.15,449,50,499,Tier 3,8,5
PRJ-3422,Install,North America,US,2113060,1441048.27,467447.26,493263.4,2580507.26,1934311.67,1714,169,1883,Tier 3,6,5
PRJ-3423,Install,Europe,DE,205555,223648.28,6263.04,8509.75,211818.04,232158.03,1345,51,1396,Tier 5,1,0
PRJ-3424,Energy,Africa,ZA,702677,681499.44,129775.77,158497.99,832452.77,839997.43,212,39,251,Tier 4,9,2
PRJ-3425,Service,Africa,EG,1528217,1067331.76,379459.5,499899.35,1907676.5,1567231.11,1504,177,1681,Tier 3,4,2
PRJ-3426,Service,Asia,JP,1777785,2088576.89,147320.11,197398.87,1925105.11,2285975.77,1284,141,1425,Tier 3,0,0
PRJ-3427,Energy,South America,AR,2922607,4041293.42,721325.22,798596.74,3643932.22,4839890.17,1293,91,1384,Tier 3,3,3
PRJ-3428,Energy,South America,BR,260548,198967.96,31755.45,35798.14,292303.45,234766.1,707,96,803,Tier 4,2,0
PRJ-3429,Install,Oceania,NZ,4978923,5038110.64,1159114.47,1418013.96,6138037.47,6456124.61,859,2,861,Tier 2,0,0
PRJ-3430,Install,South America,AR,1074605,1683575.69,278649.21,310929.72,1353254.21,1994505.42,927,106,1033,Tier 3,1,0
PRJ-3431,Energy,Asia,CN,4309628,4277666.96,407063.32,521072.41,4716691.32,4798739.37,198,25,223,Tier 3,1,1
PRJ-3432,Service,Africa,ZA,4553681,5257435.75,69143.13,101174.84,4622824.13,5358610.59,1104,194,1298,Tier 3,0,0
PRJ-3433,Service,North America,MX,4012817,3416341.85,496189.78,594144.46,4509006.78,4010486.31,66,9,75,Tier 3,6,3
PRJ-3434,Install,Oceania,NZ,1450302,1561945.92,114077.95,169188.85,1564379.95,1731134.76,389,58,447,Tier 3,10,4
PRJ-3435,Install,North America,MX,2744294,2424538.89,760793.09,780443.69,3505087.09,3204982.58,1688,190,1878,Tier 3,9,5
PRJ-3436,Energy,North America,MX,1174700,732659.31,271457.56,297719.5,1446157.56,1030378.81,1300,147,1447,Tier 3,2,0
PRJ-3437,Install,South America,AR,161716,104911.09,5895.37,7975.89,167611.37,112886.99,764,98,862,Tier 5,10,9
PRJ-3438,Service,Europe,DE,3892965,5015696,60723.87,75486.98,3953688.87,5091182.98,1298,231,1529,Tier 3,4,0
PRJ-3439,Install,Africa,EG,4827051,7898039.12,763661.73,967145.41,5590712.73,8865184.53,870,142,1012,Tier 2,10,6
PRJ-3440,Install,North America,US,1822027,3102389.31,525898.44,698940.96,2347925.44,3801330.27,1425,61,1486,Tier 3,6,2
PRJ-3441,Service,South America,BR,4591251,8245583.52,236490.53,286276.76,4827741.53,8531860.27,1120,103,1223,Tier 3,1,1
PRJ-3442,Energy,Europe,DE,1949891,3239945.35,238729.99,353407.17,2188620.99,3593352.52,484,35,519,Tier 3,1,0
PRJ-3443,Install,North America,US,964456,1402037.92,221742.92,310911.78,1186198.92,1712949.7,422,68,490,Tier 3,3,2
PRJ-3444,Energy,Africa,ZA,3672113,2686258.89,686292.25,778850.04,4358405.25,3465108.93,548,46,594,Tier 3,5,0
PRJ-3445,Energy,Africa,EG,4499511,2812080.06,657555.96,906056.13,5157066.96,3718136.18,1735,210,1945,Tier 2,6,1
PRJ-3446,Service,Asia,CN,2478479,2069969.76,700636.25,979867.8,3179115.25,3049837.56,509,99,608,Tier 3,9,8
PRJ-3447,Service,Africa,EG,198486,152445.48,3201.78,4297.43,201687.78,156742.92,911,25,936,Tier 5,3,2
PRJ-3448,Energy,Asia,JP,1634222,1781066.75,258971.41,353844.55,1893193.41,2134911.3,502,71,573,Tier 3,2,2
PRJ-3449,Energy,Asia,CN,4658307,6841954.37,1048727.81,1345507.08,5707034.81,8187461.44,1786,90,1876,Tier 2,1,0
PRJ-3450,Service,Europe,FR,4529988,4712666.7,517899.87,589164.86,5047887.87,5301831.57,423,3,426,Tier 2,8,6
PRJ-3451,Service,South America,BR,94638,104692.97,6684.25,8806.4,101322.25,113499.38,22,3,25,Tier 5,3,2
PRJ-3452,Service,Africa,ZA,3454302,2937432.54,514968.3,767832.88,3969270.3,3705265.42,884,55,939,Tier 3,7,6
PRJ-3453,Install,South America,BR,278782,228296.68,13589.38,19319.44,292371.38,247616.12,1142,136,1278,Tier 4,0,0
PRJ-3454,Service,Asia,CN,1221830,1517586.91,289860.16,382976.08,1511690.16,1900562.98,987,17,1004,Tier 3,4,0
PRJ-3455,Energy,Oceania,AU,4153103,5279509.83,193571.55,280128.73,4346674.55,5559638.56,1517,202,1719,Tier 3,10,9
PRJ-3456,Service,Oceania,NZ,599313,743584.38,48778.5,65256.8,648091.5,808841.19,1656,121,1777,Tier 4,10,3
PRJ-3457,Service,Oceania,AU,4876830,8634212.22,959126.09,1126957.55,5835956.09,9761169.76,577,22,599,Tier 2,2,1
PRJ-3458,Energy,Africa,ZA,1980429,1381676.61,585774.74,707745.6,2566203.74,2089422.21,517,21,538,Tier 3,2,1
PRJ-3459,Energy,Oceania,NZ,2664936,4782918.18,644669.66,717951.93,3309605.66,5500870.11,807,19,826,Tier 3,8,4
PRJ-3460,Energy,Africa,EG,3349912,3442508.27,884975.51,1130574.82,4234887.51,4573083.09,727,11,738,Tier 3,5,4
PRJ-3461,Service,North America,US,1867451,3082653.65,82469,107842.42,1949920,3190496.07,149,11,160,Tier 3,2,2
PRJ-3462,Service,Oceania,AU,4532334,2771009.06,583432.99,689265.9,5115766.99,3460274.96,550,15,565,Tier 2,1,1
PRJ-3463,Install,Oceania,AU,4305801,5751257.15,730053.7,899880.04,5035854.7,6651137.18,1054,22,1076,Tier 2,7,1
PRJ-3464,Install,South America,BR,597258,1018329.63,75670.08,77606.17,672928.08,1095935.8,1111,145,1256,Tier 4,2,2
PRJ-3465,Energy,Europe,FR,272761,288197.3,55682.58,70459.97,328443.58,358657.27,1122,60,1182,Tier 4,8,7
PRJ-3466,Energy,Asia,JP,4140421,3824487.34,164930.36,202101.02,4305351.36,4026588.35,625,53,678,Tier 3,10,3
PRJ-3467,Service,North America,US,1334727,887259.55,156326.8,158006.4,1491053.8,1045265.95,472,41,513,Tier 3,1,1
PRJ-3468,Service,South America,AR,732171,477641.99,206149.83,223600.94,938320.83,701242.93,29,4,33,Tier 4,5,3
PRJ-3469,Energy,Africa,EG,4060427,5989111.17,319593.77,398091.48,4380020.77,6387202.65,51,0,51,Tier 3,0,0
PRJ-3470,Service,Europe,DE,4608279,4930350.26,990289.11,1210836.05,5598568.11,6141186.32,1644,49,1693,Tier 2,7,3
PRJ-3471,Install,Europe,DE,168141,302103.42,18495.05,22970.1,186636.05,325073.52,1724,218,1942,Tier 5,9,0
PRJ-3472,Service,North America,US,842545,1107270.16,29340.67,35921.92,871885.67,1143192.08,965,48,1013,Tier 4,1,1
PRJ-3473,Install,South America,AR,2784264,2848714.12,125243.44,172947.49,2909507.44,3021661.61,275,13,288,Tier 3,2,0
PRJ-3474,Install,Europe,FR,4988330,6121326.45,893530.59,976177.57,5881860.59,7097504.03,856,119,975,Tier 2,3,2
PRJ-3475,Service,South America,BR,3614166,6113781.41,800297.68,948362.59,4414463.68,7062144,220,21,241,Tier 3,7,4
PRJ-3476,Service,South America,BR,2029509,2581264.1,205694.08,263535.06,2235203.08,2844799.16,1096,217,1313,Tier 3,6,2
PRJ-3477,Service,North America,MX,331887,374668.52,16674.74,19444.28,348561.74,394112.8,1435,181,1616,Tier 4,0,0
PRJ-3478,Energy,Oceania,AU,1744897,2820090.17,226567.39,319553.5,1971464.39,3139643.67,1707,258,1965,Tier 3,9,2
PRJ-3479,Install,North America,US,4997762,4228416.72,91986.9,117828.34,5089748.9,4346245.06,947,45,992,Tier 2,2,0
PRJ-3480,Install,Africa,EG,4939673,5479461.7,153182.01,179367.83,5092855.01,5658829.53,1029,169,1198,Tier 2,9,0
PRJ-3481,Install,Europe,FR,2518247,3046859.25,682259.93,935438.62,3200506.93,3982297.87,1572,251,1823,Tier 3,9,8
PRJ-3482,Install,Asia,CN,4855640,8521193.82,20514.04,25837.09,4876154.04,8547030.91,259,34,293,Tier 3,6,2
PRJ-3483,Service,Asia,CN,2563808,4138253.13,331322.07,397907.86,2895130.07,4536160.99,1258,212,1470,Tier 3,6,3
PRJ-3484,Energy,Oceania,AU,4872673,7464062.35,48311.61,50935.08,4920984.61,7514997.43,1703,317,2020,Tier 3,10,5
PRJ-3485,Energy,Africa,EG,4086008,6111020.78,356397.21,395995.62,4442405.21,6507016.4,1349,193,1542,Tier 3,0,0
PRJ-3486,Energy,North America,MX,4301437,5822193.53,927604.59,1205955.55,5229041.59,7028149.08,421,37,458,Tier 2,6,3
PRJ-3487,Service,South America,BR,1932268,3000096.78,32841.26,49173.2,1965109.26,3049269.98,526,14,540,Tier 3,1,0
PRJ-3488,Energy,Europe,DE,3202012,3921432.12,324416.45,481137.66,3526428.45,4402569.77,447,25,472,Tier 3,1,1
PRJ-3489,Install,Asia,CN,2485851,2976139.08,371393.57,394192.33,2857244.57,3370331.41,1496,230,1726,Tier 3,1,1
PRJ-3490,Energy,South America,BR,615482,951404.42,120739.82,151437.69,736221.82,1102842.11,1365,179,1544,Tier 4,6,3
PRJ-3491,Service,Africa,EG,2006153,2492627.34,102767.6,142542.7,2108920.6,2635170.04,959,46,1005,Tier 3,2,1
PRJ-3492,Energy,Africa,EG,606020,660806.17,36299.32,42816.97,642319.32,703623.13,1516,222,1738,Tier 4,0,0
PRJ-3493,Service,Europe,FR,2806555,2952661.76,459868.74,622454.72,3266423.74,3575116.47,1821,0,1821,Tier 3,4,0
PRJ-3494,Energy,North America,US,349574,627887.04,8020.03,8500.35,357594.03,636387.4,92,6,98,Tier 4,5,1
PRJ-3495,Install,Africa,EG,662966,936833.4,198589.43,229351.67,861555.43,1166185.07,1439,183,1622,Tier 4,8,1
PRJ-3496,Energy,Europe,FR,3403858,3004100.42,717456.88,756964.65,4121314.88,3761065.08,1318,132,1450,Tier 3,2,1
PRJ-3497,Install,Europe,DE,4786937,7443596.77,285265.34,388303.52,5072202.34,7831900.29,1210,173,1383,Tier 2,6,1
PRJ-3498,Energy,North America,US,4341389,3480139.11,858919.18,1246720.2,5200308.18,4726859.31,1385,192,1577,Tier 2,8,6
PRJ-3499,Install,Africa,ZA,901986,911175.18,116135.74,149718.19,1018121.74,1060893.37,919,41,960,Tier 3,2,1
PRJ-3500,Energy,Europe,FR,365194,548926.33,10494.05,12265.69,375688.05,561192.02,378,47,425,Tier 4,5,4
PRJ-3501,Energy,Oceania,NZ,4424568,7326622.38,658031.01,903645.25,5082599.01,8230267.63,632,46,678,Tier 2,5,2
PRJ-3502,Service,Europe,FR,647714,578694.21,13678.75,17283.77,661392.75,595977.98,1426,209,1635,Tier 4,6,6
PRJ-3503,Install,Oceania,AU,2722515,3590459.25,14480.59,14945.32,2736995.59,3605404.57,235,31,266,Tier 3,3,1
PRJ-3504,Energy,Oceania,AU,1713999,1553047.07,250592.7,358163.74,1964591.7,1911210.81,1426,139,1565,Tier 3,2,2
PRJ-3505,Install,North America,US,217931,273934.53,17681.14,26476.74,235612.14,300411.27,107,17,124,Tier 5,2,1
PRJ-3506,Service,Africa,EG,3446080,2873435.41,53541.64,71084.51,3499621.64,2944519.92,1719,338,2057,Tier 3,0,0
PRJ-3507,Install,Europe,FR,3162512,2878210.32,716019.65,1069444.12,3878531.65,3947654.44,1563,180,1743,Tier 3,10,5
PRJ-3508,Energy,Oceania,NZ,2258589,3109966.25,37907,46975.35,2296496,3156941.59,237,36,273,Tier 3,4,3
PRJ-3509,Service,South America,BR,4636142,2966122.61,617238.4,885570.12,5253380.4,3851692.73,1677,187,1864,Tier 2,1,0
PRJ-3510,Energy,Africa,ZA,4649413,7104855.17,1334517.68,1525308.61,5983930.68,8630163.78,1673,187,1860,Tier 2,9,6
PRJ-3511,Energy,Oceania,AU,2934923,2012165.25,184530.52,211886.94,3119453.52,2224052.19,620,57,677,Tier 3,4,0
PRJ-3512,Energy,North America,MX,2496226,3278323.86,74583.53,94042.79,2570809.53,3372366.65,753,75,828,Tier 3,9,0
PRJ-3513,Service,Asia,CN,293096,275624.88,31294.98,34506.58,324390.98,310131.46,449,29,478,Tier 4,4,3
PRJ-3514,Service,South America,BR,1470129,1542875.11,148478.44,183848.96,1618607.44,1726724.07,1448,170,1618,Tier 3,0,0
PRJ-3515,Energy,Asia,CN,438894,460332.94,56736.09,83168.89,495630.09,543501.82,889,66,955,Tier 4,8,5
PRJ-3516,Service,Europe,FR,400713,449236.88,36223.69,51786.47,436936.69,501023.35,436,6,442,Tier 4,0,0
PRJ-3517,Install,Europe,FR,196628,264486.62,49592.14,51530.74,246220.14,316017.36,250,10,260,Tier 5,9,0
PRJ-3518,Install,Africa,EG,4247513,5948758.25,404576.03,510158.28,4652089.03,6458916.53,1326,18,1344,Tier 3,5,3
PRJ-3519,Install,South America,BR,3616858,4184900.29,665384.36,995211.6,4282242.36,5180111.89,1446,74,1520,Tier 3,2,1
PRJ-3520,Install,Asia,CN,2958605,4012491.8,300833.41,443463.77,3259438.41,4455955.57,427,64,491,Tier 3,3,2
PRJ-3521,Energy,Europe,DE,1197847,1759403.81,54366.72,60237.79,1252213.72,1819641.6,1044,68,1112,Tier 3,10,6
PRJ-3522,Energy,North America,MX,3827372,5180054.2,829227.02,1053043.62,4656599.02,6233097.82,633,79,712,Tier 3,9,3
PRJ-3523,Energy,Africa,EG,2139351,2796662.65,91033.42,129512.75,2230384.42,2926175.4,198,39,237,Tier 3,1,1
PRJ-3524,Service,Africa,EG,1383103,2259336.81,249213.06,270366.61,1632316.06,2529703.42,923,24,947,Tier 3,6,4
PRJ-3525,Energy,South America,BR,889973,927554.15,158603.75,171114.76,1048576.75,1098668.91,565,43,608,Tier 3,8,7
PRJ-3526,Install,Asia,JP,4448061,6613247.51,813434.77,1031196.2,5261495.77,7644443.71,1502,77,1579,Tier 2,3,0
PRJ-3527,Install,Europe,DE,3355066,3425682.1,433896.13,510179.39,3788962.13,3935861.48,974,81,1055,Tier 3,2,1
PRJ-3528,Energy,Asia,JP,2515196,3316376.79,323865.85,483774.1,2839061.85,3800150.89,650,93,743,Tier 3,7,7
PRJ-3529,Energy,South America,AR,2703612,2669739.28,579078.91,829347.94,3282690.91,3499087.22,912,33,945,Tier 3,7,7
PRJ-3530,Energy,Oceania,NZ,3989444,3176867.35,290833.46,388868.84,4280277.46,3565736.18,1026,14,1040,Tier 3,3,3
PRJ-3531,Install,Europe,FR,2010433,1391110.03,145970.52,176288.71,2156403.52,1567398.74,879,79,958,Tier 3,2,2
PRJ-3532,Energy,Europe,FR,2130585,1761160.6,13006.02,13278.05,2143591.02,1774438.65,200,33,233,Tier 3,10,10
PRJ-3533,Install,Asia,JP,2981796,2145936.98,48103.39,64132.08,3029899.39,2210069.06,294,32,326,Tier 3,2,0
PRJ-3534,Energy,South America,BR,2091376,2879713.92,108457.36,144562.67,2199833.36,3024276.58,1772,114,1886,Tier 3,6,2
PRJ-3535,Service,Africa,ZA,1514385,2380642.66,8183.14,10251.5,1522568.14,2390894.17,158,25,183,Tier 3,1,1
PRJ-3536,Service,North America,US,70328,62574.18,9192.57,10540.88,79520.57,73115.07,620,58,678,Tier 5,5,5
PRJ-3537,Energy,Asia,CN,1039581,1089830.56,115697.63,119742.56,1155278.63,1209573.12,999,58,1057,Tier 3,9,6
PRJ-3538,Energy,Africa,ZA,3160782,5317318.02,526946.5,782765.86,3687728.5,6100083.88,1505,51,1556,Tier 3,0,0
PRJ-3539,Install,Africa,ZA,3436101,4342360.81,767875.62,1123463.36,4203976.62,5465824.16,334,51,385,Tier 3,5,4
PRJ-3540,Energy,North America,MX,4614752,4512885.56,1223460.69,1600485.25,5838212.69,6113370.82,1563,238,1801,Tier 2,7,4
PRJ-3541,Install,North America,MX,3434550,2572533.32,870842.86,1068834.55,4305392.86,3641367.87,1455,167,1622,Tier 3,9,3
PRJ-3542,Energy,Asia,CN,2188331,2506512.55,8436.02,11409.11,2196767.02,2517921.66,480,3,483,Tier 3,5,5
PRJ-3543,Service,South America,AR,1285739,1259105.54,277403.7,279677.65,1563142.7,1538783.19,1663,236,1899,Tier 3,2,0
PRJ-3544,Install,Asia,CN,3063895,4202290.09,546763.2,550194.55,3610658.2,4752484.64,687,68,755,Tier 3,4,4
PRJ-3545,Install,Asia,CN,970952,1202441.78,30841.96,36688.21,1001793.96,1239129.99,54,4,58,Tier 3,4,1
PRJ-3546,Install,Oceania,NZ,3818417,6407691.77,366715.75,494006.64,4185132.75,6901698.41,145,21,166,Tier 3,5,4
PRJ-3547,Service,Oceania,NZ,84273,64895.37,21543.54,21719.91,105816.54,86615.28,54,2,56,Tier 5,9,0
PRJ-3548,Install,Europe,FR,73317,68981.95,4035.33,4223.21,77352.33,73205.15,1665,300,1965,Tier 5,9,0
PRJ-3549,Service,Africa,EG,3723025,5994549.61,782579.76,1121211.22,4505604.76,7115760.83,489,79,568,Tier 3,9,6
PRJ-3550,Service,Europe,DE,2461856,3678354.89,726788.33,938596.16,3188644.33,4616951.05,505,93,598,Tier 3,7,0
PRJ-3551,Energy,North America,US,4031886,2609091.79,736351.72,904359.86,4768237.72,3513451.65,485,70,555,Tier 3,0,0
PRJ-3552,Energy,Asia,JP,1139427,1575250.74,189356.65,238611.53,1328783.65,1813862.27,731,57,788,Tier 3,0,0
PRJ-3553,Install,Africa,EG,3537204,5398250.99,936249.13,1389031.4,4473453.13,6787282.39,687,86,773,Tier 3,8,7
PRJ-3554,Install,Asia,JP,1141331,850457.53,333741.76,411763.96,1475072.76,1262221.5,1206,41,1247,Tier 3,4,3
PRJ-3555,Energy,Oceania,NZ,4577562,4459693.97,428763.55,588923.19,5006325.55,5048617.17,777,12,789,Tier 2,9,6
PRJ-3556,Install,Europe,DE,4517526,7737024.35,534953.19,536665.63,5052479.19,8273689.97,1384,84,1468,Tier 2,1,0
PRJ-3557,Service,North America,US,3666270,3295854.47,975674.01,1125341.84,4641944.01,4421196.31,1360,17,1377,Tier 3,6,0
PRJ-3558,Energy,Europe,FR,3990995,5795608.76,598083.36,738791.48,4589078.36,6534400.23,985,93,1078,Tier 3,2,2
PRJ-3559,Install,North America,MX,2034175,3361621.71,134969.34,188829.14,2169144.34,3550450.85,1675,41,1716,Tier 3,7,5
PRJ-3560,Install,Africa,ZA,2241798,2044995.15,324326.74,459189.14,2566124.74,2504184.29,636,94,730,Tier 3,9,9
PRJ-3561,Service,South America,BR,2846789,4060016.14,383101.27,479932.3,3229890.27,4539948.44,1824,59,1883,Tier 3,6,3
PRJ-3562,Install,North America,MX,4441315,5620365.6,1242517.13,1520493.5,5683832.13,7140859.1,1663,249,1912,Tier 2,8,1
PRJ-3563,Install,North America,MX,2648963,1707748.82,257058.47,347135.11,2906021.47,2054883.93,1233,95,1328,Tier 3,4,0
PRJ-3564,Install,South America,BR,1315829,1457361.99,61718.69,66337.18,1377547.69,1523699.16,771,58,829,Tier 3,9,1
PRJ-3565,Service,Europe,FR,255323,424991.17,48697.61,62656.21,304020.61,487647.37,1778,323,2101,Tier 4,5,5
PRJ-3566,Install,Africa,EG,1780298,1482070.52,82130.84,118665.74,1862428.84,1600736.26,1187,225,1412,Tier 3,8,1
PRJ-3567,Service,Oceania,AU,980256,910227.08,37188.89,39957.18,1017444.89,950184.26,505,11,516,Tier 3,10,6
PRJ-3568,Service,South America,AR,1165367,1285259.91,120237.22,132514.85,1285604.22,1417774.77,1082,56,1138,Tier 3,8,0
PRJ-3569,Service,Oceania,AU,442424,731998.94,47732.72,55558.84,490156.72,787557.78,634,27,661,Tier 4,1,1
PRJ-3570,Energy,Asia,JP,920124,1370365.4,249142.72,365425.7,1169266.72,1735791.1,443,38,481,Tier 3,3,1
PRJ-3571,Service,South America,AR,2914489,4028505.27,782673.13,1023802.75,3697162.13,5052308.02,1218,114,1332,Tier 3,1,1
PRJ-3572,Service,North America,MX,646246,838338.5,170656.87,205556.8,816902.87,1043895.3,1305,228,1533,Tier 4,0,0
PRJ-3573,Service,North America,US,956443,798395.47,68575.65,79807.31,1025018.65,878202.78,261,40,301,Tier 3,8,5
PRJ-3574,Install,South America,BR,4202623,3676278.97,963636.67,1120356.95,5166259.67,4796635.92,1637,24,1661,Tier 2,5,1
PRJ-3575,Install,Asia,JP,2650954,2721621.39,24825.47,28486.62,2675779.47,2750108.01,1613,109,1722,Tier 3,0,0
PRJ-3576,Install,Oceania,NZ,3191527,5702738.09,445139.57,520546.96,3636666.57,6223285.05,463,71,534,Tier 3,2,0
PRJ-3577,Install,South America,BR,3592122,2285018.93,834980.89,1050292.69,4427102.89,3335311.61,401,44,445,Tier 3,1,1
PRJ-3578,Service,South America,AR,1784614,2616934.06,508676.48,561280.49,2293290.48,3178214.55,1099,128,1227,Tier 3,3,1
PRJ-3579,Service,Africa,EG,1922132,2600870.68,143229.13,185901.12,2065361.13,2786771.8,1608,54,1662,Tier 3,5,2
PRJ-3580,Service,South America,AR,817247,1113448.47,13389.1,16778.56,830636.1,1130227.03,1484,81,1565,Tier 4,6,0
PRJ-3581,Energy,North America,MX,1617392,1622876.61,452045,651864.54,2069437,2274741.15,704,22,726,Tier 3,2,0
PRJ-3582,Install,Oceania,NZ,2352658,3466385.83,296903.15,366698.41,2649561.15,3833084.24,1312,47,1359,Tier 3,3,1
PRJ-3583,Install,Africa,ZA,59355,46778.59,1408.81,2023.88,60763.81,48802.48,558,87,645,Tier 5,0,0
PRJ-3584,Service,South America,BR,4531502,5860563.46,1278766.32,1607364.81,5810268.32,7467928.27,206,32,238,Tier 2,2,2
PRJ-3585,Energy,South America,AR,1626674,2904274.39,452627.14,465488.96,2079301.14,3369763.34,326,8,334,Tier 3,6,3
PRJ-3586,Energy,North America,MX,2344025,3692135.33,603065.34,724581.18,2947090.34,4416716.51,57,2,59,Tier 3,7,7
PRJ-3587,Install,Asia,JP,4022289,3614945.34,350678.61,386439.92,4372967.61,4001385.26,1484,165,1649,Tier 3,6,2
PRJ-3588,Energy,South America,BR,1782805,1909306.58,128749.82,174922.15,1911554.82,2084228.73,1354,170,1524,Tier 3,5,0
PRJ-3589,Install,Africa,EG,3527926,3361202.51,521339.27,599012.56,4049265.27,3960215.07,1357,207,1564,Tier 3,2,2
PRJ-3590,Service,North America,US,250765,185948.23,12269.51,14669.98,263034.51,200618.2,370,22,392,Tier 4,2,1
PRJ-3591,Service,Oceania,AU,3242990,3237606.89,880188.64,916837.68,4123178.64,4154444.57,1174,124,1298,Tier 3,1,0
PRJ-3592,Energy,South America,BR,1888945,2008642.87,315515.02,459780.95,2204460.02,2468423.82,1363,206,1569,Tier 3,4,4
PRJ-3593,Energy,Europe,FR,1155593,971806.09,153386.67,162132.34,1308979.67,1133938.43,71,11,82,Tier 3,4,3
PRJ-3594,Service,North America,US,2864561,2870556.44,338740.19,499460.94,3203301.19,3370017.38,547,23,570,Tier 3,9,7
PRJ-3595,Service,North America,US,1195675,1962103.1,230414.71,263638.26,1426089.71,2225741.36,385,27,412,Tier 3,9,4
PRJ-3596,Energy,South America,AR,1736234,2661451.68,351232.37,432807.56,2087466.37,3094259.24,1248,106,1354,Tier 3,9,1
PRJ-3597,Energy,North America,US,867976,560667.68,147782.48,153496.8,1015758.48,714164.48,1579,161,1740,Tier 3,2,2
PRJ-3598,Service,North America,MX,899766,1008414.3,247450.35,308974.72,1147216.35,1317389.02,1813,295,2108,Tier 3,4,0
PRJ-3599,Service,Europe,DE,1225693,1360914,137030.12,141473.31,1362723.12,1502387.31,777,0,777,Tier 3,9,0
PRJ-3600,Install,North America,US,555992,478930.4,101525.77,150751.34,657517.77,629681.74,743,27,770,Tier 4,8,6
PRJ-3601,Service,Europe,FR,2505110,2285176.95,8077.23,9874.77,2513187.23,2295051.72,919,22,941,Tier 3,10,1
PRJ-3602,Energy,Africa,EG,4853016,6065310.54,976775.54,1012541.46,5829791.54,7077852.01,840,9,849,Tier 2,3,2
PRJ-3603,Install,North America,US,3520206,4000874.15,384977.27,519003.56,3905183.27,4519877.71,1549,15,1564,Tier 3,4,2
PRJ-3604,Energy,Africa,ZA,2559380,3856213.02,679246.14,948068.71,3238626.14,4804281.73,461,22,483,Tier 3,4,1
PRJ-3605,Service,Africa,EG,3902045,2950158.93,413969.17,520082.71,4316014.17,3470241.64,1700,131,1831,Tier 3,10,10
PRJ-3606,Service,Europe,DE,4690760,4318145.6,1133236.49,1197031.42,5823996.49,5515177.02,1780,131,1911,Tier 2,4,3
PRJ-3607,Service,Africa,ZA,2431810,4152113.23,554417.24,646462.54,2986227.24,4798575.78,786,46,832,Tier 3,7,6
PRJ-3608,Service,Europe,DE,4383979,7043463.17,753876.57,1069435.02,5137855.57,8112898.19,645,2,647,Tier 2,3,0
PRJ-3609,Energy,Oceania,NZ,1289713,1796437.8,136739.22,149758.6,1426452.22,1946196.4,218,18,236,Tier 3,4,0
PRJ-3610,Service,South America,BR,4592572,7525123.92,1218883.83,1376288.63,5811455.83,8901412.55,318,10,328,Tier 2,2,1
PRJ-3611,Install,Africa,EG,1919440,2858006.72,217308.95,312162.57,2136748.95,3170169.28,607,7,614,Tier 3,6,3
PRJ-3612,Service,North America,US,601430,1009445.19,83148.3,89014.07,684578.3,1098459.25,772,33,805,Tier 4,10,5
PRJ-3613,Install,Asia,CN,2938329,2490997.03,146530.58,167738.39,3084859.58,2658735.41,110,21,131,Tier 3,9,1
PRJ-3614,Install,Europe,FR,3402022,3917927.08,69779.75,102376.93,3471801.75,4020304,778,153,931,Tier 3,5,3
PRJ-3615,Energy,Oceania,NZ,567072,710781.88,18257.58,24260.16,585329.58,735042.05,1182,44,1226,Tier 4,6,4
PRJ-3616,Install,Europe,DE,2847818,4357208.98,833521.89,1011200.76,3681339.89,5368409.74,234,12,246,Tier 3,7,5
PRJ-3617,Energy,Asia,JP,4340355,6368129.35,189850.9,233754.45,4530205.9,6601883.81,878,13,891,Tier 3,1,0
PRJ-3618,Energy,Asia,CN,4908721,4704013.67,1258616.25,1481217.53,6167337.25,6185231.19,1725,202,1927,Tier 2,10,1
PRJ-3619,Install,Oceania,NZ,1184566,1386396.24,248581.8,268203.97,1433147.8,1654600.21,525,76,601,Tier 3,9,4
PRJ-3620,Install,Europe,DE,2694778,4454748.94,563878.56,764294.4,3258656.56,5219043.34,708,106,814,Tier 3,8,0
PRJ-3621,Energy,North America,MX,3192038,2520215.59,387004.62,404298.28,3579042.62,2924513.87,793,125,918,Tier 3,2,1
PRJ-3622,Energy,North America,US,659805,550234.13,36203,36857.29,696008,587091.42,1365,259,1624,Tier 4,5,5
PRJ-3623,Install,South America,AR,4443298,5821386.01,249349.69,347609.52,4692647.69,6168995.53,1335,50,1385,Tier 3,6,0
PRJ-3624,Service,South America,AR,673063,1171915.38,13879.89,17654.62,686942.89,1189570,119,5,124,Tier 4,3,1
PRJ-3625,Install,Africa,EG,3630279,2403045.33,271248.64,306715.17,3901527.64,2709760.5,983,172,1155,Tier 3,3,1
PRJ-3626,Service,Europe,DE,4577331,5289572.7,159685.8,212594.93,4737016.8,5502167.63,239,25,264,Tier 3,10,4
PRJ-3627,Energy,Africa,ZA,2790087,4161281.36,29189.09,43617.83,2819276.09,4204899.19,1697,298,1995,Tier 3,3,0
PRJ-3628,Energy,Africa,EG,4161793,3107661.74,903985.18,1258688.98,5065778.18,4366350.72,371,56,427,Tier 2,7,5
PRJ-3629,Service,Asia,CN,4423264,4288021.36,1320579.61,1482712.77,5743843.61,5770734.13,1770,70,1840,Tier 2,5,4
PRJ-3630,Install,Oceania,NZ,3708426,2612014.85,1038177.26,1307412.07,4746603.26,3919426.92,1177,206,1383,Tier 3,2,0
PRJ-3631,Install,Asia,JP,977868,851896.44,173938.61,209144.81,1151806.61,1061041.25,1802,107,1909,Tier 3,6,1
PRJ-3632,Energy,South America,AR,2522271,1612084.75,329764.87,403107.26,2852035.87,2015192.01,421,13,434,Tier 3,2,2
PRJ-3633,Service,Asia,CN,774805,1227753,125150.36,168601.34,899955.36,1396354.34,540,81,621,Tier 4,1,0
PRJ-3634,Install,Asia,CN,4590042,3833137.79,818645.8,1095359.85,5408687.8,4928497.64,1239,141,1380,Tier 2,3,3
PRJ-3635,Energy,Africa,EG,859997,862286.23,38354.28,45274.73,898351.28,907560.97,1231,158,1389,Tier 4,6,3
PRJ-3636,Service,Europe,FR,240963,261357.11,40276.38,42130.48,281239.38,303487.59,859,8,867,Tier 4,8,0
PRJ-3637,Energy,Asia,CN,3535924,2167073.86,713451.77,880644.13,4249375.77,3047717.99,187,3,190,Tier 3,7,1
PRJ-3638,Install,North America,US,1985385,3198098.32,395679.15,504141.38,2381064.15,3702239.7,1458,7,1465,Tier 3,6,1
PRJ-3639,Energy,Europe,DE,351212,560607.4,103692.73,149077.34,454904.73,709684.75,1712,124,1836,Tier 4,6,4
PRJ-3640,Install,North America,US,2138134,1645528.53,377151.98,503997.21,2515285.98,2149525.75,546,65,611,Tier 3,4,2
PRJ-3641,Service,Europe,FR,4739793,3601366.6,1270631.1,1793368.41,6010424.1,5394735.01,1810,324,2134,Tier 2,0,0
PRJ-3642,Service,Europe,DE,4078029,3018695.18,1220620.38,1257424.45,5298649.38,4276119.63,633,9,642,Tier 2,5,2
PRJ-3643,Install,South America,AR,2896497,3445143.05,630185.86,885228.09,3526682.86,4330371.14,1271,55,1326,Tier 3,9,9
PRJ-3644,Install,South America,BR,756643,1146084.81,148799.71,154950.57,905442.71,1301035.37,1508,135,1643,Tier 4,2,0
PRJ-3645,Install,South America,BR,4220307,4543353.13,679719.92,728533.63,4900026.92,5271886.76,163,6,169,Tier 3,8,1
PRJ-3646,Energy,Europe,FR,993024,642586.71,23633.76,29899.59,1016657.76,672486.3,346,12,358,Tier 3,7,0
PRJ-3647,Energy,Africa,ZA,1162819,1892355.88,25513.58,35792.07,1188332.58,1928147.95,302,5,307,Tier 3,8,7
PRJ-3648,Install,North America,US,3239758,4672453.28,836445.64,936933.17,4076203.64,5609386.45,1214,81,1295,Tier 3,5,3
PRJ-3649,Energy,North America,US,82698,85500.5,9295.69,11960.92,91993.69,97461.42,1415,50,1465,Tier 5,1,0
PRJ-3650,Energy,Oceania,AU,4297562,5950888.86,223553.21,279740.57,4521115.21,6230629.44,1424,184,1608,Tier 3,7,4
PRJ-3651,Energy,South America,BR,496453,391081.52,90846.48,119671.6,587299.48,510753.12,926,7,933,Tier 4,9,6
PRJ-3652,Energy,Europe,DE,4878824,7885228.62,1258182.92,1576068.46,6137006.92,9461297.08,37,1,38,Tier 2,0,0
PRJ-3653,Energy,Oceania,NZ,1134455,785326.43,286831.79,297144.75,1421286.79,1082471.19,1809,27,1836,Tier 3,8,3
PRJ-3654,Energy,Asia,JP,159871,145378.97,9611.83,10755.24,169482.83,156134.2,59,1,60,Tier 5,9,2
PRJ-3655,Install,Europe,FR,1834805,2025527.39,395097.56,534708.89,2229902.56,2560236.29,86,15,101,Tier 3,8,3
PRJ-3656,Install,Africa,EG,4750480,5831458.48,1420382.29,1988390.11,6170862.29,7819848.59,94,4,98,Tier 2,2,1
PRJ-3657,Service,Africa,EG,4054867,3939790.56,714600.94,743848.18,4769467.94,4683638.74,1660,3,1663,Tier 3,9,2
PRJ-3658,Install,Europe,FR,2500004,2552880.3,210723.83,230515.83,2710727.83,2783396.14,1183,105,1288,Tier 3,4,4
PRJ-3659,Energy,Africa,ZA,108186,179222.92,32357.09,44654.37,140543.09,223877.29,1730,39,1769,Tier 5,10,7
PRJ-3660,Install,North America,US,3301575,3024604,611648.17,836191.45,3913223.17,3860795.45,797,39,836,Tier 3,10,8
PRJ-3661,Energy,Europe,DE,2779583,3410291.26,496750,726813.95,3276333,4137105.21,1633,316,1949,Tier 3,5,1
PRJ-3662,Service,Africa,EG,1166057,924468.11,57417.58,66715.93,1223474.58,991184.03,1043,30,1073,Tier 3,5,3
PRJ-3663,Energy,Oceania,AU,4159878,7472155.19,133746.35,198089.77,4293624.35,7670244.96,1004,182,1186,Tier 3,1,0
PRJ-3664,Install,South America,BR,1781358,2495075.02,184422.88,190950.41,1965780.88,2686025.43,243,0,243,Tier 3,6,2
PRJ-3665,Install,Oceania,AU,2111486,3588798.02,361516.45,458150.56,2473002.45,4046948.58,546,101,647,Tier 3,9,5
PRJ-3666,Service,Oceania,AU,4757190,5072446.27,662813.45,856765.84,5420003.45,5929212.11,306,49,355,Tier 2,5,2
PRJ-3667,Install,Africa,EG,785389,1364463.3,186573.32,207138.68,971962.32,1571601.97,925,86,1011,Tier 4,6,1
PRJ-3668,Service,North America,US,1680218,2565895.01,194747.67,245344.36,1874965.67,2811239.37,1077,182,1259,Tier 3,10,4
PRJ-3669,Energy,North America,MX,2297222,1689604.73,66585.77,88823.64,2363807.77,1778428.37,1601,172,1773,Tier 3,8,6
PRJ-3670,Energy,Europe,FR,138319,180138.83,8481.5,10127.12,146800.5,190265.94,1788,72,1860,Tier 5,9,6
PRJ-3671,Service,Oceania,AU,2557409,2760343.92,40045.07,58619.86,2597454.07,2818963.78,1183,63,1246,Tier 3,1,1
PRJ-3672,Energy,Europe,FR,84843,83926.45,19900.31,22982.46,104743.31,106908.91,556,12,568,Tier 5,9,0
PRJ-3673,Energy,Africa,ZA,677580,571630.06,151483.96,162170.64,829063.96,733800.69,354,57,411,Tier 4,3,1
PRJ-3674,Energy,North America,MX,4648755,8302448.57,1171423.1,1232009.49,5820178.1,9534458.05,496,74,570,Tier 2,5,3
PRJ-3675,Energy,North America,US,2681620,2177460.56,224273.97,304832.08,2905893.97,2482292.64,1808,66,1874,Tier 3,4,1
PRJ-3676,Energy,North America,MX,1960936,2180947.27,191772.44,218597.61,2152708.44,2399544.89,25,1,26,Tier 3,10,1
PRJ-3677,Install,Asia,JP,4655200,6484479.68,894081.99,1101912.13,5549281.99,7586391.81,568,0,568,Tier 2,4,4
PRJ-3678,Service,North America,US,4833670,6438377.27,594439.74,873908.67,5428109.74,7312285.94,906,49,955,Tier 2,1,0
PRJ-3679,Service,Oceania,NZ,2771311,2066556.49,618496.61,713335.11,3389807.61,2779891.59,1706,162,1868,Tier 3,7,1
PRJ-3680,Install,North America,US,896425,1319955.19,75353.42,107524.88,971778.42,1427480.07,1127,23,1150,Tier 4,8,6
PRJ-3681,Service,South America,AR,2948705,2742504.85,504146.97,734836.23,3452851.97,3477341.07,1670,247,1917,Tier 3,5,2
PRJ-3682,Energy,Africa,EG,2621457,2365362.95,312394.13,323214.93,2933851.13,2688577.88,1224,219,1443,Tier 3,5,3
PRJ-3683,Install,Asia,JP,1218858,1939707.44,216591.91,303206.7,1435449.91,2242914.14,384,46,430,Tier 3,8,1
PRJ-3684,Install,Asia,JP,1247020,852306.33,170134.69,191803.99,1417154.69,1044110.32,43,2,45,Tier 3,8,8
PRJ-3685,Energy,Asia,JP,2632680,4619474.08,537431.73,697383.33,3170111.73,5316857.4,771,142,913,Tier 3,1,0
PRJ-3686,Install,Oceania,AU,3342550,2603818.7,474409.1,565332.85,3816959.1,3169151.55,180,21,201,Tier 3,6,0
PRJ-3687,Install,North America,US,4810637,3851028.04,711110.76,1047278.49,5521747.76,4898306.53,1424,13,1437,Tier 2,9,1
PRJ-3688,Energy,Asia,CN,1199091,1272721.52,187867.83,262422.98,1386958.83,1535144.5,801,101,902,Tier 3,2,2
PRJ-3689,Service,Africa,ZA,3365101,2856675.41,226842.01,274788.64,3591943.01,3131464.05,46,8,54,Tier 3,0,0
PRJ-3690,Energy,South America,BR,2928137,2153208.72,831277.37,905458.17,3759414.37,3058666.89,1077,196,1273,Tier 3,7,7
PRJ-3691,Energy,South America,AR,637325,1049922.79,148256.7,181595.31,785581.7,1231518.1,1315,244,1559,Tier 4,2,0
PRJ-3692,Energy,South America,AR,503824,571519.94,92173.07,103080.68,595997.07,674600.63,269,32,301,Tier 4,4,2
PRJ-3693,Install,Africa,EG,117075,179535.64,10827.74,11160.79,127902.74,190696.43,1404,14,1418,Tier 5,4,3
PRJ-3694,Install,Asia,JP,3198776,3334964.14,460221.76,665724.25,3658997.76,4000688.4,849,0,849,Tier 3,9,6
PRJ-3695,Service,Africa,EG,1869645,2912204.93,477059.84,546648.64,2346704.84,3458853.57,835,51,886,Tier 3,8,2
PRJ-3696,Service,North America,US,3390855,4631717.45,951708,1208683.51,4342563,5840400.96,563,69,632,Tier 3,10,0
PRJ-3697,Energy,North America,US,3114306,4601744.48,772610.12,1047133.01,3886916.12,5648877.49,1621,292,1913,Tier 3,10,4
PRJ-3698,Service,Asia,CN,4074445,4026732.09,83484.08,93467.79,4157929.08,4120199.88,1172,50,1222,Tier 3,9,1
PRJ-3699,Energy,Europe,DE,2224159,3123161.44,266813.36,269604.78,2490972.36,3392766.21,173,23,196,Tier 3,10,0
PRJ-3700,Energy,South America,BR,2765810,2724991.19,400887.86,427844.98,3166697.86,3152836.17,1076,89,1165,Tier 3,8,6
PRJ-3701,Energy,Europe,DE,2782330,1873414.12,350332.26,522234.72,3132662.26,2395648.83,773,145,918,Tier 3,6,6
PRJ-3702,Energy,North America,US,3613409,5911801.89,113353.12,141211.87,3726762.12,6053013.76,1031,53,1084,Tier 3,3,3
PRJ-3703,Install,North America,US,1866611,1479344.63,314139.54,354715.75,2180750.54,1834060.37,1007,160,1167,Tier 3,6,2
PRJ-3704,Service,South America,AR,3018003,4645747.09,710759.41,970393.3,3728762.41,5616140.38,417,79,496,Tier 3,3,3
PRJ-3705,Service,Oceania,NZ,2517695,4245369.18,565478.33,844353.45,3083173.33,5089722.63,244,33,277,Tier 3,7,0
PRJ-3706,Install,Africa,ZA,2745791,1698588.98,540085.7,625041.23,3285876.7,2323630.21,1658,161,1819,Tier 3,9,6
PRJ-3707,Install,Oceania,NZ,4272259,6290606.95,677005.52,733898.09,4949264.52,7024505.04,26,0,26,Tier 3,8,5
PRJ-3708,Energy,North America,US,4913167,7660245.17,147307.45,176852.87,5060474.45,7837098.03,1031,122,1153,Tier 2,7,6
PRJ-3709,Service,Oceania,NZ,1041182,1225603.98,43410.69,50194.57,1084592.69,1275798.55,1623,283,1906,Tier 3,10,2
PRJ-3710,Energy,South America,BR,1857926,1391291.63,540925.27,790883.18,2398851.27,2182174.82,1354,91,1445,Tier 3,1,0
PRJ-3711,Energy,Oceania,NZ,2805115,2043443.21,258292.09,271385.58,3063407.09,2314828.78,1313,34,1347,Tier 3,6,5
PRJ-3712,Service,North America,US,2896811,4404462.6,787886.64,1118102.31,3684697.64,5522564.92,398,59,457,Tier 3,5,4
PRJ-3713,Service,South America,AR,738729,638312.67,71960.55,83356.4,810689.55,721669.07,1278,1,1279,Tier 4,5,4
PRJ-3714,Energy,Asia,CN,4162418,4171416.03,1243167.89,1387260.91,5405585.89,5558676.94,878,62,940,Tier 2,8,2
PRJ-3715,Service,Africa,ZA,943974,1145477.48,142167.31,154651.15,1086141.31,1300128.63,1753,295,2048,Tier 3,6,0
PRJ-3716,Energy,Asia,CN,1017936,1680430.73,178245.59,211887.29,1196181.59,1892318.01,1564,176,1740,Tier 3,6,2
PRJ-3717,Service,Europe,FR,1492219,1316031.13,281582.38,414174.95,1773801.38,1730206.08,1526,204,1730,Tier 3,10,7
PRJ-3718,Service,Oceania,NZ,3197229,3207093.74,14501.95,20341.69,3211730.95,3227435.43,347,68,415,Tier 3,6,0
PRJ-3719,Service,North America,US,2395335,2315274.24,698829.57,768183.43,3094164.57,3083457.67,1084,126,1210,Tier 3,5,2
PRJ-3720,Install,North America,MX,165366,263591.36,26403.58,34820.74,191769.58,298412.11,1367,159,1526,Tier 5,2,2
PRJ-3721,Energy,Europe,FR,839034,988371.07,10913.55,15157.88,849947.55,1003528.95,1304,50,1354,Tier 4,5,1
PRJ-3722,Install,Asia,JP,3198537,3703650.55,474877.01,532467.91,3673414.01,4236118.46,1388,58,1446,Tier 3,0,0
PRJ-3723,Energy,Oceania,NZ,804875,596100.43,168052.13,168238.41,972927.13,764338.84,677,2,679,Tier 4,8,6
PRJ-3724,Service,Europe,DE,318977,362092.3,42827.3,43116.05,361804.3,405208.34,1723,309,2032,Tier 4,5,1
PRJ-3725,Energy,South America,BR,1836848,1683948.21,449174.57,666855.92,2286022.57,2350804.13,1375,94,1469,Tier 3,7,2
PRJ-3726,Service,South America,AR,540806,928537.11,119343.62,161063.05,660149.62,1089600.16,956,111,1067,Tier 4,10,6
PRJ-3727,Service,Asia,JP,3497103,3828317.53,673167.05,743945.74,4170270.05,4572263.27,83,14,97,Tier 3,2,0
PRJ-3728,Service,Europe,FR,929622,1049095.43,23924.16,35776.13,953546.16,1084871.56,165,6,171,Tier 4,1,0
PRJ-3729,Energy,North America,MX,3812130,4231202.13,364259.88,483399.1,4176389.88,4714601.23,792,105,897,Tier 3,4,2
PRJ-3730,Energy,Europe,FR,675548,1069444.05,165146.96,182762.9,840694.96,1252206.95,208,0,208,Tier 4,9,2
PRJ-3731,Install,North America,MX,1926017,1753963.55,355962.46,419139.93,2281979.46,2173103.48,772,125,897,Tier 3,6,4
PRJ-3732,Install,Oceania,NZ,1995910,2128410.13,385591.07,456418.5,2381501.07,2584828.63,1107,78,1185,Tier 3,6,2
PRJ-3733,Install,Europe,DE,629095,474810.97,119376.48,151009.76,748471.48,625820.73,1609,259,1868,Tier 4,0,0
PRJ-3734,Energy,Asia,CN,1031525,936275.83,17968.35,20281.08,1049493.35,956556.91,212,31,243,Tier 3,0,0
PRJ-3735,Energy,Africa,EG,4466121,4201763.25,693111.46,693566.39,5159232.46,4895329.65,927,44,971,Tier 2,1,1
PRJ-3736,Install,Asia,JP,1063496,940751.54,133851.9,192990.8,1197347.9,1133742.34,674,88,762,Tier 3,3,1
PRJ-3737,Install,North America,US,4470717,7945652.52,1288618.62,1839707.41,5759335.62,9785359.94,616,3,619,Tier 2,7,0
PRJ-3738,Install,Africa,ZA,1183402,1006019.32,63357.33,94954.16,1246759.33,1100973.48,102,15,117,Tier 3,2,1
PRJ-3739,Install,South America,BR,50988,90003.1,15190.83,17060.41,66178.83,107063.51,1418,124,1542,Tier 5,2,1
PRJ-3740,Energy,Africa,EG,295775,439606.95,16493.19,17124.57,312268.19,456731.52,1197,98,1295,Tier 4,1,1
PRJ-3741,Install,Africa,EG,2553665,2230229.73,232338.26,265879.05,2786003.26,2496108.78,217,29,246,Tier 3,4,4
PRJ-3742,Install,Africa,ZA,3492304,4789640.54,1041363.07,1330125.73,4533667.07,6119766.27,36,3,39,Tier 3,0,0
PRJ-3743,Energy,South America,AR,1532341,2058353.2,396104.72,461705.11,1928445.72,2520058.31,1723,26,1749,Tier 3,8,2
PRJ-3744,Service,North America,MX,2286389,3493827.8,108858.48,148334.94,2395247.48,3642162.74,1764,78,1842,Tier 3,4,1
PRJ-3745,Energy,Oceania,AU,3199910,2455462.4,559593.85,666967.42,3759503.85,3122429.82,111,18,129,Tier 3,3,3
PRJ-3746,Service,South America,BR,4858284,7644622.16,78049.31,95891.32,4936333.31,7740513.48,1157,58,1215,Tier 3,0,0
PRJ-3747,Install,Oceania,AU,2943921,3637432.73,729296.06,868207.31,3673217.06,4505640.03,1585,185,1770,Tier 3,7,7
PRJ-3748,Energy,Africa,ZA,2608807,2068814.16,138123.38,164586.59,2746930.38,2233400.75,921,52,973,Tier 3,6,0
PRJ-3749,Energy,North America,US,316010,339203.22,13431.77,16474.7,329441.77,355677.93,231,12,243,Tier 4,4,0
PRJ-3750,Energy,South America,AR,2228321,2828916.31,210272.8,265185.83,2438593.8,3094102.13,144,25,169,Tier 3,4,3
PRJ-3751,Service,Asia,CN,1227201,1694209.34,73241.6,79652.98,1300442.6,1773862.33,382,26,408,Tier 3,0,0
PRJ-3752,Install,Africa,ZA,2398264,2268920.28,250191.72,374339.56,2648455.72,2643259.83,749,54,803,Tier 3,8,7
PRJ-3753,Service,Asia,JP,2663543,4571313.34,727763.96,961502.99,3391306.96,5532816.34,1636,106,1742,Tier 3,3,0
PRJ-3754,Energy,South America,BR,335102,230139,71141.6,104448.68,406243.6,334587.69,1002,22,1024,Tier 4,9,9
PRJ-3755,Service,Africa,EG,3174377,3780503.22,604381.24,712951.66,3778758.24,4493454.88,210,34,244,Tier 3,5,0
PRJ-3756,Energy,Europe,FR,734534,1093665.24,24921.27,25162.56,759455.27,1118827.8,1722,176,1898,Tier 4,10,10
PRJ-3757,Energy,Africa,EG,2685701,3406548.38,165828.44,204381.75,2851529.44,3610930.13,669,126,795,Tier 3,3,3
PRJ-3758,Energy,Oceania,AU,636755,1098960.81,142440.96,192321.14,779195.96,1291281.96,858,136,994,Tier 4,3,3
PRJ-3759,Energy,North America,US,4379826,6564359.45,1299751.96,1554987.28,5679577.96,8119346.73,1089,146,1235,Tier 2,4,4
PRJ-3760,Install,Asia,CN,4149170,7030456.4,338733.28,426291.87,4487903.28,7456748.27,1437,192,1629,Tier 3,2,0
PRJ-3761,Service,Asia,JP,3205952,4788661.02,608686.4,798957.07,3814638.4,5587618.09,987,178,1165,Tier 3,2,1
PRJ-3762,Install,South America,AR,2149651,3475525.88,381720.38,445975.75,2531371.38,3921501.63,784,91,875,Tier 3,4,1
PRJ-3763,Install,Oceania,NZ,2378730,3826249.6,653548.82,923465.54,3032278.82,4749715.14,1502,159,1661,Tier 3,9,9
PRJ-3764,Energy,North America,US,2190163,3810740.98,604287.18,730327.07,2794450.18,4541068.04,1781,313,2094,Tier 3,6,6
PRJ-3765,Energy,North America,US,1780256,1499977.58,259297.14,387106.95,2039553.14,1887084.53,1095,125,1220,Tier 3,7,3
PRJ-3766,Service,Africa,ZA,4899302,6137546.65,1001389.42,1373821.68,5900691.42,7511368.34,653,51,704,Tier 2,0,0
PRJ-3767,Service,Oceania,AU,1391072,2086936.76,244838.04,315540.03,1635910.04,2402476.79,835,151,986,Tier 3,3,1
PRJ-3768,Energy,South America,AR,1810622,1276827.3,352672.02,501377.8,2163294.02,1778205.1,1567,110,1677,Tier 3,4,1
PRJ-3769,Install,North America,MX,1359688,1813121.42,70344.18,104402.7,1430032.18,1917524.12,1819,341,2160,Tier 3,8,3
PRJ-3770,Service,Asia,CN,1802377,2642170.33,234495.44,268110.05,2036872.44,2910280.39,820,37,857,Tier 3,2,0
PRJ-3771,Install,Africa,EG,2365624,2230152.07,102914.55,108590.15,2468538.55,2338742.22,671,78,749,Tier 3,6,3
PRJ-3772,Energy,North America,US,4842888,7505214.77,1188612.66,1590162.55,6031500.66,9095377.31,1304,210,1514,Tier 2,4,2
PRJ-3773,Install,Europe,FR,606007,998069.82,149482.3,207350.3,755489.3,1205420.11,441,70,511,Tier 4,7,5
PRJ-3774,Service,North America,US,3038116,5064256.31,485919.17,566406.4,3524035.17,5630662.71,879,131,1010,Tier 3,9,4
PRJ-3775,Energy,South America,BR,2298249,1389687.44,460462.24,620946.28,2758711.24,2010633.72,1320,250,1570,Tier 3,4,0
PRJ-3776,Energy,South America,BR,250380,305501.13,14417.89,21461.26,264797.89,326962.4,955,166,1121,Tier 4,4,1
PRJ-3777,Service,North America,MX,2753403,2009836.4,203693.38,264947.27,2957096.38,2274783.67,768,144,912,Tier 3,5,4
PRJ-3778,Install,North America,MX,1934856,1835520.24,59365.54,74506.64,1994221.54,1910026.87,1596,14,1610,Tier 3,9,3
PRJ-3779,Energy,Oceania,NZ,3365922,5879644.77,863934.62,1097147.58,4229856.62,6976792.34,554,58,612,Tier 3,4,4
PRJ-3780,Energy,Europe,FR,163461,128850.07,28930.15,34957.68,192391.15,163807.75,342,15,357,Tier 5,1,0
PRJ-3781,Service,Africa,ZA,3233811,3290385.07,400596.79,569174.5,3634407.79,3859559.56,1178,181,1359,Tier 3,5,0
PRJ-3782,Energy,Asia,JP,3286267,2290051.64,554100.16,693643.84,3840367.16,2983695.48,740,0,740,Tier 3,7,0
PRJ-3783,Service,Oceania,AU,2227918,2265696.88,93981.96,116837.11,2321899.96,2382533.99,875,109,984,Tier 3,3,1
PRJ-3784,Service,Africa,ZA,381168,608718.48,79328.65,104632.85,460496.65,713351.33,866,86,952,Tier 4,7,5
PRJ-3785,Service,Europe,DE,2018877,3620380.51,510758.26,641569.68,2529635.26,4261950.19,559,63,622,Tier 3,9,8
PRJ-3786,Install,Oceania,AU,4351831,4458803.74,1283702.39,1587239.07,5635533.39,6046042.81,1624,178,1802,Tier 2,1,0
PRJ-3787,Install,Asia,CN,3889169,6650327.01,407046.01,572735.26,4296215.01,7223062.27,624,6,630,Tier 3,2,0
PRJ-3788,Install,South America,AR,3209945,2394185.42,534956.76,671058.45,3744901.76,3065243.87,523,10,533,Tier 3,6,2
PRJ-3789,Install,South America,BR,152302,273894.38,35593.06,46898.57,187895.06,320792.95,72,3,75,Tier 5,3,1
PRJ-3790,Energy,Africa,EG,2180646,3430099.27,106716.26,109829.2,2287362.26,3539928.47,277,32,309,Tier 3,2,1
PRJ-3791,Install,South America,BR,4075680,5906214.54,372590.62,470933.65,4448270.62,6377148.19,1734,195,1929,Tier 3,8,4
PRJ-3792,Service,South America,AR,4819048,7894113.07,605176.55,760957.87,5424224.55,8655070.94,182,0,182,Tier 2,7,2
PRJ-3793,Service,North America,MX,2699036,2221953.95,241110.13,249816.99,2940146.13,2471770.94,850,65,915,Tier 3,2,0
PRJ-3794,Service,Europe,DE,3237223,3989342.12,729759.04,743221.44,3966982.04,4732563.56,1119,33,1152,Tier 3,6,2
PRJ-3795,Service,Europe,FR,1929396,2152174.63,344078.17,505042.83,2273474.17,2657217.46,313,31,344,Tier 3,6,6
PRJ-3796,Service,Africa,EG,472911,652975.93,104594.68,149473.42,577505.68,802449.35,1248,41,1289,Tier 4,5,1
PRJ-3797,Install,South America,AR,2927830,2364906.18,107169.64,119914.09,3034999.64,2484820.28,895,143,1038,Tier 3,3,0
PRJ-3798,Energy,Africa,ZA,2650066,3730215.54,697418.13,971389.78,3347484.13,4701605.32,987,80,1067,Tier 3,9,8
PRJ-3799,Install,South America,AR,2602209,4471470.77,165799.95,201270.4,2768008.95,4672741.17,1122,120,1242,Tier 3,5,1
PRJ-3800,Energy,Oceania,NZ,3818726,2371886.9,195024.46,259865.71,4013750.46,2631752.61,722,93,815,Tier 3,0,0
PRJ-3801,Service,North America,MX,1727078,1400139.32,294782.63,408797.83,2021860.63,1808937.14,271,22,293,Tier 3,8,5
PRJ-3802,Install,Asia,JP,1060696,1406396.92,21606.18,23349.75,1082302.18,1429746.66,903,139,1042,Tier 3,0,0
PRJ-3803,Service,Asia,JP,4469640,7805399.56,551586.19,676558.26,5021226.19,8481957.81,324,2,326,Tier 2,0,0
PRJ-3804,Install,Africa,EG,4809254,3267118.69,1011882.76,1348101.25,5821136.76,4615219.94,286,53,339,Tier 2,9,1
PRJ-3805,Install,Oceania,NZ,3868037,6940492.03,163313.83,197154.87,4031350.83,7137646.9,1609,131,1740,Tier 3,6,4
PRJ-3806,Energy,Oceania,AU,1374853,1207981.39,167495.96,232686.27,1542348.96,1440667.66,510,38,548,Tier 3,8,7
PRJ-3807,Service,Asia,CN,4519869,7168917.8,233225.35,342792.16,4753094.35,7511709.96,1556,143,1699,Tier 3,0,0
PRJ-3808,Install,Europe,FR,1726101,2111075.33,231888.09,329559.19,1957989.09,2440634.52,1702,307,2009,Tier 3,8,8
PRJ-3809,Install,Asia,CN,2733409,4577695.53,544455.41,566788.64,3277864.41,5144484.17,1443,132,1575,Tier 3,0,0
PRJ-3810,Energy,Africa,EG,2660131,2904599.88,61601.56,72030.81,2721732.56,2976630.69,1295,203,1498,Tier 3,6,1
PRJ-3811,Install,Europe,DE,4179716,3029914.96,207910.49,294838.16,4387626.49,3324753.12,1034,58,1092,Tier 3,5,3
PRJ-3812,Install,South America,AR,3886000,3969469.87,922510.41,933425.34,4808510.41,4902895.21,32,3,35,Tier 3,1,1
PRJ-3813,Service,South America,AR,3053396,2657180.37,457583.47,564614.97,3510979.47,3221795.35,1053,123,1176,Tier 3,7,4
PRJ-3814,Service,Europe,DE,2168370,2254067.34,459561.44,664710.75,2627931.44,2918778.09,228,18,246,Tier 3,7,1
PRJ-3815,Service,South America,BR,598827,822564.46,164426.88,219146.04,763253.88,1041710.5,643,84,727,Tier 4,1,1
PRJ-3816,Energy,South America,BR,725682,673794.25,141754.23,175920.09,867436.23,849714.35,943,117,1060,Tier 4,3,3
PRJ-3817,Install,Europe,DE,2586132,3202356.78,307457.69,366792.37,2893589.69,3569149.15,927,84,1011,Tier 3,4,1
PRJ-3818,Service,Asia,CN,4219223,6849909.99,333979.11,383381.97,4553202.11,7233291.97,802,10,812,Tier 3,4,3
PRJ-3819,Energy,North America,MX,2659868,2684200.85,20693.66,23233.11,2680561.66,2707433.95,893,83,976,Tier 3,9,4
PRJ-3820,Service,Africa,ZA,3248573,2607604.61,563285.63,674888.5,3811858.63,3282493.11,520,63,583,Tier 3,5,1
PRJ-3821,Install,Asia,CN,2206931,2653814.86,640138.59,890157.89,2847069.59,3543972.75,490,50,540,Tier 3,6,2
PRJ-3822,Install,Oceania,AU,2568315,3849811.65,565416.55,614738.44,3133731.55,4464550.09,1736,139,1875,Tier 3,4,2
PRJ-3823,Energy,Oceania,NZ,1405359,1485740.6,157764.75,162325.32,1563123.75,1648065.92,1390,165,1555,Tier 3,2,2
PRJ-3824,Service,Asia,JP,4525207,4844514.37,1041629.38,1091965.57,5566836.38,5936479.93,87,15,102,Tier 2,3,2
PRJ-3825,Energy,South America,AR,4204465,7491800.91,1155918.51,1504313.18,5360383.51,8996114.09,1367,167,1534,Tier 2,4,0
PRJ-3826,Energy,Europe,DE,236320,153628.32,44680.18,64336.28,281000.18,217964.6,1300,4,1304,Tier 4,0,0
PRJ-3827,Install,North America,MX,1671771,1394430.88,413296.06,510725.81,2085067.06,1905156.69,665,34,699,Tier 3,7,2
PRJ-3828,Service,North America,MX,4512343,3485274.48,1073847.55,1584075.79,5586190.55,5069350.27,1197,213,1410,Tier 2,0,0
PRJ-3829,Install,North America,US,1252706,1878218.36,147893.58,207810.17,1400599.58,2086028.53,248,4,252,Tier 3,1,1
PRJ-3830,Energy,Europe,FR,708341,1190499.12,21089.06,27081.33,729430.06,1217580.44,1568,0,1568,Tier 4,4,2
PRJ-3831,Install,Africa,EG,4329047,3391508.36,832374.31,1088350.21,5161421.31,4479858.57,1339,135,1474,Tier 2,1,1
PRJ-3832,Service,South America,BR,636343,699434.86,188133.22,188823.18,824476.22,888258.03,793,74,867,Tier 4,4,2
PRJ-3833,Install,Oceania,AU,3946226,5326804.72,88094.21,89658.01,4034320.21,5416462.72,509,34,543,Tier 3,3,3
PRJ-3834,Install,Africa,EG,3853947,6507209.01,657310.07,859472.63,4511257.07,7366681.64,550,108,658,Tier 3,5,1
PRJ-3835,Service,Asia,CN,3807238,3723621.69,97567.55,125665.79,3904805.55,3849287.48,306,44,350,Tier 3,7,3
PRJ-3836,Energy,Africa,EG,3250984,2160446.68,199830.16,244786.97,3450814.16,2405233.65,1310,22,1332,Tier 3,0,0
PRJ-3837,Energy,Africa,ZA,170946,274926.68,44444.28,58320.57,215390.28,333247.25,1050,139,1189,Tier 5,9,9
PRJ-3838,Service,Africa,EG,3535613,5489411.38,944702.07,1360836.66,4480315.07,6850248.04,409,27,436,Tier 3,7,1
PRJ-3839,Install,South America,AR,3637383,3713838.41,433732.75,499879.24,4071115.75,4213717.65,1118,180,1298,Tier 3,8,5
PRJ-3840,Install,Asia,JP,2983777,5279929.35,417713.51,464677.14,3401490.51,5744606.49,273,29,302,Tier 3,10,9
PRJ-3841,Energy,South America,BR,4923385,7794233.11,1136968.49,1174859.15,6060353.49,8969092.26,475,67,542,Tier 2,6,6
PRJ-3842,Install,Asia,CN,3054086,4775560.02,222063.54,302894.69,3276149.54,5078454.71,1709,264,1973,Tier 3,2,0
PRJ-3843,Service,Africa,ZA,90420,128971.31,14207.27,17425.31,104627.27,146396.62,577,15,592,Tier 5,0,0
PRJ-3844,Service,Europe,FR,3892376,4716700.62,834260.59,1109669.39,4726636.59,5826370.01,154,28,182,Tier 3,8,1
PRJ-3845,Install,Oceania,NZ,3946693,7018242.58,8913.02,8981.42,3955606.02,7027224,1721,18,1739,Tier 3,3,1
PRJ-3846,Install,Asia,JP,201245,309551.46,16927.5,23752.93,218172.5,333304.39,1821,285,2106,Tier 5,4,3
PRJ-3847,Service,Africa,ZA,4580392,5419766.83,1195095.98,1791233,5775487.98,7210999.83,551,85,636,Tier 2,4,0
PRJ-3848,Service,North America,US,905385,879171.83,198022.42,234329.41,1103407.42,1113501.24,1785,65,1850,Tier 3,0,0
PRJ-3849,Service,Oceania,NZ,4855389,5984792.74,704166.62,854685.39,5559555.62,6839478.12,94,3,97,Tier 2,2,0
PRJ-3850,Install,Oceania,AU,1604391,2719835.96,17917.53,23345.54,1622308.53,2743181.5,1724,134,1858,Tier 3,10,8
PRJ-3851,Service,South America,BR,1838373,2504075.25,402773.68,403067.76,2241146.68,2907143.01,1084,129,1213,Tier 3,7,5
PRJ-3852,Energy,Oceania,NZ,3132632,2311703.67,331525.71,398423.21,3464157.71,2710126.88,1820,112,1932,Tier 3,9,3
PRJ-3853,Service,North America,US,3033326,4604760.83,208608.06,210940.94,3241934.06,4815701.77,1333,104,1437,Tier 3,6,3
PRJ-3854,Service,North America,US,184363,323440.29,40138.67,47338.14,224501.67,370778.43,52,2,54,Tier 5,8,3
PRJ-3855,Service,Oceania,AU,579617,710043.42,138395.36,195345.6,718012.36,905389.02,82,1,83,Tier 4,1,0
PRJ-3856,Install,Asia,JP,2505742,3392992.94,401446.72,534581.26,2907188.72,3927574.2,1121,218,1339,Tier 3,2,2
PRJ-3857,Install,Africa,ZA,3675550,2385867.14,919651.3,1102506.14,4595201.3,3488373.28,1011,76,1087,Tier 3,9,8
PRJ-3858,Install,South America,AR,1708873,2884998.81,13888.93,19658.35,1722761.93,2904657.16,1020,108,1128,Tier 3,10,5
PRJ-3859,Install,Oceania,AU,2618667,2318054.1,446563.44,556106.65,3065230.44,2874160.74,380,54,434,Tier 3,5,2
PRJ-3860,Energy,South America,BR,911858,1222450.99,188897.26,215250.14,1100755.26,1437701.13,1433,105,1538,Tier 3,3,3
PRJ-3861,Service,North America,US,2487765,2870665.86,281691.39,411439.76,2769456.39,3282105.62,266,41,307,Tier 3,3,3
PRJ-3862,Install,Europe,DE,896836,671285.61,212840.17,287423.89,1109676.17,958709.5,1367,129,1496,Tier 3,1,1
PRJ-3863,Install,Europe,DE,1418591,2002788.85,188412.02,205406.18,1607003.02,2208195.02,143,24,167,Tier 3,6,0
PRJ-3864,Install,Europe,DE,2830643,3160925.24,24301.85,25837.46,2854944.85,3186762.7,1724,158,1882,Tier 3,0,0
PRJ-3865,Service,Asia,CN,1625951,1901054.15,21934.3,31454.17,1647885.3,1932508.32,119,8,127,Tier 3,8,2
PRJ-3866,Energy,Europe,FR,589947,682900.87,166944.15,220769.55,756891.15,903670.42,1424,21,1445,Tier 4,3,3
PRJ-3867,Install,South America,AR,631711,494642.93,149717.85,168204.24,781428.85,662847.17,1014,168,1182,Tier 4,3,2
PRJ-3868,Install,Asia,JP,2045383,3467869.14,375653.71,430951.97,2421036.71,3898821.11,1629,237,1866,Tier 3,6,0
PRJ-3869,Energy,South America,AR,2604897,2675776.4,494185.52,657554.67,3099082.52,3333331.07,391,4,395,Tier 3,8,0
PRJ-3870,Energy,North America,MX,678217,1192125.91,166209.07,190457.36,844426.07,1382583.26,174,3,177,Tier 4,8,6
PRJ-3871,Energy,Oceania,NZ,4711715,3463995.56,493663.53,721411,5205378.53,4185406.55,146,7,153,Tier 2,6,5
PRJ-3872,Install,Asia,CN,1073427,1299209.01,230095.2,279898.34,1303522.2,1579107.35,1680,190,1870,Tier 3,8,4
PRJ-3873,Install,Europe,DE,560678,929004.69,119152.7,129951.19,679830.7,1058955.89,708,103,811,Tier 4,6,4
PRJ-3874,Energy,Africa,EG,2025882,2602465.81,371344.82,453980.77,2397226.82,3056446.58,1534,268,1802,Tier 3,1,1
PRJ-3875,Energy,Africa,EG,2398881,3130155.08,698778.28,992308.96,3097659.28,4122464.04,1268,49,1317,Tier 3,0,0
PRJ-3876,Install,South America,BR,4568892,7443559.15,1335202.62,1699257.21,5904094.62,9142816.36,1702,118,1820,Tier 2,1,0
PRJ-3877,Energy,Oceania,AU,3786171,3230075.23,777734.59,1139090.27,4563905.59,4369165.5,1540,29,1569,Tier 3,1,1
PRJ-3878,Install,North America,US,3721338,4081067.4,531295.85,743809.77,4252633.85,4824877.17,1250,137,1387,Tier 3,2,2
PRJ-3879,Energy,Europe,DE,3375638,3653112.04,290387.44,433715.99,3666025.44,4086828.03,291,29,320,Tier 3,5,0
PRJ-3880,Energy,Asia,CN,4906256,3283285.82,956636.11,1108362.08,5862892.11,4391647.9,184,1,185,Tier 2,7,1
PRJ-3881,Service,Oceania,AU,3425309,5943529.63,52916.57,56873.68,3478225.57,6000403.31,1580,120,1700,Tier 3,10,0
PRJ-3882,Install,Oceania,AU,1992777,3240623.23,451610.38,614383.99,2444387.38,3855007.22,1486,51,1537,Tier 3,7,4
PRJ-3883,Install,Asia,CN,3406236,2442387.89,531999.71,736029.77,3938235.71,3178417.66,341,1,342,Tier 3,4,2
PRJ-3884,Service,Africa,EG,4961522,5094532.75,918314.05,1285109.04,5879836.05,6379641.79,522,4,526,Tier 2,4,3
PRJ-3885,Install,Oceania,NZ,687905,863557.89,61702.76,76743.04,749607.76,940300.93,1199,194,1393,Tier 4,1,1
PRJ-3886,Service,South America,BR,1007496,975201.14,248234.9,298346.1,1255730.9,1273547.24,808,106,914,Tier 3,2,2
PRJ-3887,Energy,Asia,CN,1452771,1789395.87,87766.37,110324.31,1540537.37,1899720.18,190,29,219,Tier 3,3,2
PRJ-3888,Install,Africa,EG,4465373,3263440.83,667528.71,801005.12,5132901.71,4064445.95,1149,42,1191,Tier 2,0,0
PRJ-3889,Service,Oceania,NZ,660079,715777.07,117897.57,147757.96,777976.57,863535.03,269,37,306,Tier 4,7,7
PRJ-3890,Install,Africa,ZA,146585,180650.01,40193.28,43204.86,186778.28,223854.86,518,18,536,Tier 5,0,0
PRJ-3891,Energy,Oceania,AU,2866623,2483410.46,380001.23,405187.88,3246624.23,2888598.34,191,37,228,Tier 3,2,2
PRJ-3892,Service,Asia,JP,1416749,1357996.67,315077.09,387176.03,1731826.09,1745172.7,1309,118,1427,Tier 3,8,7
PRJ-3893,Service,South America,BR,1986228,3148198.4,54473.98,76967.91,2040701.98,3225166.31,127,5,132,Tier 3,2,1
PRJ-3894,Energy,Asia,JP,4116184,3485114,865498.75,890580.17,4981682.75,4375694.16,756,99,855,Tier 3,5,0
PRJ-3895,Service,Oceania,NZ,1846455,1592885.59,126643.93,175168.83,1973098.93,1768054.42,1505,133,1638,Tier 3,7,7
PRJ-3896,Service,Oceania,AU,1277344,904740.79,49779.01,51780.21,1327123.01,956520.99,1087,186,1273,Tier 3,0,0
PRJ-3897,Install,South America,AR,2577510,2331797.7,94943.1,100110.19,2672453.1,2431907.89,154,23,177,Tier 3,10,1
PRJ-3898,Service,Oceania,AU,1554441,2041500.8,312426.52,348623.91,1866867.52,2390124.71,985,153,1138,Tier 3,0,0
PRJ-3899,Service,Europe,DE,676381,537869.47,191096.81,270082.07,867477.81,807951.54,28,3,31,Tier 4,0,0
PRJ-3900,Energy,North America,US,2560885,4089489.24,155093.64,229665.43,2715978.64,4319154.67,1201,90,1291,Tier 3,8,3
PRJ-3901,Service,Oceania,NZ,4135372,5306046.02,970025.22,1199082.91,5105397.22,6505128.93,255,23,278,Tier 2,5,1
PRJ-3902,Energy,Africa,ZA,1378312,1166248.14,84172.05,121070.52,1462484.05,1287318.66,526,17,543,Tier 3,0,0
PRJ-3903,Service,Asia,JP,4055167,3852327.28,630005.67,686877.08,4685172.67,4539204.36,223,36,259,Tier 3,4,2
PRJ-3904,Energy,Europe,FR,2183802,3160610.73,507533.34,530182.89,2691335.34,3690793.62,1561,195,1756,Tier 3,6,0
PRJ-3905,Service,Europe,DE,128020,224057.1,27629.67,28688.69,155649.67,252745.79,884,26,910,Tier 5,4,0
PRJ-3906,Install,North America,US,4762405,4283234.95,1112585.49,1177041.98,5874990.49,5460276.92,86,7,93,Tier 2,4,3
PRJ-3907,Service,Oceania,AU,4387824,5573394.41,283234.77,347540.69,4671058.77,5920935.1,132,16,148,Tier 3,7,7
PRJ-3908,Service,Asia,CN,4579662,7755198.51,1352974.71,1700468.74,5932636.71,9455667.25,1002,199,1201,Tier 2,5,4
PRJ-3909,Service,Europe,FR,4114317,3324512.71,580065.63,790629.49,4694382.63,4115142.21,1396,54,1450,Tier 3,1,0
PRJ-3910,Energy,Oceania,NZ,394329,475590.56,56163.2,64001.71,450492.2,539592.27,801,112,913,Tier 4,5,0
PRJ-3911,Energy,Europe,FR,2000476,1817092.66,429248.66,546921.27,2429724.66,2364013.93,621,19,640,Tier 3,3,1
PRJ-3912,Service,Europe,DE,1463709,1502080.75,314915.77,465302.09,1778624.77,1967382.84,1459,267,1726,Tier 3,2,2
PRJ-3913,Install,Oceania,NZ,3881268,4114159.73,1097350.52,1522180.38,4978618.52,5636340.11,1195,59,1254,Tier 3,8,6
PRJ-3914,Service,Africa,EG,3563464,5760577.72,414063.25,525806.29,3977527.25,6286384.01,1270,129,1399,Tier 3,0,0
PRJ-3915,Service,South America,AR,1698194,1918866.3,498207.34,505093.18,2196401.34,2423959.48,483,4,487,Tier 3,5,0
PRJ-3916,Install,Europe,DE,3845540,4258286.95,961987.59,1083069.42,4807527.59,5341356.37,273,17,290,Tier 3,8,2
PRJ-3917,Energy,Africa,ZA,401704,256159.05,8163.38,8905.68,409867.38,265064.73,501,34,535,Tier 4,1,1
PRJ-3918,Install,Africa,EG,2183699,2683781.88,436358.97,586397.34,2620057.97,3270179.22,960,23,983,Tier 3,8,8
PRJ-3919,Energy,Oceania,AU,667101,951451.76,173422.53,210234.65,840523.53,1161686.41,1121,89,1210,Tier 4,4,0
PRJ-3920,Service,Africa,EG,2327609,3351360.87,58732.85,72090.22,2386341.85,3423451.08,36,7,43,Tier 3,3,0
PRJ-3921,Service,South America,BR,2355614,3774784.33,545992.16,710715.08,2901606.16,4485499.42,1361,130,1491,Tier 3,6,3
PRJ-3922,Energy,Asia,CN,3610301,5129006.78,58460.48,58846.1,3668761.48,5187852.88,104,7,111,Tier 3,4,2
PRJ-3923,Service,Asia,JP,3598417,5787496.43,173221.28,215814.56,3771638.28,6003310.99,642,85,727,Tier 3,5,2
PRJ-3924,Service,North America,US,2892010,2198227.05,70863.66,95474.88,2962873.66,2293701.92,1458,191,1649,Tier 3,2,1
PRJ-3925,Energy,Europe,FR,872847,650713.68,38695.98,44272.34,911542.98,694986.01,1405,114,1519,Tier 4,0,0
PRJ-3926,Install,Africa,EG,3463225,3978393.93,30999.67,36831.4,3494224.67,4015225.33,1287,131,1418,Tier 3,0,0
PRJ-3927,Energy,North America,US,2229164,1477175.25,354524.82,493364.98,2583688.82,1970540.23,1154,89,1243,Tier 3,5,3
PRJ-3928,Energy,South America,BR,894869,1343079.64,236066.3,277181.64,1130935.3,1620261.28,1691,7,1698,Tier 3,0,0
PRJ-3929,Install,Europe,DE,4019250,4716337.95,207908.34,292004.06,4227158.34,5008342.01,1692,114,1806,Tier 3,2,1
PRJ-3930,Install,North America,MX,1002604,815785.89,175796.34,235283.5,1178400.34,1051069.39,1749,170,1919,Tier 3,1,1
PRJ-3931,Service,North America,MX,2942486,2658207.33,772091.5,773708.57,3714577.5,3431915.9,145,1,146,Tier 3,4,3
PRJ-3932,Service,South America,BR,1312745,851982.72,190356.6,283488.65,1503101.6,1135471.37,835,58,893,Tier 3,6,5
PRJ-3933,Energy,North America,US,813912,556107.65,231358.32,284306.67,1045270.32,840414.33,820,123,943,Tier 3,4,0
PRJ-3934,Install,Oceania,AU,2448831,3033266.75,725323.28,745100.62,3174154.28,3778367.37,366,30,396,Tier 3,1,1
PRJ-3935,Energy,Oceania,AU,2060832,1288569.07,342405.21,402118.67,2403237.21,1690687.74,625,70,695,Tier 3,2,1
PRJ-3936,Service,Europe,DE,4324294,7565310.52,339545.72,370549.14,4663839.72,7935859.66,151,0,151,Tier 3,4,2
PRJ-3937,Service,Oceania,AU,884345,1505846.27,106127.9,112720.72,990472.9,1618566.99,38,4,42,Tier 4,5,3
PRJ-3938,Service,Africa,ZA,71633,68308.71,9755.97,11917.09,81388.97,80225.8,477,7,484,Tier 5,1,0
PRJ-3939,Energy,South America,AR,1757945,1484431.16,76835.75,96071.88,1834780.75,1580503.03,16,1,17,Tier 3,9,1
PRJ-3940,Service,Oceania,AU,2851067,3431000.08,353704.3,433502.14,3204771.3,3864502.22,692,16,708,Tier 3,8,0
PRJ-3941,Service,North America,MX,1981505,1247892.36,75032.66,96300.05,2056537.66,1344192.41,823,25,848,Tier 3,4,4
PRJ-3942,Install,South America,BR,1397417,2480197.83,302529.61,337950.9,1699946.61,2818148.73,635,71,706,Tier 3,3,0
PRJ-3943,Energy,North America,MX,1623286,1336320.29,70649.04,95388.02,1693935.04,1431708.3,569,107,676,Tier 3,2,0
PRJ-3944,Energy,North America,US,3830780,3208908.28,291520.65,404675.27,4122300.65,3613583.55,1244,237,1481,Tier 3,4,2
PRJ-3945,Energy,Oceania,NZ,2894412,4578940.09,859504.02,1003710.69,3753916.02,5582650.78,299,30,329,Tier 3,5,1
PRJ-3946,Service,South America,AR,2952495,3763034.25,496719.03,612813.36,3449214.03,4375847.6,271,17,288,Tier 3,0,0
PRJ-3947,Energy,Africa,EG,1521256,1993162.03,236676.94,299832.14,1757932.94,2292994.17,1015,124,1139,Tier 3,0,0
PRJ-3948,Service,Asia,JP,4602463,7249614.24,235571.73,313872.39,4838034.73,7563486.62,474,67,541,Tier 3,8,5
PRJ-3949,Energy,North America,MX,4522886,6476383.48,1023447.21,1428854.96,5546333.21,7905238.44,173,17,190,Tier 2,8,5
PRJ-3950,Install,North America,US,3273161,5677221.96,741855.14,987937.43,4015016.14,6665159.39,1290,1,1291,Tier 3,2,1
PRJ-3951,Install,Africa,EG,4701036,4219867.6,850486.25,1041856.4,5551522.25,5261724,639,5,644,Tier 2,10,3
PRJ-3952,Energy,Africa,EG,1820168,1643999.64,315338.26,434410.23,2135506.26,2078409.87,1131,183,1314,Tier 3,2,1
PRJ-3953,Install,Europe,DE,1040907,1356581.71,101744.34,106245.06,1142651.34,1462826.77,458,20,478,Tier 3,3,3
PRJ-3954,Energy,North America,MX,3194541,5269041.81,75019.37,88325.59,3269560.37,5357367.39,359,20,379,Tier 3,1,1
PRJ-3955,Energy,South America,AR,3174581,2100447.07,248424.34,276171.61,3423005.34,2376618.69,1711,124,1835,Tier 3,8,3
PRJ-3956,Service,North America,MX,3058854,3358072.13,856725.65,1056554.36,3915579.65,4414626.49,1598,293,1891,Tier 3,3,0
PRJ-3957,Service,Africa,EG,2374246,4235586.07,699779.67,744611.89,3074025.67,4980197.96,60,1,61,Tier 3,7,1
PRJ-3958,Install,Africa,ZA,4306644,4933765.98,1058872.5,1241142.78,5365516.5,6174908.77,864,56,920,Tier 2,1,1
PRJ-3959,Energy,Europe,DE,2996670,4582872.28,130892.03,176674.2,3127562.03,4759546.47,51,1,52,Tier 3,8,2
PRJ-3960,Energy,South America,BR,4369146,4957815.02,1056562.03,1439689.24,5425708.03,6397504.26,1244,33,1277,Tier 2,5,4
PRJ-3961,Install,North America,US,3699960,6416304.13,398398.18,430320.96,4098358.18,6846625.08,1775,164,1939,Tier 3,6,5
PRJ-3962,Energy,North America,US,4862247,3126618.66,733789.99,744612.89,5596036.99,3871231.55,612,35,647,Tier 2,7,7
PRJ-3963,Energy,Asia,JP,337457,375944.24,21834.92,22514.41,359291.92,398458.64,1224,50,1274,Tier 4,5,3
PRJ-3964,Install,Africa,EG,2085142,2271553.11,591184,792331.3,2676326,3063884.41,350,10,360,Tier 3,1,1
PRJ-3965,Energy,Europe,DE,1859771,2037207.27,481455.27,575735.14,2341226.27,2612942.41,1806,146,1952,Tier 3,9,9
PRJ-3966,Service,Asia,CN,2333654,2490388.56,469871.03,702110.89,2803525.03,3192499.46,1101,155,1256,Tier 3,4,1
PRJ-3967,Install,Asia,CN,3507176,3992509.19,503145.77,630869.3,4010321.77,4623378.49,970,193,1163,Tier 3,9,3
PRJ-3968,Install,Asia,JP,1265870,963378,140967.76,167199.4,1406837.76,1130577.4,1578,98,1676,Tier 3,0,0
PRJ-3969,Install,North America,US,115817,128016.53,15384.62,16754.45,131201.62,144770.97,1701,62,1763,Tier 5,1,0
PRJ-3970,Install,North America,MX,2267975,3196629.9,257653.34,346084.25,2525628.34,3542714.15,660,84,744,Tier 3,1,0
PRJ-3971,Install,Europe,FR,3912555,2433666.39,1057248.63,1567042.83,4969803.63,4000709.22,924,171,1095,Tier 3,1,0
PRJ-3972,Install,South America,AR,1886625,2097243.85,209400.58,213438.25,2096025.58,2310682.1,830,139,969,Tier 3,9,5
PRJ-3973,Install,Oceania,NZ,3224400,3551360.17,115989.9,121455.67,3340389.9,3672815.84,1603,99,1702,Tier 3,5,5
PRJ-3974,Energy,North America,US,727168,470411.3,169089.06,213576.45,896257.06,683987.75,1471,45,1516,Tier 4,10,8
PRJ-3975,Service,Oceania,NZ,4681391,4500058.85,1293526.96,1349527.29,5974917.96,5849586.14,1714,108,1822,Tier 2,5,2
PRJ-3976,Install,Oceania,AU,1535970,2430387.14,80417.41,84632.67,1616387.41,2515019.81,422,77,499,Tier 3,9,6
PRJ-3977,Install,Africa,ZA,2213830,2873690.48,614064.22,626762.75,2827894.22,3500453.23,1686,313,1999,Tier 3,4,1
PRJ-3978,Install,Europe,FR,387725,436072.6,9831.21,14600.5,397556.21,450673.1,372,69,441,Tier 4,8,5
PRJ-3979,Energy,South America,AR,154991,225068.87,46473.56,57023.49,201464.56,282092.35,1701,136,1837,Tier 5,0,0
PRJ-3980,Service,Africa,ZA,4517648,6778159.5,710311.09,1007395.67,5227959.09,7785555.17,220,36,256,Tier 2,8,4
PRJ-3981,Service,North America,US,2491964,3350985.68,43442.59,43602.27,2535406.59,3394587.95,1347,145,1492,Tier 3,9,8
PRJ-3982,Install,Africa,EG,226306,268368.26,9788.81,13430.94,236094.81,281799.2,160,4,164,Tier 5,6,5
PRJ-3983,Energy,Europe,DE,4926249,5813232.85,1017551.07,1174934.85,5943800.07,6988167.7,1444,32,1476,Tier 2,5,3
PRJ-3984,Install,Oceania,AU,1900918,1605648.56,75025.81,85493.38,1975943.81,1691141.94,906,105,1011,Tier 3,0,0
PRJ-3985,Install,North America,MX,139841,224343.07,1146.09,1543.31,140987.09,225886.38,296,58,354,Tier 5,4,0
PRJ-3986,Energy,Europe,DE,1097196,1303859.39,84413.89,126386.21,1181609.89,1430245.61,1490,283,1773,Tier 3,0,0
PRJ-3987,Energy,Europe,DE,1010648,1605470.65,48851.62,70907.99,1059499.62,1676378.64,1188,212,1400,Tier 3,8,6
PRJ-3988,Service,South America,BR,1405265,2129552.48,219603.67,276067.42,1624868.67,2405619.9,1406,53,1459,Tier 3,7,2
PRJ-3989,Install,Asia,CN,908407,861278.89,196280.99,203083.51,1104687.99,1064362.4,601,111,712,Tier 3,7,2
PRJ-3990,Install,South America,BR,4477831,7116751.71,95237.7,139600.04,4573068.7,7256351.75,1323,132,1455,Tier 3,1,1
PRJ-3991,Install,Africa,EG,4396871,5101246.55,1202408.32,1786590.24,5599279.32,6887836.8,1497,292,1789,Tier 2,3,2
PRJ-3992,Energy,Oceania,NZ,646422,731701.1,156024.49,156072,802446.49,887773.09,1401,176,1577,Tier 4,4,1
PRJ-3993,Service,Europe,FR,1038571,1391408.65,157386.75,173135.19,1195957.75,1564543.84,393,43,436,Tier 3,2,0
PRJ-3994,Energy,Asia,JP,1285255,1224708.95,342753.39,439802.82,1628008.39,1664511.76,1068,186,1254,Tier 3,2,2
PRJ-3995,Install,North America,MX,2187073,1440637.49,457899.53,518675.22,2644972.53,1959312.71,475,74,549,Tier 3,5,2
PRJ-3996,Service,Europe,FR,4123959,5986349.5,792870.34,1006035.3,4916829.34,6992384.81,381,3,384,Tier 3,6,4
PRJ-3997,Service,Europe,DE,1687696,2616168.64,140736.43,152825.37,1828432.43,2768994,100,7,107,Tier 3,3,0
PRJ-3998,Install,Europe,DE,4284066,4555910.62,179977.23,246581.61,4464043.23,4802492.23,1700,70,1770,Tier 3,0,0
PRJ-3999,Install,Asia,JP,2792871,3386852.57,651112.21,707629.96,3443983.21,4094482.53,1552,206,1758,Tier 3,1,1
PRJ-4000,Service,South America,AR,3829550,6468747.91,952815.08,1222158.78,4782365.08,7690906.68,1022,162,1184,Tier 3,3,3
PRJ-4001,Install,Oceania,AU,1416044,2506229.28,345126.81,448001.84,1761170.81,2954231.11,625,38,663,Tier 3,4,2
PRJ-4002,Energy,Oceania,AU,1342910,1218354.92,280636.3,376678.16,1623546.3,1595033.08,929,154,1083,Tier 3,2,2
PRJ-4003,Install,Africa,ZA,4083880,6019184.69,978507.23,1414477.6,5062387.23,7433662.29,96,10,106,Tier 2,7,4
PRJ-4004,Install,Oceania,AU,4223103,4312218,263984.63,272649.44,4487087.63,4584867.44,574,85,659,Tier 3,4,3
PRJ-4005,Install,Europe,FR,3399902,2950583.88,948032.02,1109049.96,4347934.02,4059633.84,547,0,547,Tier 3,6,1
PRJ-4006,Install,North America,US,3537244,4896980.02,729249.64,858496.49,4266493.64,5755476.51,373,19,392,Tier 3,1,0
PRJ-4007,Service,South America,BR,3864098,2624047.26,1143806.01,1170889.08,5007904.01,3794936.35,1471,212,1683,Tier 2,9,6
PRJ-4008,Install,Asia,JP,3857655,2367103.73,530845.9,770885.27,4388500.9,3137989.01,1379,239,1618,Tier 3,2,1
PRJ-4009,Service,Oceania,NZ,3030342,2605340.84,273074.64,386230.11,3303416.64,2991570.95,501,11,512,Tier 3,5,2
PRJ-4010,Install,North America,US,419671,683379.54,91313.62,95683.62,510984.62,779063.15,1115,169,1284,Tier 4,1,1
PRJ-4011,Service,Europe,FR,1345568,2159440.41,69695.95,94081.08,1415263.95,2253521.49,726,11,737,Tier 3,10,10
PRJ-4012,Service,Europe,DE,2829975,3930849.81,511850.06,538233.68,3341825.06,4469083.49,1499,197,1696,Tier 3,7,2
PRJ-4013,Service,Oceania,AU,2888601,2025823.04,804638.16,974325,3693239.16,3000148.04,229,30,259,Tier 3,6,6
PRJ-4014,Service,Asia,JP,986408,1166649.24,4744.23,6222.44,991152.23,1172871.68,670,27,697,Tier 4,0,0
PRJ-4015,Energy,Africa,ZA,3422009,4236010.7,338966.83,460355.81,3760975.83,4696366.51,130,11,141,Tier 3,1,1
PRJ-4016,Service,Europe,DE,3229276,2694363.08,536370.7,752649.66,3765646.7,3447012.75,1549,282,1831,Tier 3,4,3
PRJ-4017,Service,Asia,JP,4602187,4923132.52,753115.62,903871.74,5355302.62,5827004.26,233,3,236,Tier 2,9,2
PRJ-4018,Service,Oceania,AU,4754483,6651473.74,753003.86,889361.32,5507486.86,7540835.06,1022,66,1088,Tier 2,8,0
PRJ-4019,Energy,Asia,JP,762327,1036950.22,75593.56,76662.52,837920.56,1113612.74,1261,106,1367,Tier 4,10,3
PRJ-4020,Service,Oceania,AU,1324249,1323741.27,333376.48,482743.28,1657625.48,1806484.55,750,135,885,Tier 3,3,2
PRJ-4021,Energy,Africa,ZA,590772,580864.84,33672.48,40266.88,624444.48,621131.72,494,46,540,Tier 4,9,6
PRJ-4022,Install,Asia,CN,351164,494716.7,27170.78,38306.59,378334.78,533023.29,1776,301,2077,Tier 4,4,1
PRJ-4023,Service,North America,MX,3499138,4865139.73,488895.28,508630.09,3988033.28,5373769.82,265,28,293,Tier 3,1,1
PRJ-4024,Service,Africa,ZA,3222370,3435860.14,458839.29,486116.14,3681209.29,3921976.28,355,1,356,Tier 3,10,3
PRJ-4025,Install,Africa,ZA,4364021,6983777.19,586742.18,591160.42,4950763.18,7574937.61,1241,138,1379,Tier 3,7,6
PRJ-4026,Energy,Asia,CN,1373305,2148978.81,91207.49,129343.31,1464512.49,2278322.12,640,118,758,Tier 3,8,6
PRJ-4027,Energy,North America,MX,3450451,4984520.22,531644.65,676756.97,3982095.65,5661277.19,174,7,181,Tier 3,5,0
PRJ-4028,Install,Africa,EG,3030637,3856671.42,50898.34,63528.73,3081535.34,3920200.14,1586,257,1843,Tier 3,2,1
PRJ-4029,Install,South America,AR,2202723,1727002.97,307687.84,380372.98,2510410.84,2107375.95,559,19,578,Tier 3,0,0
PRJ-4030,Service,Africa,ZA,2229465,3509714.53,585159.53,742372.89,2814624.53,4252087.42,1682,172,1854,Tier 3,9,5
PRJ-4031,Install,Oceania,NZ,1389531,1934758.31,361635.09,459538.57,1751166.09,2394296.88,434,41,475,Tier 3,0,0
PRJ-4032,Service,North America,US,266822,333770.34,15642.74,23344.56,282464.74,357114.9,1182,106,1288,Tier 4,9,9
PRJ-4033,Service,South America,AR,271006,457513.28,35828.22,53498.32,306834.22,511011.6,37,1,38,Tier 4,6,4
PRJ-4034,Install,Europe,FR,1791033,1186339.18,420712.69,597474.79,2211745.69,1783813.97,1602,24,1626,Tier 3,1,1
PRJ-4035,Service,Asia,JP,3047023,1979873.8,189090.47,223977.26,3236113.47,2203851.07,679,18,697,Tier 3,5,1
PRJ-4036,Energy,Oceania,NZ,2550524,3803406.16,407820.84,449605.3,2958344.84,4253011.47,954,120,1074,Tier 3,9,4
PRJ-4037,Service,Asia,JP,2208499,1383043.89,161689.39,188384.28,2370188.39,1571428.17,404,40,444,Tier 3,5,0
PRJ-4038,Energy,Asia,JP,1818148,2883854.24,222024.2,297045.22,2040172.2,3180899.46,685,104,789,Tier 3,8,0
PRJ-4039,Energy,Oceania,AU,4603017,7239003.36,1089504.1,1343772.28,5692521.1,8582775.64,716,112,828,Tier 2,9,1
PRJ-4040,Service,Europe,FR,617566,892308.97,169701.72,248448.37,787267.72,1140757.34,850,158,1008,Tier 4,7,5
PRJ-4041,Energy,Oceania,AU,4712176,4234782,1407396.52,1631904.27,6119572.52,5866686.27,1809,267,2076,Tier 2,8,8
PRJ-4042,Install,Europe,FR,3038475,3912906.66,241149.08,303859.52,3279624.08,4216766.18,1723,33,1756,Tier 3,3,3
PRJ-4043,Install,Asia,CN,3493567,5133381.83,1034397.23,1327624.67,4527964.23,6461006.49,185,3,188,Tier 3,9,1
PRJ-4044,Install,North America,US,3980101,5452798.9,269572.56,270146.97,4249673.56,5722945.87,1677,194,1871,Tier 3,1,0
PRJ-4045,Energy,South America,BR,3528000,4374743.11,658750.25,848767.92,4186750.25,5223511.03,343,24,367,Tier 3,5,0
PRJ-4046,Energy,Asia,CN,4851931,3826073.08,907081.42,1291515.04,5759012.42,5117588.12,29,0,29,Tier 2,8,2
PRJ-4047,Install,South America,AR,4361828,5266418.25,307413.51,325579.35,4669241.51,5591997.6,120,12,132,Tier 3,9,2
PRJ-4048,Energy,South America,BR,2455453,2379689.27,346831.47,450818.36,2802284.47,2830507.63,1626,113,1739,Tier 3,2,2
PRJ-4049,Service,Europe,DE,4203122,4607361.86,467746.28,657504.54,4670868.28,5264866.4,1067,29,1096,Tier 3,10,6
PRJ-4050,Service,Oceania,NZ,574341,769806.09,74446.77,111561.08,648787.77,881367.17,718,13,731,Tier 4,0,0
PRJ-4051,Service,Europe,FR,507985,830674.7,134978.24,200929.52,642963.24,1031604.22,231,44,275,Tier 4,5,1
PRJ-4052,Install,Asia,JP,2751753,2068257.58,30644.29,43200.37,2782397.29,2111457.96,1533,150,1683,Tier 3,5,3
PRJ-4053,Energy,South America,BR,2021825,2593581.25,568769.17,748568.89,2590594.17,3342150.13,27,0,27,Tier 3,6,0
PRJ-4054,Install,Asia,CN,1447797,965822.99,332812.36,399821.84,1780609.36,1365644.83,868,22,890,Tier 3,1,1
PRJ-4055,Install,Africa,EG,3974410,6943074.3,717070.5,1017603.29,4691480.5,7960677.58,1594,266,1860,Tier 3,9,6
PRJ-4056,Install,Africa,EG,855497,816931.91,82595.75,122098.79,938092.75,939030.7,16,2,18,Tier 4,0,0
PRJ-4057,Install,Asia,JP,3303331,2937007.68,356562.66,403389.37,3659893.66,3340397.04,791,33,824,Tier 3,2,2
PRJ-4058,Service,North America,MX,1506816,2509262.37,333847.02,429715.4,1840663.02,2938977.77,894,59,953,Tier 3,8,7
PRJ-4059,Service,Africa,ZA,135258,197207.93,2710.8,4003.29,137968.8,201211.22,1253,220,1473,Tier 5,9,8
PRJ-4060,Energy,South America,AR,4074967,5566222.36,456424.92,654321.74,4531391.92,6220544.1,312,37,349,Tier 3,3,3
PRJ-4061,Energy,North America,MX,3704623,3637494.42,128019.87,140385.82,3832642.87,3777880.24,340,41,381,Tier 3,7,7
PRJ-4062,Energy,Europe,FR,4983353,4291002.97,1377204.32,1510621.94,6360557.32,5801624.9,698,98,796,Tier 2,4,4
PRJ-4063,Service,North America,MX,1302224,1844369.81,114569.64,127692.41,1416793.64,1972062.22,896,82,978,Tier 3,3,1
PRJ-4064,Service,Africa,ZA,3978001,5612851.94,641592.47,779669.13,4619593.47,6392521.07,1037,96,1133,Tier 3,7,7
PRJ-4065,Install,Europe,FR,3713972,5880862.64,615027.7,770037.12,4328999.7,6650899.77,65,10,75,Tier 3,7,5
PRJ-4066,Install,Africa,EG,2092642,2076780.88,245247.13,283313.89,2337889.13,2360094.76,442,41,483,Tier 3,2,1
PRJ-4067,Service,Africa,EG,2914711,4893113.09,45834.94,62889.12,2960545.94,4956002.21,1319,73,1392,Tier 3,10,9
PRJ-4068,Service,Oceania,NZ,3481309,3375829.71,715052.51,727835.01,4196361.51,4103664.72,1498,192,1690,Tier 3,2,2
PRJ-4069,Install,North America,US,4256999,2615933.91,363917.12,449428.35,4620916.12,3065362.26,1553,30,1583,Tier 3,9,4
PRJ-4070,Install,Africa,EG,4328983,5783659.96,1192539.52,1393078.41,5521522.52,7176738.36,1661,277,1938,Tier 2,2,1
PRJ-4071,Energy,South America,AR,1667037,1467796.84,241673.83,362209.14,1908710.83,1830005.98,1037,50,1087,Tier 3,3,1
PRJ-4072,Service,North America,US,3029052,4173177.27,272269.77,346262.37,3301321.77,4519439.64,642,59,701,Tier 3,5,2
PRJ-4073,Install,Europe,FR,4114190,7114364.29,176030.12,263269.28,4290220.12,7377633.57,1090,18,1108,Tier 3,0,0
PRJ-4074,Energy,Europe,DE,2120899,1661252.33,564236.16,770595.76,2685135.16,2431848.09,451,6,457,Tier 3,8,6
PRJ-4075,Install,Europe,DE,3169884,2182117.55,798338.29,850248.39,3968222.29,3032365.94,553,97,650,Tier 3,2,2
PRJ-4076,Install,Africa,EG,476376,491227.39,14981.95,18973.85,491357.95,510201.24,841,40,881,Tier 4,6,3
PRJ-4077,Energy,Asia,CN,1258080,1959803.69,103881.48,143538.87,1361961.48,2103342.57,1224,25,1249,Tier 3,4,0
PRJ-4078,Energy,Oceania,AU,648893,1076951.07,51625.1,52471.4,700518.1,1129422.47,666,71,737,Tier 4,1,1
PRJ-4079,Install,Oceania,AU,2906224,2714128.6,122440.21,152964.14,3028664.21,2867092.74,98,18,116,Tier 3,0,0
PRJ-4080,Install,Oceania,AU,2988681,1816651.71,98707.26,112337,3087388.26,1928988.71,528,99,627,Tier 3,4,1
PRJ-4081,Service,Europe,FR,2015692,2330644.53,153610.23,156589.66,2169302.23,2487234.19,1166,6,1172,Tier 3,0,0
PRJ-4082,Service,Europe,DE,4611209,7847057.82,302997.41,343898.94,4914206.41,8190956.76,1417,242,1659,Tier 3,6,2
PRJ-4083,Service,South America,AR,4720545,3647047,1046996.94,1413671.92,5767541.94,5060718.92,952,62,1014,Tier 2,10,4
PRJ-4084,Service,Europe,FR,4893093,5011937.44,138487.92,204414.76,5031580.92,5216352.2,522,9,531,Tier 2,7,6
PRJ-4085,Install,Europe,FR,3818926,6862894.92,986343.56,1156519.1,4805269.56,8019414.01,559,43,602,Tier 3,2,1
PRJ-4086,Energy,Asia,CN,2581800,4204222.37,661442.34,729254.8,3243242.34,4933477.17,1821,363,2184,Tier 3,9,0
PRJ-4087,Energy,Europe,FR,3738191,3741877.8,914381.78,1131484.34,4652572.78,4873362.14,816,152,968,Tier 3,2,0
PRJ-4088,Service,Asia,CN,773865,954729.75,70770.09,99478.42,844635.09,1054208.17,1789,81,1870,Tier 4,9,5
PRJ-4089,Service,Europe,FR,2419421,2673603.67,259630.31,328781.97,2679051.31,3002385.64,885,61,946,Tier 3,0,0
PRJ-4090,Install,Africa,EG,3082481,4084181.62,337500.01,407349.13,3419981.01,4491530.75,645,51,696,Tier 3,2,1
PRJ-4091,Service,Oceania,NZ,785894,1017415.68,12549.91,14120.98,798443.91,1031536.66,1560,38,1598,Tier 4,7,3
PRJ-4092,Service,Oceania,AU,1544875,2665482,309076.67,372403.74,1853951.67,3037885.74,1666,292,1958,Tier 3,8,1
PRJ-4093,Service,Asia,CN,4916559,8554938.07,1426268.48,2043147.9,6342827.48,10598085.97,115,20,135,Tier 2,10,10
PRJ-4094,Energy,Africa,ZA,4010606,6605722.37,1151704.57,1660595.72,5162310.57,8266318.08,1415,131,1546,Tier 2,4,2
PRJ-4095,Service,North America,MX,469221,662284.38,130459.83,139340.5,599680.83,801624.88,43,0,43,Tier 4,9,0
PRJ-4096,Energy,North America,US,1168470,828770.83,127688.65,180847.69,1296158.65,1009618.53,394,39,433,Tier 3,8,8
PRJ-4097,Energy,Africa,ZA,470467,444784.69,55274.83,65715.94,525741.83,510500.62,93,16,109,Tier 4,5,4
PRJ-4098,Energy,North America,MX,1618195,2464991.55,295550.5,309675.08,1913745.5,2774666.63,1355,257,1612,Tier 3,10,10
PRJ-4099,Install,Asia,CN,1057291,993518.47,152482.08,153813.31,1209773.08,1147331.78,795,27,822,Tier 3,8,2
PRJ-4100,Install,Asia,CN,1682988,2848746.41,1665.87,1704.29,1684653.87,2850450.7,1620,181,1801,Tier 3,5,0
PRJ-4101,Energy,South America,BR,4640990,3301570.71,641359.39,714955.55,5282349.39,4016526.27,272,27,299,Tier 2,4,3
PRJ-4102,Energy,North America,US,4062091,3995515.56,859794.08,1030258.56,4921885.08,5025774.12,281,28,309,Tier 3,1,1
PRJ-4103,Install,Oceania,NZ,1295266,2252301.9,372593.19,498236.9,1667859.19,2750538.8,286,35,321,Tier 3,3,2
PRJ-4104,Energy,Europe,DE,96278,70730.38,10329.15,14508.05,106607.15,85238.43,1393,42,1435,Tier 5,10,1
PRJ-4105,Service,Asia,CN,372839,256402.71,68505.78,80829.55,441344.78,337232.26,121,22,143,Tier 4,5,1
PRJ-4106,Install,Asia,JP,850478,1483891.38,20064.21,21433.06,870542.21,1505324.45,934,6,940,Tier 4,6,3
PRJ-4107,Service,South America,BR,66910,41862.13,11061.42,13304.02,77971.42,55166.16,1196,3,1199,Tier 5,7,0
PRJ-4108,Service,South America,AR,382672,317888.16,47871.64,52796.31,430543.64,370684.47,1081,198,1279,Tier 4,6,4
PRJ-4109,Energy,Oceania,AU,1697838,1580306.23,484306.49,706673.07,2182144.49,2286979.3,38,7,45,Tier 3,4,2
PRJ-4110,Energy,South America,BR,3474004,3364870.82,1012818.2,1044597,4486822.2,4409467.82,1637,206,1843,Tier 3,10,1
PRJ-4111,Install,North America,US,224905,304773.02,37984.41,47522.18,262889.41,352295.2,973,142,1115,Tier 4,8,6
PRJ-4112,Install,Asia,JP,1972273,1707023.05,203113.57,299802.95,2175386.57,2006826,683,59,742,Tier 3,10,10
PRJ-4113,Install,Asia,JP,903881,638190.79,203488.84,274519.29,1107369.84,912710.08,1413,131,1544,Tier 3,1,0
PRJ-4114,Energy,South America,AR,3212885,4324307.82,163507.06,191679.36,3376392.06,4515987.18,1799,43,1842,Tier 3,8,7
PRJ-4115,Energy,Oceania,AU,3839594,4613330.08,518779.86,672247.18,4358373.86,5285577.26,1199,12,1211,Tier 3,2,2
PRJ-4116,Energy,Europe,FR,4366549,5136999.43,1077310.78,1297323.73,5443859.78,6434323.16,1614,260,1874,Tier 2,1,0
PRJ-4117,Service,Oceania,AU,4941634,5493506.82,198757.99,253341.58,5140391.99,5746848.41,1076,13,1089,Tier 2,8,3
PRJ-4118,Energy,Europe,FR,4821441,6138938.71,1157774.72,1586377.31,5979215.72,7725316.02,796,59,855,Tier 2,10,9
PRJ-4119,Install,Africa,EG,316761,432018.02,9503.13,11803.23,326264.13,443821.24,201,3,204,Tier 4,7,7
PRJ-4120,Energy,Africa,EG,1467430,1445413.07,147839.91,216895.59,1615269.91,1662308.66,712,136,848,Tier 3,1,1
PRJ-4121,Energy,Asia,CN,375634,353421.92,23762.21,32192.22,399396.21,385614.15,1076,55,1131,Tier 4,3,1
PRJ-4122,Energy,North America,US,2671224,3578086.13,369446.88,422259.96,3040670.88,4000346.09,771,151,922,Tier 3,6,5
PRJ-4123,Install,Europe,FR,4478708,4776573.73,597415.27,632841.01,5076123.27,5409414.74,1703,223,1926,Tier 2,2,2
PRJ-4124,Energy,Africa,ZA,3629303,5557226.81,641814.64,732496.04,4271117.64,6289722.85,170,27,197,Tier 3,9,5
PRJ-4125,Service,South America,BR,673948,481285.22,194254.71,232718.76,868202.71,714003.98,1440,287,1727,Tier 4,6,0
PRJ-4126,Service,North America,MX,894003,1206555.5,107993.8,147507.51,1001996.8,1354063.01,976,149,1125,Tier 3,8,4
PRJ-4127,Energy,Asia,CN,201519,154583.96,22179.85,28847.7,223698.85,183431.65,1000,120,1120,Tier 5,5,0
PRJ-4128,Install,Europe,FR,4763971,6389569.68,911222.9,1280784.79,5675193.9,7670354.47,937,27,964,Tier 2,4,0
PRJ-4129,Install,South America,AR,2438464,3759057.35,80054.68,85595.64,2518518.68,3844652.99,760,47,807,Tier 3,7,1
PRJ-4130,Energy,Asia,JP,1130905,1298912.1,261812.26,330848.15,1392717.26,1629760.25,1807,177,1984,Tier 3,9,1
PRJ-4131,Energy,South America,AR,1330746,2273785.66,48033.59,59592.16,1378779.59,2333377.81,869,110,979,Tier 3,9,5
PRJ-4132,Service,Oceania,AU,4951125,4457448.55,797629.7,926990.98,5748754.7,5384439.54,1295,234,1529,Tier 2,0,0
PRJ-4133,Energy,South America,AR,1971951,2311134.5,380079.08,477343.83,2352030.08,2788478.33,1189,26,1215,Tier 3,2,2
PRJ-4134,Energy,South America,BR,395330,386395.19,54049.89,79957.85,449379.89,466353.03,1359,227,1586,Tier 4,3,0
PRJ-4135,Install,North America,MX,1457013,1336578.91,211381.05,271105.97,1668394.05,1607684.89,186,16,202,Tier 3,4,4
PRJ-4136,Service,South America,AR,401346,351027.36,90520.03,99758.33,491866.03,450785.69,19,2,21,Tier 4,0,0
PRJ-4137,Service,Africa,EG,3723872,6476858.01,486622.09,501519.75,4210494.09,6978377.76,604,29,633,Tier 3,3,3
PRJ-4138,Install,Europe,FR,4838768,3547231.12,115050.83,119372.62,4953818.83,3666603.74,104,16,120,Tier 3,5,3
PRJ-4139,Service,Europe,DE,3931300,6945525.66,167988.24,201080.47,4099288.24,7146606.14,955,159,1114,Tier 3,9,5
PRJ-4140,Install,North America,US,2472966,2495224.25,475205.94,569631.05,2948171.94,3064855.3,254,16,270,Tier 3,7,0
PRJ-4141,Install,South America,BR,2777469,3363420.94,598704.35,887687.62,3376173.35,4251108.55,1077,98,1175,Tier 3,8,0
PRJ-4142,Energy,Oceania,NZ,1333885,1108636.82,198937.12,277017.76,1532822.12,1385654.58,1061,151,1212,Tier 3,3,0
PRJ-4143,Energy,North America,US,3727300,3369004.9,776070.48,1094510.62,4503370.48,4463515.51,245,3,248,Tier 3,0,0
PRJ-4144,Energy,Europe,DE,3603109,4461193.27,1024681.44,1174967.82,4627790.44,5636161.09,1147,219,1366,Tier 3,5,2
PRJ-4145,Energy,Africa,EG,3431867,6173803.75,159819.89,177771.58,3591686.89,6351575.33,804,72,876,Tier 3,3,3
PRJ-4146,Service,South America,BR,985780,1435082.71,96410.05,133758.99,1082190.05,1568841.71,1068,2,1070,Tier 3,7,2
PRJ-4147,Install,Europe,DE,2880960,4161003.46,130518.7,182692.98,3011478.7,4343696.43,768,31,799,Tier 3,7,3
PRJ-4148,Install,Europe,DE,3027075,3203487.15,696860.37,937690.83,3723935.37,4141177.98,1805,94,1899,Tier 3,5,5
PRJ-4149,Energy,Asia,CN,4510903,6072108.44,507892.09,577255.8,5018795.09,6649364.24,1291,39,1330,Tier 2,3,3
PRJ-4150,Energy,South America,BR,2992566,1890883.1,423583.88,463949.28,3416149.88,2354832.37,763,47,810,Tier 3,3,0
PRJ-4151,Install,South America,AR,3631150,2632679.02,1036232.39,1076947.17,4667382.39,3709626.19,1813,39,1852,Tier 3,3,3
PRJ-4152,Install,Asia,CN,996758,917444.61,117534.3,167405.65,1114292.3,1084850.26,895,98,993,Tier 3,10,7
PRJ-4153,Install,Asia,JP,2933374,4570418,208435.5,261429.04,3141809.5,4831847.05,1588,292,1880,Tier 3,2,0
PRJ-4154,Service,Asia,CN,2115551,3301678.76,347137.96,507869.58,2462688.96,3809548.34,579,77,656,Tier 3,5,5
PRJ-4155,Install,South America,AR,4811961,6779996.95,1328660.25,1778255.13,6140621.25,8558252.08,1257,32,1289,Tier 2,4,4
PRJ-4156,Install,Oceania,AU,4737934,3126091.54,296099.82,325027.95,5034033.82,3451119.49,285,44,329,Tier 2,6,1
PRJ-4157,Service,South America,AR,410548,706909.27,48652.78,66403.52,459200.78,773312.8,690,50,740,Tier 4,8,7
PRJ-4158,Service,Asia,CN,3892207,6363013.41,1035404.53,1101887.4,4927611.53,7464900.81,1810,72,1882,Tier 3,1,0
PRJ-4159,Service,Asia,JP,4038271,3565572.62,768548.24,962720.89,4806819.24,4528293.5,186,35,221,Tier 3,4,1
PRJ-4160,Energy,North America,US,4114493,6662254.54,528435.57,735674.54,4642928.57,7397929.08,1662,32,1694,Tier 3,3,0
PRJ-4161,Install,Oceania,AU,2269478,3928992.06,419220.37,556386.42,2688698.37,4485378.47,53,7,60,Tier 3,10,1
PRJ-4162,Install,South America,AR,1258265,1962944.9,264186.63,343687.64,1522451.63,2306632.54,1418,128,1546,Tier 3,8,7
PRJ-4163,Service,Europe,DE,1451090,1221679.26,108624.85,114680.91,1559714.85,1336360.17,953,129,1082,Tier 3,0,0
PRJ-4164,Service,Asia,JP,3386111,4821252.44,835582.87,880700.68,4221693.87,5701953.12,290,17,307,Tier 3,3,3
PRJ-4165,Energy,Oceania,NZ,3227236,3397034.56,318031.47,323413.09,3545267.47,3720447.65,431,44,475,Tier 3,2,0
PRJ-4166,Energy,Africa,EG,4179874,6205005.13,183743.09,206551.64,4363617.09,6411556.77,378,2,380,Tier 3,10,3
PRJ-4167,Service,Asia,CN,4318859,6996190.97,307201.95,425298.02,4626060.95,7421488.99,1663,231,1894,Tier 3,10,6
PRJ-4168,Energy,Oceania,AU,588543,520262.63,50368.07,64486.7,638911.07,584749.33,1618,127,1745,Tier 4,5,1
PRJ-4169,Install,North America,US,1627806,2859309.32,367488.57,494841.88,1995294.57,3354151.2,1176,220,1396,Tier 3,6,0
PRJ-4170,Install,South America,AR,598590,627338.75,42883.13,58012.16,641473.13,685350.9,1240,3,1243,Tier 4,6,0
PRJ-4171,Service,Africa,EG,1216961,1947131.72,293116.56,364052.24,1510077.56,2311183.96,1707,248,1955,Tier 3,7,5
PRJ-4172,Energy,North America,MX,516346,684644.25,44193.19,63929.82,560539.19,748574.08,603,98,701,Tier 4,3,2
PRJ-4173,Service,Asia,CN,3856030,5335023.14,497666.54,504079.34,4353696.54,5839102.48,363,62,425,Tier 3,9,0
PRJ-4174,Install,Africa,EG,2409835,2704909.12,582383.78,670627.77,2992218.78,3375536.89,1342,210,1552,Tier 3,0,0
PRJ-4175,Install,North America,MX,3637125,2435192.79,473319.94,692492.67,4110444.94,3127685.46,647,20,667,Tier 3,8,4
PRJ-4176,Install,Asia,CN,878658,1025384.95,169122.77,179652.97,1047780.77,1205037.91,339,36,375,Tier 3,3,2
PRJ-4177,Service,Africa,EG,3229858,4808420.05,39677.53,42185.74,3269535.53,4850605.78,425,79,504,Tier 3,8,8
PRJ-4178,Install,Europe,DE,2157049,2664671.75,53482.36,53767.9,2210531.36,2718439.65,57,5,62,Tier 3,6,5
PRJ-4179,Install,Europe,FR,2052642,1700726.27,87849.02,109495.26,2140491.02,1810221.53,1498,151,1649,Tier 3,7,5
PRJ-4180,Service,Oceania,NZ,3728688,3677892.33,984902.32,1398642.3,4713590.32,5076534.62,1278,126,1404,Tier 3,6,4
PRJ-4181,Service,South America,AR,2760346,2524281.48,318484.92,437949.02,3078830.92,2962230.5,935,60,995,Tier 3,4,4
PRJ-4182,Install,Asia,JP,779095,1001081.96,38918.81,45074.65,818013.81,1046156.62,283,26,309,Tier 4,3,1
PRJ-4183,Install,Asia,CN,4229241,6107786.23,294886.25,428236.25,4524127.25,6536022.48,399,37,436,Tier 3,3,3
PRJ-4184,Energy,North America,MX,1335834,1783126.53,232653.85,237453.78,1568487.85,2020580.3,899,103,1002,Tier 3,10,9
PRJ-4185,Service,Europe,FR,445584,800811.68,118505.37,171205.41,564089.37,972017.09,96,5,101,Tier 4,9,7
PRJ-4186,Service,Europe,FR,2525791,1735477.83,707457.61,1054343.74,3233248.61,2789821.57,1732,87,1819,Tier 3,0,0
PRJ-4187,Energy,Asia,JP,3439895,5913484.55,770952.81,827302.75,4210847.81,6740787.3,658,17,675,Tier 3,8,5
PRJ-4188,Service,South America,AR,622405,1100695.23,15279.04,19378.59,637684.04,1120073.83,854,92,946,Tier 4,10,9
PRJ-4189,Install,Europe,DE,4531958,7078235.52,1223789.15,1582773.24,5755747.15,8661008.76,1082,86,1168,Tier 2,1,1
PRJ-4190,Install,North America,US,4379679,7815722.92,72458.79,89566.05,4452137.79,7905288.98,1483,97,1580,Tier 3,5,3
PRJ-4191,Energy,North America,US,678765,1176151.15,94324.5,122102.9,773089.5,1298254.06,1021,181,1202,Tier 4,4,2
PRJ-4192,Install,North America,US,1682391,1814310.88,411108.76,411276.75,2093499.76,2225587.63,1169,105,1274,Tier 3,7,1
PRJ-4193,Energy,North America,MX,3802254,6406839.31,393700.77,432941.1,4195954.77,6839780.4,1496,208,1704,Tier 3,1,1
PRJ-4194,Install,Europe,DE,2055019,3030783.64,360457.58,373051.78,2415476.58,3403835.42,605,21,626,Tier 3,4,1
PRJ-4195,Service,South America,BR,1263066,2044814.5,192679.48,280584.8,1455745.48,2325399.3,1785,277,2062,Tier 3,6,0
PRJ-4196,Service,South America,AR,3072136,5081892.03,812498.36,1187257.94,3884634.36,6269149.98,852,61,913,Tier 3,1,1
PRJ-4197,Energy,North America,US,2570003,2546702.59,276630.81,319232.58,2846633.81,2865935.18,1529,86,1615,Tier 3,4,3
PRJ-4198,Install,Europe,DE,678771,639666.7,192111.29,246101.37,870882.29,885768.06,787,74,861,Tier 4,7,6
PRJ-4199,Energy,North America,MX,3056630,4371585.52,900425.77,1053500.97,3957055.77,5425086.49,941,121,1062,Tier 3,3,0
PRJ-4200,Energy,Africa,ZA,1967838,1460770.49,162253.89,208695.78,2130091.89,1669466.26,804,47,851,Tier 3,0,0
PRJ-4201,Energy,South America,BR,3370379,3979696.35,358586.79,422078.49,3728965.79,4401774.84,1070,58,1128,Tier 3,0,0
PRJ-4202,Install,South America,BR,3932142,3622449.45,789375.17,893357.25,4721517.17,4515806.7,815,40,855,Tier 3,6,4
PRJ-4203,Energy,Oceania,AU,2470067,2951868.73,100523.9,111737.34,2570590.9,3063606.07,109,8,117,Tier 3,4,0
PRJ-4204,Energy,Asia,CN,3792575,5210307.56,932883.58,1004354.13,4725458.58,6214661.69,1220,195,1415,Tier 3,10,10
PRJ-4205,Service,South America,BR,2489652,3835867.77,420556.41,496835.39,2910208.41,4332703.15,527,54,581,Tier 3,8,5
PRJ-4206,Service,North America,MX,718144,864187.8,53255.19,62847.89,771399.19,927035.69,115,13,128,Tier 4,10,6
PRJ-4207,Install,Africa,ZA,3507720,5168895.93,266744.25,296260.19,3774464.25,5465156.12,548,51,599,Tier 3,1,1
PRJ-4208,Energy,South America,BR,1966507,1922309.61,344134.7,436492.65,2310641.7,2358802.26,188,32,220,Tier 3,4,1
PRJ-4209,Install,North America,US,3670798,2948022.7,207631.65,238528.2,3878429.65,3186550.9,1800,42,1842,Tier 3,3,3
PRJ-4210,Service,Asia,CN,3092204,1917748.92,573266.43,574413.14,3665470.43,2492162.06,858,134,992,Tier 3,1,0
PRJ-4211,Energy,Europe,FR,2085750,2468896.03,595351.13,808811.18,2681101.13,3277707.21,1269,102,1371,Tier 3,10,3
PRJ-4212,Energy,North America,US,4958262,3754095.79,1314672.48,1650216.04,6272934.48,5404311.83,1587,131,1718,Tier 2,0,0
PRJ-4213,Service,North America,MX,3569247,5645921.87,371119.3,420675,3940366.3,6066596.87,501,100,601,Tier 3,10,4
PRJ-4214,Service,Africa,ZA,4735905,4567954.12,19786.9,22130.65,4755691.9,4590084.76,1756,27,1783,Tier 3,9,0
PRJ-4215,Install,Oceania,NZ,3484764,4737744.28,824984.86,1063555.2,4309748.86,5801299.49,1114,48,1162,Tier 3,9,6
PRJ-4216,Service,South America,AR,4824983,6753844.55,292570.24,393694.75,5117553.24,7147539.31,1026,147,1173,Tier 2,0,0
PRJ-4217,Energy,Europe,DE,2213503,3948244.21,571094.17,667669.35,2784597.17,4615913.56,1750,205,1955,Tier 3,6,5
PRJ-4218,Install,Oceania,AU,2437794,3643693.58,452764,596648.52,2890558,4240342.1,469,81,550,Tier 3,8,1
PRJ-4219,Service,South America,AR,1957138,2707328.02,392768.03,571322.74,2349906.03,3278650.76,622,18,640,Tier 3,5,5
PRJ-4220,Service,South America,BR,3055643,4038766.56,70235.3,104881.78,3125878.3,4143648.34,886,56,942,Tier 3,10,5
PRJ-4221,Service,North America,MX,3992328,6518689.02,712783.46,913868.8,4705111.46,7432557.83,1522,46,1568,Tier 3,6,0
PRJ-4222,Energy,Europe,FR,2352905,4073464.1,256035.54,357740.18,2608940.54,4431204.28,78,9,87,Tier 3,5,0
PRJ-4223,Install,Oceania,NZ,910051,1066034.12,190505.58,230075.75,1100556.58,1296109.86,1099,56,1155,Tier 3,9,9
PRJ-4224,Install,Asia,CN,1045478,1634809.83,301862.33,444330.17,1347340.33,2079140,1264,115,1379,Tier 3,5,3
PRJ-4225,Energy,Oceania,NZ,2335912,3635292.74,456382.84,618088.32,2792294.84,4253381.05,838,6,844,Tier 3,8,2
PRJ-4226,Service,Asia,CN,2148975,1424697.93,271862.22,355852.38,2420837.22,1780550.31,628,12,640,Tier 3,8,8
PRJ-4227,Service,Asia,CN,2288790,1571999.77,69934.7,94322.03,2358724.7,1666321.79,674,14,688,Tier 3,9,4
PRJ-4228,Service,Africa,ZA,4153722,3798229.69,75888.03,100053.87,4229610.03,3898283.57,942,22,964,Tier 3,6,6
PRJ-4229,Install,South America,AR,4557775,3522386.62,769943.73,1045944.97,5327718.73,4568331.58,1263,43,1306,Tier 2,6,5
PRJ-4230,Install,Europe,DE,213707,268784.68,47440.07,52460.01,261147.07,321244.69,990,57,1047,Tier 4,5,2
PRJ-4231,Energy,Asia,JP,657369,516101.24,68467.44,82039.41,725836.44,598140.65,1667,7,1674,Tier 4,3,0
PRJ-4232,Energy,Africa,ZA,3108962,4162187.48,792361.22,1026040.8,3901323.22,5188228.28,1100,4,1104,Tier 3,8,4
PRJ-4233,Install,South America,BR,4594737,7036588.92,403948.04,408860.81,4998685.04,7445449.73,643,48,691,Tier 3,1,1
PRJ-4234,Energy,Africa,EG,3484558,2358555.54,1022230.08,1074063.17,4506788.08,3432618.71,436,52,488,Tier 3,9,1
PRJ-4235,Install,Oceania,NZ,3735606,2553803.79,952924.85,1109567.15,4688530.85,3663370.94,132,25,157,Tier 3,2,2
PRJ-4236,Energy,Europe,FR,1807965,2832005.51,384095.91,417875.31,2192060.91,3249880.82,259,33,292,Tier 3,10,1
PRJ-4237,Energy,Oceania,NZ,3221580,3336191.29,309513.37,345454.61,3531093.37,3681645.9,688,17,705,Tier 3,0,0
PRJ-4238,Energy,Europe,DE,804906,760609.34,228541.95,320285.67,1033447.95,1080895.01,484,18,502,Tier 3,0,0
PRJ-4239,Install,North America,MX,4520859,4888330.98,1066419.57,1131639.92,5587278.57,6019970.9,1697,76,1773,Tier 2,10,4
PRJ-4240,Energy,South America,BR,1616798,2824066.98,297086.59,386943.51,1913884.59,3211010.49,1458,160,1618,Tier 3,4,1
PRJ-4241,Service,Asia,CN,323832,431816.16,55840.97,77741.16,379672.97,509557.33,356,6,362,Tier 4,1,1
PRJ-4242,Service,North America,US,888887,1214326.17,71183.13,83796.93,960070.13,1298123.1,936,40,976,Tier 4,0,0
PRJ-4243,Energy,Africa,ZA,1612783,2223178.67,304250.2,411543.64,1917033.2,2634722.31,542,58,600,Tier 3,6,0
PRJ-4244,Service,South America,AR,825725,644982.13,140564.24,145130.77,966289.24,790112.9,174,8,182,Tier 4,0,0
PRJ-4245,Install,South America,AR,1009986,855395.87,208277.44,293520.47,1218263.44,1148916.34,1325,240,1565,Tier 3,9,1
PRJ-4246,Install,Asia,CN,961076,641940.55,41582.36,47010.58,1002658.36,688951.13,672,5,677,Tier 3,5,5
PRJ-4247,Install,South America,BR,4281256,4117382.82,782438.83,818041.99,5063694.83,4935424.81,476,56,532,Tier 2,0,0
PRJ-4248,Energy,South America,BR,617988,698954.31,89597.53,106628.51,707585.53,805582.82,1796,175,1971,Tier 4,1,1
PRJ-4249,Install,Asia,CN,1731178,2799076.28,333501.21,394479.89,2064679.21,3193556.17,954,73,1027,Tier 3,9,9
PRJ-4250,Install,South America,BR,662923,926737.11,9238.57,13568.72,672161.57,940305.84,1597,201,1798,Tier 4,6,1
PRJ-4251,Service,Africa,ZA,3175625,4756852.27,800593.08,1028715.55,3976218.08,5785567.82,162,14,176,Tier 3,1,0
PRJ-4252,Service,Europe,DE,4481673,4157844.35,423413.32,529372.2,4905086.32,4687216.55,1814,325,2139,Tier 3,6,4
PRJ-4253,Service,Europe,FR,751145,1309046.56,220103.5,222919.37,971248.5,1531965.93,1055,150,1205,Tier 4,8,0
PRJ-4254,Install,Europe,FR,3837929,3899486.05,919393.53,1239968,4757322.53,5139454.05,1302,36,1338,Tier 3,8,8
PRJ-4255,Energy,Europe,FR,1153336,2061296.37,5523.45,6310.3,1158859.45,2067606.68,1788,26,1814,Tier 3,0,0
PRJ-4256,Install,Africa,ZA,1191003,717903.21,332206.28,349136.47,1523209.28,1067039.69,684,15,699,Tier 3,8,4
PRJ-4257,Service,Europe,DE,1818792,2241448.3,189642.56,270639.14,2008434.56,2512087.44,1588,141,1729,Tier 3,8,6
PRJ-4258,Install,South America,BR,2456228,3985634.75,45810.2,51656.01,2502038.2,4037290.77,1631,130,1761,Tier 3,8,8
PRJ-4259,Energy,Asia,CN,1796086,2157433.78,143339.68,197044.42,1939425.68,2354478.19,1497,23,1520,Tier 3,10,5
PRJ-4260,Install,South America,AR,867532,964018.15,46279.6,67881.72,913811.6,1031899.87,1273,225,1498,Tier 4,6,6
PRJ-4261,Energy,Africa,EG,4131030,4208987.24,1083633.67,1362061.96,5214663.67,5571049.2,603,60,663,Tier 2,10,4
PRJ-4262,Install,Europe,FR,3937611,3685549.9,16007.88,20180.9,3953618.88,3705730.8,134,26,160,Tier 3,8,5
PRJ-4263,Install,Asia,CN,2283017,3878087.42,171703.69,250719.33,2454720.69,4128806.75,314,25,339,Tier 3,8,4
PRJ-4264,Install,Europe,FR,153389,100671.98,42809.02,58964.17,196198.02,159636.16,573,47,620,Tier 5,10,9
PRJ-4265,Service,South America,AR,4332956,3307643.67,680703.59,821113.86,5013659.59,4128757.53,863,42,905,Tier 2,0,0
PRJ-4266,Service,South America,BR,1311936,1560761.15,115567.28,140385.84,1427503.28,1701146.99,1386,176,1562,Tier 3,8,0
PRJ-4267,Energy,North America,MX,1895011,2741291.32,325708.07,389417.11,2220719.07,3130708.43,302,54,356,Tier 3,6,0
PRJ-4268,Install,Africa,EG,311642,458926.4,83958.33,111736.25,395600.33,570662.65,497,22,519,Tier 4,10,2
PRJ-4269,Install,North America,US,4885671,7569644.5,1233412.76,1720021.58,6119083.76,9289666.08,187,35,222,Tier 2,8,3
PRJ-4270,Install,South America,AR,3765904,5896143.02,357720.04,509288.61,4123624.04,6405431.63,1553,22,1575,Tier 3,8,3
PRJ-4271,Install,Asia,CN,1363329,1471386.41,290992.4,424011.78,1654321.4,1895398.19,481,0,481,Tier 3,4,1
PRJ-4272,Energy,North America,US,717640,710912.51,5236.03,7725.59,722876.03,718638.09,70,9,79,Tier 4,3,0
PRJ-4273,Install,Africa,EG,1303990,1694732.17,372868.89,556552.63,1676858.89,2251284.8,589,99,688,Tier 3,8,1
PRJ-4274,Energy,Oceania,AU,4787255,5064849.93,13660.06,17672.37,4800915.06,5082522.3,1426,109,1535,Tier 3,8,3
PRJ-4275,Install,Europe,DE,2833394,3571173.55,37838.15,47325.11,2871232.15,3618498.65,195,4,199,Tier 3,2,1
PRJ-4276,Energy,North America,MX,1363037,1345183.98,17535.35,25274.79,1380572.35,1370458.77,1163,50,1213,Tier 3,7,6
PRJ-4277,Install,North America,MX,2302833,2384781.34,389793.71,500796.02,2692626.71,2885577.36,958,119,1077,Tier 3,5,3
PRJ-4278,Service,Europe,FR,4967923,6479599.75,1369636.73,1788588.52,6337559.73,8268188.26,652,36,688,Tier 2,7,7
PRJ-4279,Service,Europe,DE,2474534,1584102.39,363782.57,471998.63,2838316.57,2056101.02,649,71,720,Tier 3,7,6
PRJ-4280,Service,Oceania,AU,1833810,2256847.16,262928.79,341463.22,2096738.79,2598310.38,188,21,209,Tier 3,0,0
PRJ-4281,Service,Europe,FR,3259674,4153334.98,776341.58,1075912.7,4036015.58,5229247.68,1153,36,1189,Tier 3,8,1
PRJ-4282,Service,Asia,JP,1480882,1119133.04,15170.6,19420.85,1496052.6,1138553.9,565,89,654,Tier 3,5,2
PRJ-4283,Service,Oceania,AU,2034299,2957960.13,143947.27,214599.52,2178246.27,3172559.65,15,0,15,Tier 3,1,0
PRJ-4284,Install,Asia,CN,1754725,2552498.89,301724.88,412675.5,2056449.88,2965174.39,1575,171,1746,Tier 3,10,4
PRJ-4285,Service,Africa,ZA,2664032,2678984.79,654775.01,761311.41,3318807.01,3440296.2,393,72,465,Tier 3,0,0
PRJ-4286,Energy,Oceania,NZ,3295190,3457495.39,202452.63,208341.92,3497642.63,3665837.31,347,7,354,Tier 3,7,1
PRJ-4287,Install,Africa,ZA,4200230,2774165.22,884805.53,996723.56,5085035.53,3770888.78,1329,185,1514,Tier 2,6,5
PRJ-4288,Energy,Oceania,AU,254712,169467.9,51747.23,57099.75,306459.23,226567.65,589,46,635,Tier 4,9,6
PRJ-4289,Energy,Europe,FR,391727,661521.11,63659.1,93984.64,455386.1,755505.75,1554,151,1705,Tier 4,2,2
PRJ-4290,Energy,North America,US,3005266,3665990.92,85627.11,109132.17,3090893.11,3775123.09,1390,5,1395,Tier 3,2,2
PRJ-4291,Install,North America,MX,4885653,6881700.45,1391969.04,1847179.92,6277622.04,8728880.38,1802,31,1833,Tier 2,10,9
PRJ-4292,Install,Oceania,AU,4988690,3793375.54,205507.84,287104.56,5194197.84,4080480.1,862,4,866,Tier 2,10,1
PRJ-4293,Service,Asia,CN,442331,525131.65,20521.7,25923.39,462852.7,551055.05,1796,252,2048,Tier 4,5,4
PRJ-4294,Install,Asia,JP,982156,1764719.38,223070.65,317834.17,1205226.65,2082553.55,837,114,951,Tier 3,8,0
PRJ-4295,Install,Asia,CN,1627084,1966439.56,453729.31,505025.57,2080813.31,2471465.13,268,13,281,Tier 3,1,1
PRJ-4296,Energy,North America,MX,3156800,3251298.39,806338.37,964754.55,3963138.37,4216052.94,1510,15,1525,Tier 3,7,0
PRJ-4297,Service,Europe,FR,4940344,8546018.93,561013.01,733042.75,5501357.01,9279061.67,719,30,749,Tier 2,4,0
PRJ-4298,Energy,North America,MX,2963384,3854843.58,747158.48,1001561.72,3710542.48,4856405.3,1628,298,1926,Tier 3,3,2
PRJ-4299,Service,Oceania,AU,3456981,3382366.82,558223.08,589821.5,4015204.08,3972188.33,954,71,1025,Tier 3,3,0
PRJ-4300,Service,Europe,DE,598275,727619.17,54531.46,61386.61,652806.46,789005.78,1812,250,2062,Tier 4,7,2
PRJ-4301,Install,South America,AR,3996821,5920142.43,265032.76,359972.46,4261853.76,6280114.89,326,46,372,Tier 3,4,1
PRJ-4302,Install,Oceania,NZ,2164180,3736173.62,139059.5,156765.99,2303239.5,3892939.6,229,45,274,Tier 3,3,2
PRJ-4303,Install,Oceania,NZ,4711183,4615350.05,699932.16,894130.6,5411115.16,5509480.66,32,3,35,Tier 2,4,1
PRJ-4304,Service,South America,BR,1253378,1780364.67,113761.19,124400.87,1367139.19,1904765.54,480,1,481,Tier 3,10,10
PRJ-4305,Service,Asia,JP,2925989,1899463.12,746912.45,857792.49,3672901.45,2757255.61,111,6,117,Tier 3,1,1
PRJ-4306,Energy,Asia,CN,1894577,1979075.44,552768,775002.34,2447345,2754077.78,1817,322,2139,Tier 3,1,0
PRJ-4307,Install,Oceania,AU,173252,158730.57,183.39,249.34,173435.39,158979.91,800,8,808,Tier 5,4,4
PRJ-4308,Install,North America,US,4417510,5484549.64,1119476.41,1128974.7,5536986.41,6613524.34,1482,47,1529,Tier 2,8,2
PRJ-4309,Install,Oceania,NZ,1614553,1916623,350699.25,457436.64,1965252.25,2374059.64,320,61,381,Tier 3,0,0
PRJ-4310,Install,Africa,ZA,1898548,1802402.15,349100.07,408304.73,2247648.07,2210706.87,17,0,17,Tier 3,6,4
PRJ-4311,Energy,Europe,DE,316901,271222.05,37909.05,40214.31,354810.05,311436.36,858,93,951,Tier 4,5,4
PRJ-4312,Service,Asia,JP,2238207,3022778.36,604487.58,894193.54,2842694.58,3916971.9,923,182,1105,Tier 3,0,0
PRJ-4313,Energy,South America,BR,2687015,1831046.64,738988.54,802179.22,3426003.54,2633225.86,1660,10,1670,Tier 3,1,0
PRJ-4314,Install,Europe,FR,1475085,965691.12,157763.27,225404.39,1632848.27,1191095.51,561,34,595,Tier 3,7,4
PRJ-4315,Install,Europe,FR,624323,785640.96,130549.08,151360.33,754872.08,937001.29,208,12,220,Tier 4,10,3
PRJ-4316,Install,Oceania,NZ,3040646,4343988.81,337291.97,464419.03,3377937.97,4808407.84,397,54,451,Tier 3,4,0
PRJ-4317,Install,Asia,CN,4176688,3680640.71,706016.03,729305.79,4882704.03,4409946.5,871,62,933,Tier 3,9,7
PRJ-4318,Energy,Asia,CN,4264957,2742901.92,10851.68,13335.93,4275808.68,2756237.85,261,21,282,Tier 3,8,7
PRJ-4319,Service,Europe,DE,1082036,857380.32,72812.22,90550.51,1154848.22,947930.83,1568,74,1642,Tier 3,9,0
PRJ-4320,Energy,Oceania,AU,4507310,7794521.06,1220424.3,1765171.7,5727734.3,9559692.76,1573,4,1577,Tier 2,1,0
PRJ-4321,Energy,Europe,FR,1051710,692055.63,70646.6,100387.94,1122356.6,792443.57,962,131,1093,Tier 3,9,9
PRJ-4322,Service,North America,US,829351,961123.57,194844.86,218329.42,1024195.86,1179453,980,25,1005,Tier 3,4,1
PRJ-4323,Energy,Asia,CN,716207,511261.64,116173.91,125677.41,832380.91,636939.05,314,25,339,Tier 4,3,1
PRJ-4324,Energy,Africa,EG,1939330,2667931.98,80385.89,80980.81,2019715.89,2748912.79,777,21,798,Tier 3,5,5
PRJ-4325,Energy,Africa,EG,4822794,6085778.9,795054.83,1040299.34,5617848.83,7126078.24,296,34,330,Tier 2,3,1
PRJ-4326,Service,Asia,JP,4375188,5719194.91,56704.29,58959.09,4431892.29,5778153.99,247,29,276,Tier 3,5,4
PRJ-4327,Service,Europe,DE,4334852,7355377.62,405589.14,463413.59,4740441.14,7818791.21,766,15,781,Tier 3,3,0
PRJ-4328,Energy,Oceania,AU,168607,242708.57,16861.1,22143.76,185468.1,264852.33,1413,239,1652,Tier 5,7,4
PRJ-4329,Install,Asia,JP,537988,911851.32,131540.95,182267.73,669528.95,1094119.04,989,3,992,Tier 4,5,2
PRJ-4330,Install,Africa,ZA,4191427,5563177.12,40093.52,40657.7,4231520.52,5603834.82,1706,165,1871,Tier 3,9,3
PRJ-4331,Energy,North America,MX,2837153,4702286.02,330142.1,458157.68,3167295.1,5160443.7,1103,1,1104,Tier 3,2,2
PRJ-4332,Install,Asia,JP,2330832,3773498.89,348998.48,457848.98,2679830.48,4231347.87,1709,240,1949,Tier 3,1,0
PRJ-4333,Service,Africa,EG,4316150,6415339.09,544513.83,763704.29,4860663.83,7179043.37,1719,2,1721,Tier 3,4,0
PRJ-4334,Energy,North America,MX,219005,215902.17,28808.81,37641.48,247813.81,253543.65,1701,150,1851,Tier 5,10,0
PRJ-4335,Energy,Oceania,AU,4055474,6015048.85,954905.31,1370933.13,5010379.31,7385981.99,81,10,91,Tier 2,5,2
PRJ-4336,Install,Asia,CN,2236273,3801721.59,461867.35,571403.83,2698140.35,4373125.42,942,135,1077,Tier 3,2,2
PRJ-4337,Energy,Oceania,NZ,4880223,4881759.89,1270534.34,1502363.81,6150757.34,6384123.7,392,67,459,Tier 2,9,7
PRJ-4338,Energy,Asia,JP,1126132,1286350.76,43563.55,58036.61,1169695.55,1344387.36,1099,67,1166,Tier 3,10,8
PRJ-4339,Install,North America,MX,1095662,1074084.03,307873.51,430101.52,1403535.51,1504185.55,1313,133,1446,Tier 3,5,1
PRJ-4340,Energy,Africa,EG,797392,656653.88,17018.03,21340.15,814410.03,677994.03,1224,67,1291,Tier 4,0,0
PRJ-4341,Install,Africa,EG,732888,954021.65,60137.85,86617.74,793025.85,1040639.38,756,147,903,Tier 4,2,2
PRJ-4342,Energy,South America,AR,4930021,3599680.27,1101352.76,1449457.24,6031373.76,5049137.51,797,144,941,Tier 2,6,5
PRJ-4343,Service,Oceania,AU,2150288,3225967.49,561243.51,778560.74,2711531.51,4004528.23,29,1,30,Tier 3,0,0
PRJ-4344,Service,South America,BR,1992696,2303628.84,474782.91,666407.18,2467478.91,2970036.02,1562,135,1697,Tier 3,6,5
PRJ-4345,Service,Europe,FR,1321401,2373914.82,56248.29,57747.1,1377649.29,2431661.91,101,16,117,Tier 3,1,1
PRJ-4346,Install,Europe,FR,976214,678889.08,285377.57,319052.79,1261591.57,997941.87,823,140,963,Tier 3,10,3
PRJ-4347,Service,Africa,ZA,3650040,5103031.37,941677.08,947725.14,4591717.08,6050756.51,985,78,1063,Tier 3,1,0
PRJ-4348,Install,North America,US,260774,356567.08,66313.37,70337.75,327087.37,426904.83,324,52,376,Tier 4,6,0
PRJ-4349,Install,Asia,CN,3887303,6909935.69,878824.98,1281956.33,4766127.98,8191892.02,1004,99,1103,Tier 3,2,2
PRJ-4350,Install,Europe,DE,1930445,3143818.66,361488.85,527063.17,2291933.85,3670881.83,1803,187,1990,Tier 3,2,2
PRJ-4351,Service,South America,BR,939277,1045576.4,15032.54,18706.01,954309.54,1064282.41,1114,17,1131,Tier 4,2,1
PRJ-4352,Service,Europe,DE,3746034,4224666.56,951938.87,1187715.75,4697972.87,5412382.3,1521,124,1645,Tier 3,9,6
PRJ-4353,Install,South America,BR,978569,723708.35,49145.73,61311.57,1027714.73,785019.93,691,94,785,Tier 3,8,2
PRJ-4354,Install,Africa,ZA,4107692,2726729.83,799445.42,1097911.71,4907137.42,3824641.54,1289,73,1362,Tier 3,4,0
PRJ-4355,Install,Asia,CN,667394,1094053.32,27984.31,39736.22,695378.31,1133789.54,48,6,54,Tier 4,10,2
PRJ-4356,Service,North America,MX,3609884,6102081.03,998426.58,1293130.61,4608310.58,7395211.64,1792,287,2079,Tier 3,8,7
PRJ-4357,Energy,Oceania,NZ,346117,495812.56,19243.37,26601.29,365360.37,522413.85,1386,91,1477,Tier 4,10,1
PRJ-4358,Energy,Asia,CN,4155903,6188588.61,699105.91,763272.71,4855008.91,6951861.33,1226,67,1293,Tier 3,1,1
PRJ-4359,Install,Asia,JP,1885158,3201382.67,111497.29,148492.65,1996655.29,3349875.32,810,119,929,Tier 3,10,3
PRJ-4360,Install,Africa,EG,2984228,2865035.1,37030.18,45604.5,3021258.18,2910639.6,279,15,294,Tier 3,7,2
PRJ-4361,Service,Oceania,NZ,1346657,1881719.65,27543.24,38149.79,1374200.24,1919869.44,760,27,787,Tier 3,9,6
PRJ-4362,Install,Africa,EG,1787078,1411760.85,86663.74,122687.32,1873741.74,1534448.16,1117,218,1335,Tier 3,8,5
PRJ-4363,Install,Europe,FR,3673246,5795861.64,343315.66,362314.71,4016561.66,6158176.34,1436,170,1606,Tier 3,5,2
PRJ-4364,Install,Africa,ZA,4717741,6277291.43,171749.83,235208.3,4889490.83,6512499.74,1766,306,2072,Tier 3,7,5
PRJ-4365,Service,Africa,ZA,1119146,1484261.38,44787.18,67151.18,1163933.18,1551412.57,1323,40,1363,Tier 3,5,3
PRJ-4366,Energy,Asia,CN,3186844,4889162.6,244473.11,331956.75,3431317.11,5221119.35,1543,216,1759,Tier 3,9,0
PRJ-4367,Install,Africa,EG,1831946,3251925.63,359192.46,475347.71,2191138.46,3727273.33,1497,216,1713,Tier 3,0,0
PRJ-4368,Energy,South America,BR,2984936,5262267.84,48715.46,65683.1,3033651.46,5327950.94,1110,142,1252,Tier 3,8,5
PRJ-4369,Energy,South America,AR,1192340,881054.73,162592.72,197274.26,1354932.72,1078329,248,22,270,Tier 3,10,3
PRJ-4370,Install,Asia,CN,3836507,4624333.3,244331.2,321345.75,4080838.2,4945679.05,1249,162,1411,Tier 3,7,4
PRJ-4371,Energy,South America,BR,4170853,4431073.61,503805.15,565448.33,4674658.15,4996521.94,1531,15,1546,Tier 3,3,0
PRJ-4372,Energy,North America,US,4629782,3350039.6,1006679.71,1472509.89,5636461.71,4822549.49,509,40,549,Tier 2,9,4
PRJ-4373,Energy,South America,AR,4649094,6240523.48,221057.44,253684.59,4870151.44,6494208.07,312,32,344,Tier 3,6,3
PRJ-4374,Install,Asia,JP,427841,563182.02,27403.97,33738.09,455244.97,596920.11,1737,112,1849,Tier 4,4,1
PRJ-4375,Service,North America,MX,3494109,2370881.51,810888.51,863785.58,4304997.51,3234667.08,513,11,524,Tier 3,6,1
PRJ-4376,Service,Oceania,NZ,2174391,2420975.68,448587.67,588723.37,2622978.67,3009699.05,106,19,125,Tier 3,3,2
PRJ-4377,Energy,North America,US,2485625,2060908.13,728129.72,794962.77,3213754.72,2855870.91,36,1,37,Tier 3,5,5
PRJ-4378,Energy,Oceania,AU,4468822,4616553.02,618896.87,810707.86,5087718.87,5427260.88,240,31,271,Tier 2,7,2
PRJ-4379,Service,South America,BR,4241955,3064574.95,67681.76,100929.96,4309636.76,3165504.91,1340,113,1453,Tier 3,10,3
PRJ-4380,Service,Oceania,AU,4507984,4288257.51,854035.14,1042343.76,5362019.14,5330601.28,471,65,536,Tier 2,9,8
PRJ-4381,Install,South America,AR,1811140,3123867.3,534103.49,560166.17,2345243.49,3684033.47,1040,28,1068,Tier 3,1,0
PRJ-4382,Install,Asia,JP,1548255,2387986.81,353310.25,524829,1901565.25,2912815.8,331,53,384,Tier 3,7,4
PRJ-4383,Energy,Oceania,NZ,4093245,3202938.17,1202637.71,1648340.02,5295882.71,4851278.19,280,20,300,Tier 2,7,2
PRJ-4384,Service,Oceania,NZ,4241722,5562003.52,523333.75,580251.7,4765055.75,6142255.22,1160,28,1188,Tier 3,8,1
PRJ-4385,Install,South America,BR,3258245,4268967.08,97663.82,144527.49,3355908.82,4413494.57,815,99,914,Tier 3,4,0
PRJ-4386,Service,South America,AR,1569867,2044269.78,222191.81,254859.22,1792058.81,2299129,357,42,399,Tier 3,3,0
PRJ-4387,Install,Oceania,AU,4002900,5775262.09,190785.94,216279.67,4193685.94,5991541.76,1182,180,1362,Tier 3,0,0
PRJ-4388,Install,Europe,FR,4186732,7001268.96,154372.6,179320.38,4341104.6,7180589.34,1610,117,1727,Tier 3,3,2
PRJ-4389,Energy,Oceania,AU,3612781,5847679.17,359289.74,479343.61,3972070.74,6327022.78,1484,132,1616,Tier 3,8,7
PRJ-4390,Install,Africa,ZA,4243778,6488326.65,482729.9,538614.69,4726507.9,7026941.34,1163,133,1296,Tier 3,10,3
PRJ-4391,Install,Africa,ZA,1256529,1417600.09,262883.32,369750.74,1519412.32,1787350.83,544,74,618,Tier 3,2,1
PRJ-4392,Service,Asia,CN,856145,527569.5,233089,320670.09,1089234,848239.59,98,17,115,Tier 3,1,1
PRJ-4393,Service,Oceania,AU,3440616,5565262.72,678648.04,704958.7,4119264.04,6270221.42,1528,145,1673,Tier 3,9,3
PRJ-4394,Energy,Asia,CN,4149940,5230288.86,1201878.55,1514267.55,5351818.55,6744556.41,156,9,165,Tier 2,5,3
PRJ-4395,Energy,South America,AR,1545517,1943277.75,233852.69,276025.71,1779369.69,2219303.47,1106,55,1161,Tier 3,3,1
PRJ-4396,Install,South America,AR,2114392,1700861.77,86225.74,88256.89,2200617.74,1789118.66,189,13,202,Tier 3,9,3
PRJ-4397,Install,Oceania,AU,2553823,2281787.58,121828.18,157797.3,2675651.18,2439584.88,1607,3,1610,Tier 3,1,1
PRJ-4398,Energy,Africa,EG,3026308,4502351.7,739677.12,783765.56,3765985.12,5286117.27,58,7,65,Tier 3,4,1
PRJ-4399,Energy,Africa,EG,2069818,2357585.75,220156.01,229817.54,2289974.01,2587403.29,1417,131,1548,Tier 3,6,5
PRJ-4400,Service,North America,MX,3241106,4716841.12,423455.3,539546.7,3664561.3,5256387.82,386,51,437,Tier 3,5,1
PRJ-4401,Energy,Africa,ZA,4734392,7192554.06,1284679.12,1320956.69,6019071.12,8513510.75,815,135,950,Tier 2,0,0
PRJ-4402,Service,North America,MX,4587599,5314842.58,273722.76,391408.83,4861321.76,5706251.41,1524,1,1525,Tier 3,5,3
PRJ-4403,Service,Oceania,NZ,2902150,4286765.08,572326.37,751365.79,3474476.37,5038130.87,1658,146,1804,Tier 3,2,2
PRJ-4404,Install,South America,BR,3853456,4212511.27,129676.82,173731.51,3983132.82,4386242.78,648,93,741,Tier 3,6,6
PRJ-4405,Energy,Asia,CN,1986052,2694258.79,355442.65,426597.25,2341494.65,3120856.03,1058,196,1254,Tier 3,5,2
PRJ-4406,Energy,North America,US,3096516,4820823.09,471449.34,705038.02,3567965.34,5525861.11,347,61,408,Tier 3,9,6
PRJ-4407,Install,South America,BR,4980370,4055299.66,1167403.63,1649226.9,6147773.63,5704526.57,934,154,1088,Tier 2,9,9
PRJ-4408,Service,Africa,EG,2163321,1772203.62,581090.4,695886.16,2744411.4,2468089.78,118,22,140,Tier 3,4,2
PRJ-4409,Energy,South America,AR,670006,1169407.14,13920.02,20240.46,683926.02,1189647.59,1729,257,1986,Tier 4,3,3
PRJ-4410,Service,North America,MX,2963486,4036203.49,787248.86,1095573.67,3750734.86,5131777.16,711,62,773,Tier 3,6,0
PRJ-4411,Energy,Africa,EG,3676419,5331476.12,27074.28,35533.33,3703493.28,5367009.45,1479,66,1545,Tier 3,4,2
PRJ-4412,Energy,Oceania,AU,4130522,3557881.95,300386.9,386435.48,4430908.9,3944317.43,244,21,265,Tier 3,7,2
PRJ-4413,Energy,Oceania,AU,2815518,3719971.69,805346.8,916120.01,3620864.8,4636091.71,530,74,604,Tier 3,2,2
PRJ-4414,Install,South America,AR,2305567,2058801.72,324224.15,459598.94,2629791.15,2518400.67,314,49,363,Tier 3,4,4
PRJ-4415,Install,Asia,JP,2580753,2692465.63,604887.43,730667.47,3185640.43,3423133.1,746,0,746,Tier 3,4,0
PRJ-4416,Install,South America,BR,709517,775723.57,203174.56,205391.57,912691.56,981115.14,1087,144,1231,Tier 4,1,1
PRJ-4417,Service,Asia,JP,985503,1210935,1870.27,2416.1,987373.27,1213351.1,1502,295,1797,Tier 4,6,6
PRJ-4418,Install,South America,AR,4504256,8074609.8,574225.23,647517.08,5078481.23,8722126.88,1578,236,1814,Tier 2,7,2
PRJ-4419,Install,Europe,DE,3715788,6096972.24,287966.45,390553.78,4003754.45,6487526.02,475,6,481,Tier 3,5,4
PRJ-4420,Energy,Asia,JP,390005,270796.92,64777.9,68906.37,454782.9,339703.29,767,78,845,Tier 4,6,1
PRJ-4421,Energy,South America,AR,3390649,4546096.46,312881.21,394839.03,3703530.21,4940935.49,1048,62,1110,Tier 3,3,3
PRJ-4422,Service,Asia,JP,2861665,1792089.38,398343.83,542151.52,3260008.83,2334240.91,269,20,289,Tier 3,2,0
PRJ-4423,Service,Oceania,AU,3703941,6153046.59,1107067.29,1467640.69,4811008.29,7620687.27,1589,118,1707,Tier 3,6,2
PRJ-4424,Service,Africa,EG,3450347,5736050.3,235641.09,306039.43,3685988.09,6042089.73,304,29,333,Tier 3,0,0
PRJ-4425,Install,Oceania,AU,2412282,4222636.22,235107.61,312702.03,2647389.61,4535338.26,1257,234,1491,Tier 3,9,4
PRJ-4426,Install,Asia,JP,4959589,8158237.85,1480216.73,2086895.48,6439805.73,10245133.33,185,6,191,Tier 2,5,3
PRJ-4427,Install,Oceania,NZ,1975316,3543353.5,496257.72,659928.48,2471573.72,4203281.98,1401,225,1626,Tier 3,6,0
PRJ-4428,Service,South America,AR,3890286,4700058.39,714801.51,835676.83,4605087.51,5535735.22,1772,67,1839,Tier 3,8,3
PRJ-4429,Install,Oceania,AU,776191,1145919.03,131813.64,196473.92,908004.64,1342392.95,1145,5,1150,Tier 4,7,2
PRJ-4430,Install,South America,BR,3189312,2044448.49,644711.77,783984.7,3834023.77,2828433.2,719,22,741,Tier 3,3,0
PRJ-4431,Energy,South America,AR,4094336,4961868.47,313068.98,400267.15,4407404.98,5362135.62,1162,126,1288,Tier 3,9,8
PRJ-4432,Install,South America,BR,3343079,2720484.82,971085.23,1323544.41,4314164.23,4044029.23,1169,95,1264,Tier 3,1,1
PRJ-4433,Service,South America,BR,3346255,2286785.59,406713.05,505591.97,3752968.05,2792377.56,1487,140,1627,Tier 3,0,0
PRJ-4434,Install,Europe,FR,656285,428180.48,158704.27,209073.94,814989.27,637254.42,1232,182,1414,Tier 4,7,2
PRJ-4435,Install,North America,US,4891004,6838464.23,438788.42,452639.33,5329792.42,7291103.56,869,55,924,Tier 2,0,0
PRJ-4436,Service,North America,US,2476845,2428319.97,363626.66,381462.44,2840471.66,2809782.4,1823,220,2043,Tier 3,1,0
PRJ-4437,Energy,Oceania,AU,4824669,7458840.73,311247.73,458565.85,5135916.73,7917406.57,341,11,352,Tier 2,6,0
PRJ-4438,Install,South America,AR,2976735,4491012.48,823537.64,1165085.12,3800272.64,5656097.6,1287,246,1533,Tier 3,9,5
PRJ-4439,Service,North America,MX,334066,548676.87,14532.52,16143.31,348598.52,564820.19,330,9,339,Tier 4,4,2
PRJ-4440,Install,Europe,FR,556245,610919.39,27560.53,31045.64,583805.53,641965.03,1538,52,1590,Tier 4,4,3
PRJ-4441,Install,Asia,JP,2388758,1575716.96,536915.13,616284.05,2925673.13,2192001.01,110,5,115,Tier 3,10,2
PRJ-4442,Install,Africa,EG,1335463,1727533.02,332756.07,367287.39,1668219.07,2094820.41,1734,88,1822,Tier 3,3,3
PRJ-4443,Service,Asia,JP,105844,83033.02,14226.81,19307.41,120070.81,102340.42,609,5,614,Tier 5,8,1
PRJ-4444,Service,Oceania,NZ,1631792,2559058.86,267199.21,307895.43,1898991.21,2866954.29,833,103,936,Tier 3,2,0
PRJ-4445,Install,Africa,ZA,1624857,2619995.42,205661.85,211969.65,1830518.85,2831965.07,1265,207,1472,Tier 3,6,4
PRJ-4446,Install,Asia,JP,2145339,2980922.29,50508.25,50692.09,2195847.25,3031614.38,1811,90,1901,Tier 3,10,8
PRJ-4447,Service,Oceania,AU,3366610,5883300.98,369272.05,437881.23,3735882.05,6321182.22,516,51,567,Tier 3,8,6
PRJ-4448,Install,Asia,JP,3385403,2510735.04,825639.64,1094211.57,4211042.64,3604946.61,643,30,673,Tier 3,5,0
PRJ-4449,Service,South America,AR,3790006,6033351.39,814791.21,1174497.47,4604797.21,7207848.86,21,0,21,Tier 3,3,2
PRJ-4450,Service,North America,US,3807947,3877069.01,791915.42,1136563.82,4599862.42,5013632.84,26,4,30,Tier 3,10,8
PRJ-4451,Service,Oceania,NZ,1601367,1568620.45,442030.69,641511.63,2043397.69,2210132.07,883,0,883,Tier 3,4,1
PRJ-4452,Energy,Europe,FR,1547137,1287847.51,123104.36,147372.74,1670241.36,1435220.24,1619,130,1749,Tier 3,1,1
PRJ-4453,Service,Africa,EG,2884282,2144877.93,497228.45,715434.22,3381510.45,2860312.15,167,27,194,Tier 3,2,0
PRJ-4454,Service,Oceania,NZ,4718833,6492656.68,1300751.77,1743248.77,6019584.77,8235905.45,451,77,528,Tier 2,1,0
PRJ-4455,Service,Asia,JP,4091961,3985238.05,940760.56,982820.4,5032721.56,4968058.45,52,3,55,Tier 2,9,7
PRJ-4456,Service,Oceania,AU,309880,455871.72,54659.65,69359.71,364539.65,525231.42,1188,194,1382,Tier 4,4,0
PRJ-4457,Install,South America,BR,1668423,1195693.54,492774.8,499495.58,2161197.8,1695189.12,172,0,172,Tier 3,5,0
PRJ-4458,Install,Asia,JP,1684421,1777531.74,360007.93,509453.19,2044428.93,2286984.93,1068,65,1133,Tier 3,5,0
PRJ-4459,Energy,Africa,ZA,2792811,3327974.7,808281.74,943318.91,3601092.74,4271293.61,232,37,269,Tier 3,10,4
PRJ-4460,Energy,Africa,ZA,397017,488891.16,27559.16,30235.49,424576.16,519126.66,1180,116,1296,Tier 4,4,1
PRJ-4461,Service,Africa,ZA,1426263,1398252.59,386029.34,388523.98,1812292.34,1786776.57,1532,83,1615,Tier 3,3,3
PRJ-4462,Energy,Oceania,NZ,493011,522557.9,112990.45,129613.63,606001.45,652171.53,1186,196,1382,Tier 4,3,3
PRJ-4463,Install,South America,BR,2728078,2642266.66,287937.28,399959.25,3016015.28,3042225.91,649,59,708,Tier 3,5,4
PRJ-4464,Install,Oceania,AU,2230007,2413552.32,606400.42,822531.14,2836407.42,3236083.47,1795,80,1875,Tier 3,6,4
PRJ-4465,Energy,South America,AR,4554407,3675074.23,439453.04,524038.12,4993860.04,4199112.36,1767,237,2004,Tier 3,7,7
PRJ-4466,Service,Asia,JP,4413027,3666798.23,259375.12,380397.29,4672402.12,4047195.52,495,14,509,Tier 3,10,2
PRJ-4467,Install,North America,US,3523241,5816984.14,243619.4,253608.42,3766860.4,6070592.56,1781,125,1906,Tier 3,2,0
PRJ-4468,Energy,Oceania,NZ,4740887,5080284.48,299845.68,327534.67,5040732.68,5407819.15,227,26,253,Tier 2,4,4
PRJ-4469,Energy,South America,BR,4238354,6575696.26,675981.69,915726.22,4914335.69,7491422.48,541,2,543,Tier 3,3,1
PRJ-4470,Service,South America,BR,4630378,4678206.17,466372.14,540614.97,5096750.14,5218821.14,197,36,233,Tier 2,10,1
PRJ-4471,Service,Europe,DE,3958874,3041866.17,424044.08,445853.7,4382918.08,3487719.86,1184,132,1316,Tier 3,1,0
PRJ-4472,Service,Europe,FR,111748,104290.92,23485,25244.76,135233,129535.68,86,9,95,Tier 5,2,0
PRJ-4473,Energy,Asia,JP,4892597,4845473.93,720520.85,896377.04,5613117.85,5741850.97,1225,146,1371,Tier 2,7,7
PRJ-4474,Install,North America,US,3479548,3369217.9,378197.29,401870.46,3857745.29,3771088.37,434,37,471,Tier 3,9,2
PRJ-4475,Energy,Oceania,AU,1354444,2172271.44,46369.53,53502.96,1400813.53,2225774.4,370,12,382,Tier 3,1,1
PRJ-4476,Service,Asia,CN,1532727,2118327.75,267788.16,282438.59,1800515.16,2400766.33,428,79,507,Tier 3,3,2
PRJ-4477,Service,North America,MX,4322011,4831224.01,994926.16,1045742.48,5316937.16,5876966.5,1800,314,2114,Tier 2,7,7
PRJ-4478,Service,North America,US,4361751,7831470.41,649114.56,720690.76,5010865.56,8552161.17,1765,111,1876,Tier 2,1,1
PRJ-4479,Service,Africa,ZA,213009,138783.5,33456.05,33936.77,246465.05,172720.27,984,0,984,Tier 5,0,0
PRJ-4480,Service,North America,US,723980,1117373.63,131887.36,141145.61,855867.36,1258519.24,1076,52,1128,Tier 4,3,1
PRJ-4481,Install,Oceania,AU,3434660,3680991.03,507497.96,595737.4,3942157.96,4276728.43,1787,140,1927,Tier 3,8,4
PRJ-4482,Energy,Africa,EG,1651063,1105772.55,183595.08,247827.17,1834658.08,1353599.71,648,84,732,Tier 3,8,5
PRJ-4483,Install,Europe,FR,654677,1059966.53,179161.61,188429.68,833838.61,1248396.21,413,50,463,Tier 4,8,5
PRJ-4484,Service,Oceania,AU,2068708,2413168.32,616154.23,853422.5,2684862.23,3266590.82,1635,177,1812,Tier 3,3,2
PRJ-4485,Install,Africa,EG,2497543,2499517.04,10664.67,13124.65,2508207.67,2512641.69,321,42,363,Tier 3,5,5
PRJ-4486,Install,Oceania,AU,2234562,1420733.8,573210.27,692445.08,2807772.27,2113178.89,1249,15,1264,Tier 3,9,4
PRJ-4487,Energy,South America,BR,412106,369957.41,66921.53,79453.83,479027.53,449411.23,913,28,941,Tier 4,6,5
PRJ-4488,Install,Africa,EG,2233755,1879592.69,262867.93,272935.66,2496622.93,2152528.35,1051,54,1105,Tier 3,2,1
PRJ-4489,Install,Oceania,NZ,3368090,5427577.63,629521.87,784459.32,3997611.87,6212036.94,417,19,436,Tier 3,6,2
PRJ-4490,Install,Africa,ZA,4910529,3631973.86,322633.33,347812.69,5233162.33,3979786.55,1273,85,1358,Tier 2,5,4
PRJ-4491,Service,Asia,JP,1231885,1747065.3,30457.1,38174.92,1262342.1,1785240.22,1295,97,1392,Tier 3,7,5
PRJ-4492,Install,North America,US,3219223,4364477.82,681738.85,906763.67,3900961.85,5271241.49,892,140,1032,Tier 3,10,5
PRJ-4493,Energy,Africa,ZA,306105,269632.17,62781.94,82351.92,368886.94,351984.09,643,107,750,Tier 4,5,4
PRJ-4494,Install,Asia,CN,3755658,6334468.67,1037627.09,1325162.41,4793285.09,7659631.07,908,49,957,Tier 3,1,0
PRJ-4495,Install,Africa,ZA,1881489,1553228.44,543883.49,664785.04,2425372.49,2218013.48,959,138,1097,Tier 3,10,10
PRJ-4496,Energy,Africa,EG,1103763,1722922.19,239750.18,281220.76,1343513.18,2004142.95,260,5,265,Tier 3,10,7
PRJ-4497,Energy,Oceania,AU,2128696,1602464.83,153839.9,165378.17,2282535.9,1767843,1396,72,1468,Tier 3,4,3
PRJ-4498,Energy,Asia,JP,1569051,1143019.91,351325.52,524546.13,1920376.52,1667566.05,1155,193,1348,Tier 3,3,2
PRJ-4499,Service,Oceania,NZ,1793072,2193974.32,440273.56,525844.55,2233345.56,2719818.87,1231,68,1299,Tier 3,7,6
PRJ-4500,Install,Africa,EG,553161,914294.47,113349.82,127745.62,666510.82,1042040.09,1054,178,1232,Tier 4,0,0
PRJ-4501,Install,Asia,JP,883217,1094338.01,15450.29,22239.3,898667.29,1116577.31,206,25,231,Tier 4,8,3
PRJ-4502,Energy,South America,BR,4757303,5804641.8,249354.97,367957.85,5006657.97,6172599.65,940,143,1083,Tier 2,5,0
PRJ-4503,Energy,North America,US,677845,859845.16,108179.52,121775.55,786024.52,981620.71,271,1,272,Tier 4,3,2
PRJ-4504,Service,Asia,CN,4113049,5307852.42,29160.2,38493.37,4142209.2,5346345.79,217,21,238,Tier 3,3,1
PRJ-4505,Install,Africa,ZA,305424,511368.11,37099.29,41665.46,342523.29,553033.57,414,81,495,Tier 4,3,0
PRJ-4506,Install,Asia,CN,4657975,3802818.67,372345.86,385130.39,5030320.86,4187949.06,1083,195,1278,Tier 2,7,3
PRJ-4507,Install,North America,US,1138560,1228749.33,300369.53,317797.12,1438929.53,1546546.45,808,104,912,Tier 3,2,1
PRJ-4508,Install,Oceania,NZ,1710428,1805013.1,222148.96,304366.66,1932576.96,2109379.76,1534,100,1634,Tier 3,8,3
PRJ-4509,Service,North America,MX,3360237,4883303.94,237230.86,273186.8,3597467.86,5156490.74,179,9,188,Tier 3,9,8
PRJ-4510,Install,Europe,FR,2714226,4298490.88,357105.94,405234.27,3071331.94,4703725.15,1489,214,1703,Tier 3,0,0
PRJ-4511,Service,Asia,CN,2542822,1667878.96,258465.32,306898.54,2801287.32,1974777.49,1092,171,1263,Tier 3,0,0
PRJ-4512,Install,Africa,EG,2634895,4732431.45,332500.09,388710.53,2967395.09,5121141.98,1802,298,2100,Tier 3,1,0
PRJ-4513,Service,North America,US,407766,601466.1,10983.55,13364.19,418749.55,614830.3,432,27,459,Tier 4,2,1
PRJ-4514,Install,Asia,JP,4864255,6899121.44,1057660.46,1085319.01,5921915.46,7984440.45,1612,41,1653,Tier 2,0,0
PRJ-4515,Service,Africa,ZA,1200740,1601363.57,38546.44,57013.88,1239286.44,1658377.45,1240,42,1282,Tier 3,1,0
PRJ-4516,Energy,South America,BR,2890227,4866263.22,465048.12,488824.75,3355275.12,5355087.97,1566,62,1628,Tier 3,8,3
PRJ-4517,Install,Oceania,AU,1471187,2238016.45,180704.38,218623.81,1651891.38,2456640.25,590,4,594,Tier 3,3,0
PRJ-4518,Service,South America,BR,1965568,3535525.86,570444.71,703262.72,2536012.71,4238788.58,906,154,1060,Tier 3,4,2
PRJ-4519,Service,Africa,EG,4370380,7684648.68,1285023.63,1766468.06,5655403.63,9451116.74,660,84,744,Tier 2,5,5
PRJ-4520,Install,Oceania,AU,63258,87099.71,9255.24,9300.76,72513.24,96400.48,1108,140,1248,Tier 5,10,3
PRJ-4521,Service,Africa,EG,4785715,7403340.28,569596.88,825528.11,5355311.88,8228868.4,1045,120,1165,Tier 2,2,0
PRJ-4522,Service,Asia,JP,2630984,2973269.73,536317.92,710062.94,3167301.92,3683332.67,1552,310,1862,Tier 3,3,3
PRJ-4523,Service,Africa,EG,2373553,2565832.78,150816.43,201901.73,2524369.43,2767734.51,1074,50,1124,Tier 3,3,2
PRJ-4524,Install,South America,BR,3539102,2698365.43,222864.33,279727.68,3761966.33,2978093.11,448,15,463,Tier 3,10,9
PRJ-4525,Energy,South America,AR,93064,112628.88,13800.96,19607.5,106864.96,132236.38,945,88,1033,Tier 5,8,7
PRJ-4526,Energy,Asia,JP,833155,524267.84,137405.96,144495.08,970560.96,668762.92,133,20,153,Tier 4,3,1
PRJ-4527,Service,Africa,ZA,1793959,2564616.8,310586.62,351003.72,2104545.62,2915620.52,1152,150,1302,Tier 3,2,0
PRJ-4528,Install,North America,US,4136326,6580298.82,264751.04,362210.01,4401077.04,6942508.83,910,17,927,Tier 3,7,3
PRJ-4529,Energy,Africa,EG,4622932,7779162.13,742849.26,1051521.12,5365781.26,8830683.26,846,67,913,Tier 2,8,8
PRJ-4530,Install,South America,AR,2090570,3192596.27,495037.77,518611.98,2585607.77,3711208.25,1265,240,1505,Tier 3,7,6
PRJ-4531,Service,North America,US,1883259,1246780.07,227088.52,286802.23,2110347.52,1533582.29,1126,112,1238,Tier 3,2,1
PRJ-4532,Install,North America,MX,4896097,7627156.83,727659.41,728476.06,5623756.41,8355632.89,1812,30,1842,Tier 2,1,0
PRJ-4533,Energy,Asia,JP,1961279,1270414.36,295695.83,409312.39,2256974.83,1679726.75,1198,233,1431,Tier 3,10,0
PRJ-4534,Install,Europe,FR,928973,1591736.02,112073.29,139364.37,1041046.29,1731100.39,1183,47,1230,Tier 3,0,0
PRJ-4535,Energy,Africa,ZA,1579911,1372688.02,62470.5,70320.72,1642381.5,1443008.74,64,4,68,Tier 3,5,2
PRJ-4536,Service,Africa,EG,3483197,3288429,640020.13,813697.34,4123217.13,4102126.35,690,70,760,Tier 3,7,4
PRJ-4537,Install,Europe,DE,278122,212718.12,38374.9,41866.22,316496.9,254584.33,1224,194,1418,Tier 4,2,2
PRJ-4538,Service,Africa,EG,2036403,3193211.87,245577.14,309139.88,2281980.14,3502351.75,1263,40,1303,Tier 3,9,1
PRJ-4539,Install,North America,MX,2187181,3424815.72,456221.59,501382.17,2643402.59,3926197.89,566,59,625,Tier 3,7,2
PRJ-4540,Energy,Europe,DE,206850,148101.78,4162.95,4253.75,211012.95,152355.53,963,24,987,Tier 5,6,2
PRJ-4541,Install,Asia,CN,505463,623796.74,71229.65,85807.18,576692.65,709603.92,822,159,981,Tier 4,9,0
PRJ-4542,Install,Europe,DE,3587423,4105909.99,674680.18,795112.81,4262103.18,4901022.8,481,64,545,Tier 3,8,3
PRJ-4543,Energy,South America,BR,1733154,2234351.02,134933.61,196942.06,1868087.61,2431293.08,855,107,962,Tier 3,0,0
PRJ-4544,Energy,South America,AR,4933611,4130295.32,148499.92,185037.45,5082110.92,4315332.76,1783,333,2116,Tier 2,4,0
PRJ-4545,Service,South America,AR,2341754,2413659.4,253084.39,297349.31,2594838.39,2711008.7,1239,119,1358,Tier 3,5,4
PRJ-4546,Service,Oceania,NZ,2853891,4700160.45,467182.39,577663.75,3321073.39,5277824.2,526,5,531,Tier 3,10,2
PRJ-4547,Service,Oceania,AU,1336144,2108697.4,151032.93,167583.94,1487176.93,2276281.34,986,51,1037,Tier 3,8,2
PRJ-4548,Energy,Oceania,NZ,3506127,2151824.98,740054.31,838212.42,4246181.31,2990037.4,752,28,780,Tier 3,9,7
PRJ-4549,Service,Africa,EG,2129832,1937725.81,357375.37,474311.74,2487207.37,2412037.54,335,63,398,Tier 3,1,0
PRJ-4550,Install,Africa,ZA,1522633,1345828.7,386332.01,388230.82,1908965.01,1734059.53,988,152,1140,Tier 3,2,2
PRJ-4551,Energy,South America,BR,3869770,5495375.06,20349.94,20438.4,3890119.94,5515813.45,1059,4,1063,Tier 3,0,0
PRJ-4552,Install,Europe,FR,2253157,1542687.56,566135.86,671045.19,2819292.86,2213732.75,902,67,969,Tier 3,2,2
PRJ-4553,Service,Europe,DE,745957,898373.87,199633.63,275798.77,945590.63,1174172.63,938,7,945,Tier 4,0,0
PRJ-4554,Service,Europe,FR,1111069,1806578.64,250592.69,251180.13,1361661.69,2057758.77,140,10,150,Tier 3,9,0
PRJ-4555,Install,Asia,JP,525029,378787.95,57270.1,63591.72,582299.1,442379.67,1303,143,1446,Tier 4,1,1
PRJ-4556,Install,Oceania,AU,3788993,6816256.7,714321.02,735559.12,4503314.02,7551815.82,153,3,156,Tier 3,1,1
PRJ-4557,Install,Europe,DE,311062,515539.1,62161.34,76768.53,373223.34,592307.63,1500,247,1747,Tier 4,8,4
PRJ-4558,Install,Europe,DE,4868081,7676774.87,1402990.09,1694799.88,6271071.09,9371574.75,1271,160,1431,Tier 2,10,6
PRJ-4559,Install,Asia,CN,4729876,7720451.99,83583.08,92252.68,4813459.08,7812704.66,1379,268,1647,Tier 3,7,6
PRJ-4560,Service,Oceania,NZ,1099869,1846750.53,152986.82,198446.42,1252855.82,2045196.95,321,57,378,Tier 3,6,1
PRJ-4561,Service,North America,MX,2540140,3854208.69,648611.37,922578.41,3188751.37,4776787.11,766,27,793,Tier 3,9,6
PRJ-4562,Service,Oceania,NZ,4212300,5716227.8,656214.55,741339.06,4868514.55,6457566.86,334,45,379,Tier 3,5,1
PRJ-4563,Service,Europe,FR,4693274,7905637.68,1221765.38,1602098.77,5915039.38,9507736.45,1691,333,2024,Tier 2,4,1
PRJ-4564,Energy,Africa,ZA,4457384,5932771.41,618391.33,729298.06,5075775.33,6662069.47,849,58,907,Tier 2,8,8
PRJ-4565,Energy,North America,MX,130305,140812.89,2146.28,3006.45,132451.28,143819.35,604,104,708,Tier 5,6,6
PRJ-4566,Energy,South America,BR,4798646,6047443.76,194474.64,291111.25,4993120.64,6338555.01,987,8,995,Tier 3,6,6
PRJ-4567,Service,Africa,EG,80970,99070,14846.51,20564.09,95816.51,119634.09,1807,205,2012,Tier 5,3,0
PRJ-4568,Install,North America,US,4657759,3147511.36,127539.86,148334.37,4785298.86,3295845.73,1207,174,1381,Tier 3,2,1
PRJ-4569,Energy,South America,BR,4297162,4359923.88,1004640.39,1363651.19,5301802.39,5723575.07,255,34,289,Tier 2,8,5
PRJ-4570,Service,Africa,EG,948279,851782.82,167138.31,193368.14,1115417.31,1045150.96,1357,211,1568,Tier 3,1,0
PRJ-4571,Service,Oceania,NZ,4095083,5834946.56,409588.77,582013.87,4504671.77,6416960.43,382,63,445,Tier 3,7,0
PRJ-4572,Energy,Europe,DE,4204457,2617287.63,947284.98,1295285.76,5151741.98,3912573.39,1795,335,2130,Tier 2,6,1
PRJ-4573,Install,Asia,JP,3382519,3464106.66,960851.76,1236373.52,4343370.76,4700480.18,455,31,486,Tier 3,7,7
PRJ-4574,Service,South America,BR,662037,688453.22,28310.56,30519.13,690347.56,718972.36,1365,87,1452,Tier 4,2,1
PRJ-4575,Install,South America,AR,1942310,2271517.93,551691.31,778369.85,2494001.31,3049887.79,1111,13,1124,Tier 3,2,1
PRJ-4576,Install,Europe,DE,918092,1601000.94,88363.81,116228.53,1006455.81,1717229.47,231,34,265,Tier 3,9,9
PRJ-4577,Service,Europe,FR,4763084,3726803.14,1003262.12,1190748.12,5766346.12,4917551.26,1018,17,1035,Tier 2,2,0
PRJ-4578,Service,Asia,CN,4475216,6698826.97,787044.6,848610.19,5262260.6,7547437.15,1589,46,1635,Tier 2,6,6
PRJ-4579,Energy,Oceania,AU,1138582,1917955.49,142832.76,158037.82,1281414.76,2075993.31,1659,179,1838,Tier 3,9,6
PRJ-4580,Service,North America,MX,296654,502438.57,16113.94,21410.81,312767.94,523849.38,1591,252,1843,Tier 4,1,0
PRJ-4581,Service,Asia,CN,2180158,3906262.56,4902,5357.16,2185060,3911619.72,1062,13,1075,Tier 3,8,7
PRJ-4582,Energy,Europe,DE,871412,1119763.06,200759.27,272003.82,1072171.27,1391766.87,460,7,467,Tier 3,8,6
PRJ-4583,Service,North America,MX,699275,1178767.76,160400.78,179904.82,859675.78,1358672.58,1675,300,1975,Tier 4,0,0
PRJ-4584,Energy,Oceania,AU,2196267,2474294.72,148129.3,199372.55,2344396.3,2673667.26,1348,148,1496,Tier 3,6,4
PRJ-4585,Service,Asia,JP,2760250,3596763.85,445748.52,659777.24,3205998.52,4256541.09,1634,133,1767,Tier 3,2,1
PRJ-4586,Energy,Africa,ZA,2458634,1923341.21,596043.02,758011.59,3054677.02,2681352.8,1625,81,1706,Tier 3,7,6
PRJ-4587,Service,Africa,ZA,2714549,4138502.35,593631.03,704709.73,3308180.03,4843212.08,472,93,565,Tier 3,4,0
PRJ-4588,Install,South America,AR,4037041,3298936.54,239171.9,315891.77,4276212.9,3614828.31,667,64,731,Tier 3,6,6
PRJ-4589,Energy,Africa,EG,4662947,6958858.42,240537.39,324489.1,4903484.39,7283347.52,792,75,867,Tier 3,7,5
PRJ-4590,Service,North America,MX,2093057,2094562.93,561971.27,670161.69,2655028.27,2764724.62,965,16,981,Tier 3,4,3
PRJ-4591,Service,Africa,EG,3342105,2378043.49,120360.45,145099.04,3462465.45,2523142.53,21,0,21,Tier 3,10,5
PRJ-4592,Service,South America,BR,605283,1061720.86,42118.06,55278.64,647401.06,1116999.5,1644,247,1891,Tier 4,7,2
PRJ-4593,Service,Africa,ZA,3837844,6224260.38,1018874.96,1153116.99,4856718.96,7377377.37,1677,283,1960,Tier 3,2,2
PRJ-4594,Install,Europe,FR,446845,342749.26,100377.06,117580.63,547222.06,460329.89,868,36,904,Tier 4,8,1
PRJ-4595,Service,Europe,DE,2834367,4638698,742792.89,844732.52,3577159.89,5483430.52,1286,120,1406,Tier 3,2,2
PRJ-4596,Service,Oceania,AU,4267167,6693162.62,305443.45,456954.79,4572610.45,7150117.41,768,150,918,Tier 3,3,3
PRJ-4597,Service,Oceania,NZ,1063308,1763153.64,306209.72,414190.36,1369517.72,2177344,44,5,49,Tier 3,7,0
PRJ-4598,Service,Asia,JP,4295584,3431235.54,967503.97,1229699.69,5263087.97,4660935.23,1160,124,1284,Tier 2,4,3
PRJ-4599,Energy,Africa,EG,3324001,3436516.99,337151.61,486993.94,3661152.61,3923510.93,109,17,126,Tier 3,5,2
PRJ-4600,Service,North America,MX,4584993,4564207.19,484032.04,594670.49,5069025.04,5158877.68,1481,193,1674,Tier 2,10,8
PRJ-4601,Service,Europe,FR,3271214,5649278.98,602603.73,606731.42,3873817.73,6256010.4,1023,128,1151,Tier 3,5,3
PRJ-4602,Energy,Oceania,AU,758591,1320593.33,224670.73,306691.48,983261.73,1627284.81,888,38,926,Tier 4,0,0
PRJ-4603,Service,South America,BR,4052653,6098812.27,909773.15,1266527.51,4962426.15,7365339.78,1687,210,1897,Tier 3,5,3
PRJ-4604,Energy,Africa,EG,3919451,4904661.19,238574.27,354265.08,4158025.27,5258926.26,157,12,169,Tier 3,0,0
PRJ-4605,Energy,South America,AR,2557708,3499675.47,396662.8,507190.72,2954370.8,4006866.19,1100,84,1184,Tier 3,3,1
PRJ-4606,Service,South America,AR,3117714,4276951.38,42533,58535.64,3160247,4335487.02,119,19,138,Tier 3,10,3
PRJ-4607,Energy,Oceania,NZ,4483131,3798447.24,1021977.1,1338530.5,5505108.1,5136977.74,1814,295,2109,Tier 2,9,3
PRJ-4608,Service,Europe,FR,4549977,7104369.11,554775.91,642357.99,5104752.91,7746727.1,1111,217,1328,Tier 2,1,1
PRJ-4609,Service,Oceania,AU,572440,989168.08,41713.28,43920.38,614153.28,1033088.46,1095,205,1300,Tier 4,6,4
PRJ-4610,Service,Europe,DE,2778885,3469483.45,341689.79,402428.6,3120574.79,3871912.05,256,13,269,Tier 3,1,1
PRJ-4611,Install,North America,US,4743476,4457491.77,433601.82,650350.54,5177077.82,5107842.31,962,167,1129,Tier 2,2,1
PRJ-4612,Install,Oceania,AU,4144923,4012372.86,384499.7,542695.85,4529422.7,4555068.71,1059,138,1197,Tier 3,5,3
PRJ-4613,Energy,Oceania,NZ,419510,607531.28,102457.9,109978.25,521967.9,717509.54,1793,338,2131,Tier 4,4,1
PRJ-4614,Energy,Oceania,NZ,2125249,2666827.63,565829.8,777844.57,2691078.8,3444672.2,768,74,842,Tier 3,3,2
PRJ-4615,Install,Asia,JP,4743832,7528530.91,904971.92,1200457.7,5648803.92,8728988.61,1052,201,1253,Tier 2,4,1
PRJ-4616,Install,South America,AR,4176570,2702528.6,619848.53,647176.44,4796418.53,3349705.05,1614,38,1652,Tier 3,2,2
PRJ-4617,Service,Asia,CN,116305,147393.58,20177.97,22232.17,136482.97,169625.75,422,50,472,Tier 5,1,0
PRJ-4618,Energy,North America,MX,1342847,1131038.62,300293.67,419159.43,1643140.67,1550198.05,394,25,419,Tier 3,5,5
PRJ-4619,Install,South America,BR,1481969,2346144.54,99893.93,130324.98,1581862.93,2476469.52,925,49,974,Tier 3,3,2
PRJ-4620,Install,Oceania,NZ,2610164,4386681.38,664218.77,743896.69,3274382.77,5130578.07,313,47,360,Tier 3,6,1
PRJ-4621,Install,Africa,ZA,4521231,5774420.11,1068987.47,1164289.76,5590218.47,6938709.87,722,21,743,Tier 2,2,0
PRJ-4622,Install,South America,BR,492401,639834.86,89163.89,121106.98,581564.89,760941.83,746,60,806,Tier 4,1,1
PRJ-4623,Install,North America,MX,2034133,3276726.46,419536.09,495709.49,2453669.09,3772435.95,888,148,1036,Tier 3,8,0
PRJ-4624,Energy,South America,BR,2968936,4150480.45,142666.36,176598.39,3111602.36,4327078.84,1475,17,1492,Tier 3,0,0
PRJ-4625,Install,South America,AR,3726541,4242740.59,42983.62,50844.26,3769524.62,4293584.85,144,25,169,Tier 3,6,5
PRJ-4626,Install,South America,AR,3713253,6218864.47,139399.82,184414.55,3852652.82,6403279.02,525,82,607,Tier 3,3,0
PRJ-4627,Service,South America,AR,3507149,3205347.57,262709.19,342255.26,3769858.19,3547602.83,307,37,344,Tier 3,9,4
PRJ-4628,Service,Africa,EG,1088587,1506436.32,28783.94,32360.97,1117370.94,1538797.29,544,67,611,Tier 3,8,3
PRJ-4629,Service,Europe,DE,472311,621636.58,3597.61,4434.46,475908.61,626071.04,1156,223,1379,Tier 4,4,3
PRJ-4630,Energy,Oceania,NZ,4976303,4785436.37,833137.09,1076318.83,5809440.09,5861755.2,932,0,932,Tier 2,5,3
PRJ-4631,Service,Africa,EG,1584002,1772209.53,224374.89,315906.58,1808376.89,2088116.11,1248,155,1403,Tier 3,3,1
PRJ-4632,Install,Oceania,AU,2789047,2158380.08,492411.74,716567.73,3281458.74,2874947.81,1228,189,1417,Tier 3,8,3
PRJ-4633,Energy,North America,US,1269781,940392.88,299561.04,331637.79,1569342.04,1272030.67,1256,41,1297,Tier 3,0,0
PRJ-4634,Install,Africa,ZA,167536,228378.71,41212.96,61498.15,208748.96,289876.86,1598,293,1891,Tier 5,10,4
PRJ-4635,Install,Africa,ZA,2635566,2668054.94,132164.64,177575.91,2767730.64,2845630.85,396,15,411,Tier 3,1,0
PRJ-4636,Energy,Europe,DE,1874942,2484616.17,229366.22,289588.02,2104308.22,2774204.19,267,30,297,Tier 3,4,3
PRJ-4637,Install,Africa,ZA,3521724,3874710.02,452183.17,656070.02,3973907.17,4530780.04,419,36,455,Tier 3,2,2
PRJ-4638,Install,Europe,DE,1366734,2375508.08,42689.42,46563.03,1409423.42,2422071.1,1799,114,1913,Tier 3,6,0
PRJ-4639,Energy,South America,AR,1377936,1953770.2,380592.31,413818.55,1758528.31,2367588.75,818,73,891,Tier 3,7,3
PRJ-4640,Service,Europe,DE,4583958,7049835.61,1178188.7,1593803.62,5762146.7,8643639.23,1579,303,1882,Tier 2,6,5
PRJ-4641,Service,Africa,EG,2649881,1916860.56,457147.31,670376.98,3107028.31,2587237.54,1034,204,1238,Tier 3,6,1
PRJ-4642,Install,Oceania,AU,183345,291839.98,48628.06,51059.75,231973.06,342899.73,597,47,644,Tier 5,4,1
PRJ-4643,Install,South America,AR,1464665,1782499.57,171486.52,213208,1636151.52,1995707.57,1568,239,1807,Tier 3,1,1
PRJ-4644,Service,Europe,DE,3181492,4517823.11,571955.3,712672,3753447.3,5230495.11,185,5,190,Tier 3,8,6
PRJ-4645,Energy,North America,MX,2557409,2742396.93,635341.88,839536.75,3192750.88,3581933.68,1092,92,1184,Tier 3,6,2
PRJ-4646,Energy,South America,AR,2295548,3766699.4,537378.6,677062.18,2832926.6,4443761.58,898,94,992,Tier 3,8,1
PRJ-4647,Energy,Asia,JP,432267,347238.99,117721.33,148536.7,549988.33,495775.69,133,20,153,Tier 4,4,0
PRJ-4648,Energy,North America,MX,168959,301122.82,43244.7,47057.7,212203.7,348180.52,369,7,376,Tier 5,2,0
PRJ-4649,Energy,Europe,FR,3762337,4641289.68,209338.44,247524.49,3971675.44,4888814.17,748,133,881,Tier 3,2,0
PRJ-4650,Service,North America,US,3194728,1932863.5,880855.22,884804.21,4075583.22,2817667.71,1644,109,1753,Tier 3,3,3
PRJ-4651,Service,Asia,JP,1571714,1132726.7,137745,153318.87,1709459,1286045.57,1037,115,1152,Tier 3,9,9
PRJ-4652,Energy,North America,MX,421790,751418.57,44008.38,47247.19,465798.38,798665.75,82,0,82,Tier 4,7,0
PRJ-4653,Energy,Oceania,AU,3967289,3501015.86,894251.31,1024087.89,4861540.31,4525103.75,1686,162,1848,Tier 3,4,0
PRJ-4654,Service,North America,US,2734816,3714209.67,439441.56,559747.4,3174257.56,4273957.07,607,57,664,Tier 3,6,6
PRJ-4655,Service,Africa,ZA,3115328,4954052.67,422796.41,435510.15,3538124.41,5389562.82,1693,292,1985,Tier 3,0,0
PRJ-4656,Energy,North America,US,4461452,7393109.67,444416.99,629494.11,4905868.99,8022603.78,285,44,329,Tier 3,7,1
PRJ-4657,Energy,North America,US,1529581,1684878.32,108374.4,128983.22,1637955.4,1813861.54,244,30,274,Tier 3,6,1
PRJ-4658,Energy,North America,US,3750818,4094881.43,593615.18,726855.06,4344433.18,4821736.49,237,7,244,Tier 3,1,1
PRJ-4659,Service,Africa,EG,1209671,1802447.21,212441.83,237502.64,1422112.83,2039949.85,1754,298,2052,Tier 3,6,2
PRJ-4660,Energy,Africa,EG,1954988,1687421.81,567502.82,770728.87,2522490.82,2458150.68,352,12,364,Tier 3,10,9
PRJ-4661,Service,Africa,EG,4958414,3002272.71,926151.39,980193.97,5884565.39,3982466.68,1276,132,1408,Tier 2,2,0
PRJ-4662,Install,Oceania,AU,1807432,1704304.91,188579.32,232940.83,1996011.32,1937245.73,973,55,1028,Tier 3,7,3
PRJ-4663,Energy,North America,MX,4171714,6214684.86,501604.34,613480.23,4673318.34,6828165.08,520,102,622,Tier 3,6,6
PRJ-4664,Energy,Asia,CN,4495101,6953651.86,197326.15,259555.26,4692427.15,7213207.11,490,39,529,Tier 3,3,0
PRJ-4665,Service,Europe,FR,2348599,1534098.92,627447.43,894534.1,2976046.43,2428633.02,1485,278,1763,Tier 3,9,7
PRJ-4666,Install,South America,AR,682353,436473.43,107694.62,121122.51,790047.62,557595.94,1156,64,1220,Tier 4,7,2
PRJ-4667,Service,North America,US,2333909,3463526.86,640337.15,752584.13,2974246.15,4216110.99,1156,192,1348,Tier 3,8,2
PRJ-4668,Service,North America,MX,1682324,1970250.68,438678.78,456413.84,2121002.78,2426664.52,1008,13,1021,Tier 3,5,3
PRJ-4669,Energy,Europe,FR,2387361,3438625.41,174014.67,244276.78,2561375.67,3682902.2,788,11,799,Tier 3,4,4
PRJ-4670,Energy,North America,MX,781387,1250529.44,23329.64,34140.26,804716.64,1284669.7,26,4,30,Tier 4,6,6
PRJ-4671,Service,Europe,FR,2279333,3875231.5,634949.51,785201.29,2914282.51,4660432.79,1252,34,1286,Tier 3,7,0
PRJ-4672,Install,North America,MX,4004029,3154553.5,878515.9,946279.31,4882544.9,4100832.81,172,29,201,Tier 3,8,6
PRJ-4673,Install,Oceania,AU,737586,570966.34,79857.8,103387.81,817443.8,674354.16,734,132,866,Tier 4,3,2
PRJ-4674,Energy,Oceania,NZ,3200637,5699882.3,218797.26,222508.72,3419434.26,5922391.02,906,88,994,Tier 3,7,4
PRJ-4675,Install,North America,MX,3325365,4833652.65,300041.82,312275.65,3625406.82,5145928.3,114,15,129,Tier 3,0,0
PRJ-4676,Install,Oceania,AU,1372296,1075102.44,36347.69,50703.02,1408643.69,1125805.45,1203,0,1203,Tier 3,6,6
PRJ-4677,Energy,South America,AR,3695305,4755014.51,185633.23,272732.06,3880938.23,5027746.57,149,13,162,Tier 3,10,5
PRJ-4678,Install,Oceania,AU,124523,209791.98,1591.2,2139.56,126114.2,211931.54,476,46,522,Tier 5,5,1
PRJ-4679,Install,Africa,EG,3980486,2974814.12,317882.33,440554.27,4298368.33,3415368.39,1692,275,1967,Tier 3,1,1
PRJ-4680,Energy,South America,AR,660550,885827.43,187320.33,277551.44,847870.33,1163378.87,282,15,297,Tier 4,9,5
PRJ-4681,Install,Africa,EG,3488336,6202119,972420.2,1015256.02,4460756.2,7217375.02,1110,30,1140,Tier 3,0,0
PRJ-4682,Energy,Oceania,AU,1275651,1337380.69,127264.41,190578.68,1402915.41,1527959.37,817,131,948,Tier 3,9,9
PRJ-4683,Install,North America,MX,362937,503217.14,25167.34,28089.96,388104.34,531307.1,363,46,409,Tier 4,2,0
PRJ-4684,Install,Oceania,AU,2837111,2767312.57,161841.7,190294.53,2998952.7,2957607.1,1035,52,1087,Tier 3,7,0
PRJ-4685,Service,Africa,EG,2596725,3941808.67,707312.5,729645.04,3304037.5,4671453.71,1606,65,1671,Tier 3,0,0
PRJ-4686,Energy,South America,AR,114276,146636.83,26664.73,35912.95,140940.73,182549.78,883,117,1000,Tier 5,7,2
PRJ-4687,Service,Europe,FR,3225038,2657300.37,655205.07,832657.54,3880243.07,3489957.92,18,1,19,Tier 3,3,2
PRJ-4688,Service,Europe,DE,1303318,1755247.47,26036.3,32110.41,1329354.3,1787357.88,1443,171,1614,Tier 3,8,6
PRJ-4689,Install,Oceania,NZ,3237569,3731120.94,474428.25,573264.25,3711997.25,4304385.19,296,27,323,Tier 3,5,0
PRJ-4690,Service,Europe,FR,2003713,1299402.32,444935.11,562795.68,2448648.11,1862198,1443,176,1619,Tier 3,5,0
PRJ-4691,Install,North America,US,1186903,2027088.26,149563.18,197310.23,1336466.18,2224398.49,1791,81,1872,Tier 3,5,1
PRJ-4692,Energy,Europe,FR,441745,274672.93,87825.84,107570.42,529570.84,382243.35,58,9,67,Tier 4,4,3
PRJ-4693,Service,Asia,JP,3271531,3235169.44,827566.78,1091436.76,4099097.78,4326606.19,680,53,733,Tier 3,1,0
PRJ-4694,Service,South America,AR,1838442,1667333.57,25960.82,33733.78,1864402.82,1701067.35,174,31,205,Tier 3,4,4
PRJ-4695,Service,North America,US,760167,1337976.53,122266.13,141463.92,882433.13,1479440.45,1658,99,1757,Tier 4,9,1
PRJ-4696,Energy,North America,MX,1394086,1953468.08,211685.74,282635.31,1605771.74,2236103.39,1443,190,1633,Tier 3,4,0
PRJ-4697,Energy,Oceania,AU,3566662,4890992.51,244852.8,256413.26,3811514.8,5147405.76,606,40,646,Tier 3,1,1
PRJ-4698,Energy,Oceania,AU,2494851,3357304.09,614394.08,682702.99,3109245.08,4040007.07,1479,60,1539,Tier 3,0,0
PRJ-4699,Install,North America,US,3418749,4186219.16,807787.5,860009.53,4226536.5,5046228.69,1766,141,1907,Tier 3,1,0
PRJ-4700,Energy,Europe,FR,1783176,2738129.64,374819.26,410734.85,2157995.26,3148864.5,1035,40,1075,Tier 3,1,1
PRJ-4701,Service,Asia,JP,4296979,4947780.4,1049772.06,1109952.74,5346751.06,6057733.14,392,51,443,Tier 2,0,0
PRJ-4702,Install,Oceania,NZ,207568,263822.37,22352.62,28052.62,229920.62,291874.99,288,31,319,Tier 5,6,6
PRJ-4703,Service,North America,US,2065715,2175409.71,568382.55,804449.76,2634097.55,2979859.47,1348,67,1415,Tier 3,2,0
PRJ-4704,Service,North America,US,2758670,4630781.54,517346.04,668597.02,3276016.04,5299378.56,426,8,434,Tier 3,6,6
PRJ-4705,Service,Asia,CN,2558764,4454655.69,468179,478716.66,3026943,4933372.35,321,23,344,Tier 3,8,4
PRJ-4706,Install,Asia,JP,2878725,1947930.68,363809.56,464364.8,3242534.56,2412295.48,336,25,361,Tier 3,5,1
PRJ-4707,Energy,Oceania,NZ,3688917,3710500.99,202070.41,254714.54,3890987.41,3965215.53,1277,225,1502,Tier 3,10,10
PRJ-4708,Energy,Europe,FR,1429803,2027128.14,61723.85,73184.84,1491526.85,2100312.98,1351,151,1502,Tier 3,0,0
PRJ-4709,Energy,North America,MX,3387686,5312040.68,384673.33,437491.16,3772359.33,5749531.84,1670,104,1774,Tier 3,6,6
PRJ-4710,Install,Europe,DE,538611,441275.65,143603.76,147451.91,682214.76,588727.56,730,50,780,Tier 4,9,6
PRJ-4711,Service,North America,MX,2541734,1563848.28,532319.15,641856.5,3074053.15,2205704.78,701,65,766,Tier 3,6,2
PRJ-4712,Install,Oceania,AU,3861236,5063082.89,28973.17,35292.68,3890209.17,5098375.57,1135,217,1352,Tier 3,8,5
PRJ-4713,Energy,South America,AR,2291913,2924492.72,114922.98,159776.69,2406835.98,3084269.41,973,56,1029,Tier 3,8,6
PRJ-4714,Service,Europe,DE,4612828,6085260.08,1301835.6,1878063.2,5914663.6,7963323.28,650,100,750,Tier 2,4,0
PRJ-4715,Service,North America,MX,1615851,1754276.62,192245.98,254740.4,1808096.98,2009017.02,268,22,290,Tier 3,6,2
PRJ-4716,Energy,Europe,FR,3235535,2360018.96,766607.76,1058729.04,4002142.76,3418747.99,460,70,530,Tier 3,1,1
PRJ-4717,Install,Asia,CN,1902315,2877680.67,429009.43,525529.31,2331324.43,3403209.98,1225,233,1458,Tier 3,0,0
PRJ-4718,Service,Europe,DE,1906857,1693765.35,276200.74,411425.76,2183057.74,2105191.11,1716,24,1740,Tier 3,0,0
PRJ-4719,Install,South America,AR,1127982,1786510.06,58048.95,61684.97,1186030.95,1848195.03,107,12,119,Tier 3,5,5
PRJ-4720,Install,Asia,JP,244213,216228.53,3401.56,4584.27,247614.56,220812.8,1381,18,1399,Tier 5,0,0
PRJ-4721,Install,Oceania,AU,148766,221015.36,42173.97,54743.49,190939.97,275758.85,1818,121,1939,Tier 5,2,2
PRJ-4722,Energy,Europe,DE,3887533,4588566.94,17757.09,23030.98,3905290.09,4611597.92,774,14,788,Tier 3,1,1
PRJ-4723,Install,Europe,FR,3413961,5916581.04,225052.83,270175.73,3639013.83,6186756.77,190,16,206,Tier 3,8,4
PRJ-4724,Install,Asia,CN,4042034,6576034.15,768003.51,813985.47,4810037.51,7390019.62,1740,246,1986,Tier 3,3,1
PRJ-4725,Energy,North America,US,397448,667038.45,5421.92,5539.56,402869.92,672578.01,965,91,1056,Tier 4,3,0
PRJ-4726,Install,North America,US,3316870,2869464.84,451393.02,669625.77,3768263.02,3539090.62,1096,136,1232,Tier 3,10,10
PRJ-4727,Service,North America,US,4194106,6055453.36,412834.77,519191.51,4606940.77,6574644.88,545,72,617,Tier 3,10,2
PRJ-4728,Energy,Europe,DE,4506500,5373081.23,451265.98,655659.75,4957765.98,6028740.98,557,59,616,Tier 3,3,3
PRJ-4729,Energy,Oceania,AU,4730333,8295468.15,725968.22,832178.74,5456301.22,9127646.89,814,88,902,Tier 2,5,4
PRJ-4730,Service,Asia,JP,2648826,3114194.79,416141.89,621672.91,3064967.89,3735867.7,942,95,1037,Tier 3,3,1
PRJ-4731,Service,North America,MX,686832,457450.25,140492.44,149681.25,827324.44,607131.5,836,138,974,Tier 4,6,1
PRJ-4732,Energy,North America,US,2882508,3590121.24,281742.89,369784.81,3164250.89,3959906.05,200,29,229,Tier 3,9,4
PRJ-4733,Energy,Oceania,AU,2550499,2253389.72,482483.36,663004.73,3032982.36,2916394.45,1217,160,1377,Tier 3,9,7
PRJ-4734,Install,Europe,DE,2397460,1555495.98,228483.76,261816.37,2625943.76,1817312.35,1290,257,1547,Tier 3,6,2
PRJ-4735,Energy,Europe,DE,1988611,1647254.22,366855.02,438541.82,2355466.02,2085796.04,853,35,888,Tier 3,2,0
PRJ-4736,Service,Europe,FR,107533,169118.54,22687.65,24160.52,130220.65,193279.06,512,39,551,Tier 5,7,4
PRJ-4737,Install,Africa,ZA,2293504,3663808.05,174309.25,240177.92,2467813.25,3903985.96,1716,71,1787,Tier 3,10,10
PRJ-4738,Service,Asia,JP,2087816,2970052.56,200703.76,299113.78,2288519.76,3269166.35,1386,24,1410,Tier 3,2,0
PRJ-4739,Install,Asia,CN,1566057,2341268.06,158378.13,212128.77,1724435.13,2553396.82,547,41,588,Tier 3,9,5
PRJ-4740,Energy,South America,AR,3363825,2754010.85,196675.44,219083.56,3560500.44,2973094.41,76,12,88,Tier 3,7,2
PRJ-4741,Service,Asia,JP,3021961,2563494.78,50500.4,70233.15,3072461.4,2633727.93,1072,167,1239,Tier 3,2,2
PRJ-4742,Service,Asia,JP,2723355,3640247.62,629997.5,934122.53,3353352.5,4574370.15,1612,213,1825,Tier 3,8,6
PRJ-4743,Install,South America,AR,1576691,2101197.98,392568.11,565249.62,1969259.11,2666447.6,264,26,290,Tier 3,10,3
PRJ-4744,Install,North America,MX,3049277,4630160.27,787549.55,869561.69,3836826.55,5499721.96,185,36,221,Tier 3,3,1
PRJ-4745,Service,North America,US,468931,618607.47,106887.41,117605.83,575818.41,736213.3,340,8,348,Tier 4,9,0
PRJ-4746,Energy,Europe,DE,1247880,2017249.31,207718.57,296381.91,1455598.57,2313631.22,315,37,352,Tier 3,2,0
PRJ-4747,Service,Oceania,AU,1145225,1893939.43,188251.65,217473.04,1333476.65,2111412.48,157,0,157,Tier 3,6,0
PRJ-4748,Energy,Oceania,NZ,1454491,1981817.83,188191.7,246165.71,1642682.7,2227983.54,850,81,931,Tier 3,0,0
PRJ-4749,Install,Europe,FR,3072866,2922407.01,580717.53,847512.33,3653583.53,3769919.35,685,84,769,Tier 3,0,0
PRJ-4750,Energy,Asia,JP,2804758,2394055.42,213259.37,317717.86,3018017.37,2711773.28,889,134,1023,Tier 3,9,0
PRJ-4751,Install,North America,US,4588992,5982601.55,1147638,1172409.06,5736630,7155010.61,569,46,615,Tier 2,6,4
PRJ-4752,Service,Africa,ZA,4639772,4228257.89,400784.75,547702.05,5040556.75,4775959.95,547,73,620,Tier 2,2,1
PRJ-4753,Service,Oceania,NZ,4765654,8184680.75,656544.99,889442.77,5422198.99,9074123.52,1276,173,1449,Tier 2,4,1
PRJ-4754,Service,South America,BR,1954090,1335256.94,244475.71,265822.82,2198565.71,1601079.75,1409,266,1675,Tier 3,8,1
PRJ-4755,Energy,Oceania,AU,4384524,5323513.21,1282673.87,1847790.15,5667197.87,7171303.35,1806,108,1914,Tier 2,0,0
PRJ-4756,Energy,Europe,DE,4103870,4712031.18,376770.3,519975.75,4480640.3,5232006.93,690,116,806,Tier 3,4,2
PRJ-4757,Energy,Europe,DE,4355380,5566676.68,730465.06,880837.72,5085845.06,6447514.39,1278,223,1501,Tier 2,4,4
PRJ-4758,Install,South America,BR,1193752,1948446.6,115363.58,137094.15,1309115.58,2085540.75,1030,141,1171,Tier 3,8,6
PRJ-4759,Service,Africa,ZA,3514545,3176884.04,69141.16,88750.1,3583686.16,3265634.14,638,62,700,Tier 3,10,2
PRJ-4760,Energy,North America,US,472257,518104.78,99486.23,112336.61,571743.23,630441.4,513,44,557,Tier 4,3,3
PRJ-4761,Install,Africa,EG,1761142,2971394.11,178188.28,214027.72,1939330.28,3185421.83,19,2,21,Tier 3,10,8
PRJ-4762,Energy,Europe,FR,2166301,3572804.98,566189.53,647615.84,2732490.53,4220420.82,538,101,639,Tier 3,9,0
PRJ-4763,Service,South America,BR,1887742,1280094.36,485111.41,543251.02,2372853.41,1823345.38,1041,110,1151,Tier 3,2,0
PRJ-4764,Service,Asia,JP,2237139,2998654.41,58561.91,69526.68,2295700.91,3068181.09,103,14,117,Tier 3,8,5
PRJ-4765,Energy,Asia,JP,3715309,2662504.44,234085.31,250655.43,3949394.31,2913159.87,852,128,980,Tier 3,4,3
PRJ-4766,Service,North America,MX,4768722,3268069.62,1131704.07,1429161.54,5900426.07,4697231.15,1294,121,1415,Tier 2,5,0
PRJ-4767,Energy,North America,US,1591258,2381037.74,24971.45,27893.21,1616229.45,2408930.94,1008,139,1147,Tier 3,1,1
PRJ-4768,Service,Europe,DE,2128788,2726019.53,79560.09,114786.9,2208348.09,2840806.43,253,17,270,Tier 3,1,0
PRJ-4769,Install,South America,AR,3435927,2795945.87,842535.12,987057.45,4278462.12,3783003.32,493,23,516,Tier 3,8,6
PRJ-4770,Service,Oceania,NZ,2048213,2673359.26,106438.76,130203.27,2154651.76,2803562.54,870,11,881,Tier 3,8,0
PRJ-4771,Install,North America,MX,1623574,1772696.15,2321.37,2743.89,1625895.37,1775440.04,223,16,239,Tier 3,9,6
PRJ-4772,Install,North America,US,3070429,4974956.52,570564.05,665002.91,3640993.05,5639959.44,1373,84,1457,Tier 3,3,2
PRJ-4773,Energy,South America,AR,3737149,5459922.23,203843.64,265355.55,3940992.64,5725277.77,1352,206,1558,Tier 3,10,0
PRJ-4774,Energy,Asia,CN,1081610,885999.2,16364.49,22339.55,1097974.49,908338.75,1341,259,1600,Tier 3,10,0
PRJ-4775,Service,North America,MX,1473531,1997878.68,334413.39,492219.09,1807944.39,2490097.77,1059,171,1230,Tier 3,8,0
PRJ-4776,Install,Europe,FR,575437,631075.92,4825.48,5486.93,580262.48,636562.85,979,109,1088,Tier 4,4,2
PRJ-4777,Energy,Asia,CN,698017,538615.79,121847.34,160865.31,819864.34,699481.11,960,174,1134,Tier 4,0,0
PRJ-4778,Energy,Africa,ZA,1898767,2378286.21,406400.32,456838.08,2305167.32,2835124.29,541,41,582,Tier 3,6,0
PRJ-4779,Service,Europe,DE,874697,1216693.79,85358.53,107864.03,960055.53,1324557.81,1656,76,1732,Tier 4,7,6
PRJ-4780,Service,North America,US,4636540,4254868.39,905598.15,961118.89,5542138.15,5215987.28,253,28,281,Tier 2,10,2
PRJ-4781,Install,Europe,DE,965999,925816.31,256925.83,267393.45,1222924.83,1193209.76,663,71,734,Tier 3,10,4
PRJ-4782,Install,Europe,DE,2366720,2970015.78,415231.61,600568.39,2781951.61,3570584.17,1249,193,1442,Tier 3,7,6
PRJ-4783,Install,Asia,CN,4320510,3949434.9,174527.89,222570.92,4495037.89,4172005.82,687,73,760,Tier 3,7,0
PRJ-4784,Service,Oceania,AU,1796135,1607968.47,307486.39,350976.39,2103621.39,1958944.86,1146,102,1248,Tier 3,2,1
PRJ-4785,Energy,North America,MX,2150016,2466986.26,260091.66,346985.84,2410107.66,2813972.1,851,85,936,Tier 3,7,4
PRJ-4786,Service,Oceania,AU,1147309,2032282.29,6652.6,9195.2,1153961.6,2041477.48,775,127,902,Tier 3,2,1
PRJ-4787,Service,Asia,CN,4140189,6097881.5,20558.92,21395.3,4160747.92,6119276.8,1325,118,1443,Tier 3,6,3
PRJ-4788,Energy,Africa,EG,4438728,3847430.13,1202848.52,1270215.63,5641576.52,5117645.77,217,33,250,Tier 2,6,5
PRJ-4789,Install,Oceania,AU,1986119,2027610.63,122665.73,164197.6,2108784.73,2191808.23,591,72,663,Tier 3,9,5
PRJ-4790,Install,Oceania,NZ,4408270,3899153.28,799677.2,1157927.99,5207947.2,5057081.27,654,105,759,Tier 2,5,0
PRJ-4791,Service,Europe,DE,1058643,1902462.7,14189.12,14316.76,1072832.12,1916779.47,851,39,890,Tier 3,0,0
PRJ-4792,Service,Asia,CN,1260117,1074882.18,261947.5,338829.61,1522064.5,1413711.78,1146,92,1238,Tier 3,10,2
PRJ-4793,Service,North America,MX,4657414,4293312.3,504148.98,728393.84,5161562.98,5021706.14,289,3,292,Tier 2,3,2
PRJ-4794,Energy,Africa,ZA,4895762,6978402.17,764892.95,1119318.29,5660654.95,8097720.47,1141,199,1340,Tier 2,7,7
PRJ-4795,Energy,North America,MX,3179528,2933763.19,675988.37,716992.53,3855516.37,3650755.73,1626,173,1799,Tier 3,7,1
PRJ-4796,Energy,Oceania,NZ,2960820,2893981.02,48518.27,64127.86,3009338.27,2958108.88,1279,103,1382,Tier 3,5,3
PRJ-4797,Service,South America,AR,1284049,1924694.4,104049.73,115184.93,1388098.73,2039879.33,697,121,818,Tier 3,6,3
PRJ-4798,Service,South America,BR,245194,375968.43,25512.73,31711.49,270706.73,407679.91,124,8,132,Tier 4,2,0
PRJ-4799,Energy,Oceania,AU,2869277,3329155.78,806748.65,1119679.81,3676025.65,4448835.59,1645,7,1652,Tier 3,0,0
PRJ-4800,Service,Oceania,NZ,1730842,2567465.45,323014.13,369313.55,2053856.13,2936779,1514,15,1529,Tier 3,7,5
PRJ-4801,Service,Asia,JP,2078471,2396750.24,287410.75,322816.62,2365881.75,2719566.86,221,32,253,Tier 3,6,5
PRJ-4802,Service,South America,AR,2483019,4448045.94,555831.03,564410.1,3038850.03,5012456.04,872,172,1044,Tier 3,3,3
PRJ-4803,Install,Africa,ZA,763051,856808.56,62016.51,84601.01,825067.51,941409.57,21,1,22,Tier 4,3,1
PRJ-4804,Install,North America,US,2434896,1578173.98,208758.18,305407.16,2643654.18,1883581.14,82,16,98,Tier 3,4,2
PRJ-4805,Install,Asia,JP,3457162,4253614.79,301170.63,331909.53,3758332.63,4585524.31,1131,26,1157,Tier 3,6,1
PRJ-4806,Energy,Africa,EG,3315481,4667240.88,564651.86,637107.39,3880132.86,5304348.26,819,124,943,Tier 3,9,8
PRJ-4807,Energy,Oceania,AU,4820632,8577732.75,621621.16,674468.21,5442253.16,9252200.96,1663,284,1947,Tier 2,10,8
PRJ-4808,Install,Europe,DE,4708407,6559771.86,133209.02,149769.06,4841616.02,6709540.92,1777,219,1996,Tier 3,8,7
PRJ-4809,Energy,Asia,JP,4840377,5691416.17,1152192.67,1585810.02,5992569.67,7277226.2,826,10,836,Tier 2,9,7
PRJ-4810,Service,Asia,CN,1255000,2033425.22,28767.61,42082.82,1283767.61,2075508.03,1779,165,1944,Tier 3,9,4
PRJ-4811,Service,Europe,FR,1221242,1473982.94,67654.97,74744.07,1288896.97,1548727.01,946,81,1027,Tier 3,10,7
PRJ-4812,Install,Europe,FR,1546656,2053631.17,3577,4800.07,1550233,2058431.25,1376,246,1622,Tier 3,10,3
PRJ-4813,Energy,Europe,FR,3822504,5232146.39,764805.03,809911.72,4587309.03,6042058.11,451,0,451,Tier 3,3,1
PRJ-4814,Install,South America,BR,801483,701799.22,4603.53,5000.33,806086.53,706799.55,1133,135,1268,Tier 4,2,0
PRJ-4815,Energy,Asia,JP,2951071,2954618.39,335341.07,371267.43,3286412.07,3325885.82,458,41,499,Tier 3,6,6
PRJ-4816,Service,Africa,ZA,4687936,3482477.5,207757.89,241402.01,4895693.89,3723879.51,906,127,1033,Tier 3,10,8
PRJ-4817,Energy,Africa,EG,3582055,3839768.76,26379.91,36739.05,3608434.91,3876507.8,1108,34,1142,Tier 3,7,2
PRJ-4818,Energy,North America,US,1196488,1755966.06,286401.16,356181.8,1482889.16,2112147.85,1401,203,1604,Tier 3,5,1
PRJ-4819,Service,Africa,ZA,3411987,2494911.27,614284.37,894170.47,4026271.37,3389081.74,510,9,519,Tier 3,0,0
PRJ-4820,Service,Oceania,AU,964740,861032.43,220640.36,311341.74,1185380.36,1172374.17,35,1,36,Tier 3,10,8
PRJ-4821,Install,Africa,EG,3265742,3918613.8,634447.36,692116.59,3900189.36,4610730.39,86,10,96,Tier 3,7,5
PRJ-4822,Service,Oceania,NZ,2597212,1915618.67,394485.04,411673.85,2991697.04,2327292.52,1744,163,1907,Tier 3,10,6
PRJ-4823,Energy,North America,US,874876,1377259.42,63592.91,74411.73,938468.91,1451671.14,475,24,499,Tier 4,5,0
PRJ-4824,Service,Africa,EG,3249152,3762294.26,792391.4,1178939.75,4041543.4,4941234.01,1758,47,1805,Tier 3,0,0
PRJ-4825,Service,South America,AR,1971919,1968988.47,272728.17,347863.16,2244647.17,2316851.63,298,57,355,Tier 3,2,2
PRJ-4826,Install,Europe,DE,2410711,3201203.91,129493.79,164322.86,2540204.79,3365526.78,941,112,1053,Tier 3,7,5
PRJ-4827,Install,Europe,DE,92773,135911.99,8586.44,10383.86,101359.44,146295.85,1061,117,1178,Tier 5,5,1
PRJ-4828,Install,Asia,CN,241851,419531.56,51553.73,54877.79,293404.73,474409.35,1599,54,1653,Tier 4,8,8
PRJ-4829,Install,Asia,CN,2410077,2563221.32,715430.68,845899.86,3125507.68,3409121.19,958,53,1011,Tier 3,4,3
PRJ-4830,Energy,Europe,FR,3152996,4949664.56,848218.47,1241672.19,4001214.47,6191336.75,1647,251,1898,Tier 3,2,1
PRJ-4831,Service,Asia,CN,3944500,6194276.46,551767.16,762274.43,4496267.16,6956550.89,1716,71,1787,Tier 3,2,2
PRJ-4832,Service,Asia,CN,1885543,2508642.58,494233.01,548736.87,2379776.01,3057379.45,1164,138,1302,Tier 3,3,0
PRJ-4833,Energy,Asia,CN,3348045,2064515.37,682651.43,780519.25,4030696.43,2845034.62,83,6,89,Tier 3,7,4
PRJ-4834,Service,Oceania,NZ,2417687,4247045.58,447676.92,542649.73,2865363.92,4789695.31,1085,111,1196,Tier 3,3,0
PRJ-4835,Service,North America,US,2707544,3968191.83,735461.02,1084769.63,3443005.02,5052961.46,1461,25,1486,Tier 3,4,3
PRJ-4836,Energy,Africa,EG,1792802,2201267.37,453786.06,510443.85,2246588.06,2711711.22,88,11,99,Tier 3,9,8
PRJ-4837,Energy,Oceania,NZ,1651511,1960697.39,258402.71,319385.22,1909913.71,2280082.62,917,72,989,Tier 3,4,4
PRJ-4838,Install,Asia,CN,2170536,1619061.75,211625.54,266651.91,2382161.54,1885713.66,1482,158,1640,Tier 3,3,1
PRJ-4839,Energy,South America,BR,4144078,6779816.84,546224.52,768395.23,4690302.52,7548212.07,417,46,463,Tier 3,8,2
PRJ-4840,Service,Africa,EG,3429696,5383439.16,274852.89,291660,3704548.89,5675099.17,1067,42,1109,Tier 3,7,2
PRJ-4841,Install,North America,US,2423582,2793715.66,58986.27,61149.05,2482568.27,2854864.71,949,16,965,Tier 3,8,1
PRJ-4842,Install,Oceania,AU,3724672,3953974.65,783258.21,793997.54,4507930.21,4747972.2,993,193,1186,Tier 3,9,3
PRJ-4843,Energy,Europe,FR,2119968,1375071.17,422273.54,550914.18,2542241.54,1925985.35,969,9,978,Tier 3,1,0
PRJ-4844,Service,South America,AR,4422149,7446583.79,603652.32,663166.24,5025801.32,8109750.03,1733,111,1844,Tier 2,2,2
PRJ-4845,Energy,Africa,EG,3899811,6022713,1068012.8,1505551.47,4967823.8,7528264.47,1363,271,1634,Tier 3,2,0
PRJ-4846,Energy,Europe,FR,2845723,2182650.23,792404.07,800642.92,3638127.07,2983293.15,288,30,318,Tier 3,3,3
PRJ-4847,Install,North America,US,4795973,8161724.21,498281.31,738846.38,5294254.31,8900570.59,127,1,128,Tier 2,2,2
PRJ-4848,Install,North America,MX,1112237,1325101.37,329909.32,460911.28,1442146.32,1786012.65,243,48,291,Tier 3,8,0
PRJ-4849,Install,Oceania,AU,2079890,1900555.88,222879.39,310852.83,2302769.39,2211408.71,1671,58,1729,Tier 3,9,8
PRJ-4850,Service,Asia,JP,2562960,3827466.3,79713.31,87191.07,2642673.31,3914657.37,158,1,159,Tier 3,5,4
PRJ-4851,Energy,Oceania,AU,704753,798410.35,192042.57,250760.76,896795.57,1049171.12,1801,151,1952,Tier 4,3,2
PRJ-4852,Energy,South America,AR,294330,407209.75,52186.03,65776.73,346516.03,472986.49,232,42,274,Tier 4,5,2
PRJ-4853,Energy,Africa,ZA,1514709,2038779.11,318510.35,344590.3,1833219.35,2383369.41,1143,1,1144,Tier 3,2,1
PRJ-4854,Energy,Asia,JP,1167491,1241162.96,150281.08,163783.53,1317772.08,1404946.5,1717,95,1812,Tier 3,2,2
PRJ-4855,Install,South America,BR,490356,316467.1,24264.48,27939.74,514620.48,344406.85,1334,30,1364,Tier 4,9,4
PRJ-4856,Install,Europe,DE,3991511,3528126.44,568730.81,809706.63,4560241.81,4337833.07,1041,96,1137,Tier 3,9,5
PRJ-4857,Service,Asia,JP,1672661,2510029.39,316073.35,411152.63,1988734.35,2921182.02,1423,184,1607,Tier 3,4,3
PRJ-4858,Install,Asia,CN,1250635,1643513.25,122975.48,143740.96,1373610.48,1787254.2,1667,220,1887,Tier 3,4,4
PRJ-4859,Energy,Europe,DE,1613527,2742598.19,463273.42,588906.69,2076800.42,3331504.88,1000,146,1146,Tier 3,9,6
PRJ-4860,Energy,Europe,FR,4454413,4228210.89,580948.73,752527.86,5035361.73,4980738.75,950,108,1058,Tier 2,2,2
PRJ-4861,Install,Europe,FR,3193703,5423761.65,574671.54,661757.89,3768374.54,6085519.54,1066,164,1230,Tier 3,9,2
PRJ-4862,Service,Oceania,AU,1969881,2305555.49,165589.45,182524.06,2135470.45,2488079.55,896,71,967,Tier 3,6,6
PRJ-4863,Energy,Asia,CN,4065123,2920723.85,111953.03,159893.59,4177076.03,3080617.44,1736,252,1988,Tier 3,8,8
PRJ-4864,Energy,Africa,EG,3436196,2574128.85,1011243.37,1124898.76,4447439.37,3699027.61,1754,202,1956,Tier 3,8,5
PRJ-4865,Install,Africa,EG,4107646,3046256.98,735092.49,938987.62,4842738.49,3985244.59,52,8,60,Tier 3,3,0
PRJ-4866,Energy,Africa,EG,343446,548085.39,56342.33,57951.83,399788.33,606037.22,925,83,1008,Tier 4,1,0
PRJ-4867,Install,Oceania,AU,609615,914935.9,157513.13,231796.36,767128.13,1146732.26,1275,28,1303,Tier 4,5,3
PRJ-4868,Energy,Africa,EG,1754143,1904469.42,313246.81,383641.82,2067389.81,2288111.24,733,99,832,Tier 3,8,6
PRJ-4869,Energy,Asia,JP,1303037,1712350.88,274047.45,303115.72,1577084.45,2015466.6,829,147,976,Tier 3,4,2
PRJ-4870,Service,Oceania,NZ,3435350,2892065.56,694957.32,708019.01,4130307.32,3600084.57,1603,82,1685,Tier 3,9,8
PRJ-4871,Service,Asia,CN,3151562,3102097.55,797441.58,894575.94,3949003.58,3996673.49,558,58,616,Tier 3,0,0
PRJ-4872,Energy,Oceania,NZ,4853622,5111735.96,490908.62,690888.09,5344530.62,5802624.05,944,101,1045,Tier 2,3,2
PRJ-4873,Install,Africa,ZA,533255,558301.45,54581.9,76750.65,587836.9,635052.1,647,13,660,Tier 4,5,4
PRJ-4874,Service,Oceania,NZ,2993513,5022446.27,15316.18,20211.36,3008829.18,5042657.63,1232,140,1372,Tier 3,5,2
PRJ-4875,Service,South America,BR,471979,544019.63,85081.49,94426.67,557060.49,638446.3,835,75,910,Tier 4,9,7
PRJ-4876,Install,North America,MX,1755313,1994193.88,68165.6,74847.21,1823478.6,2069041.09,748,25,773,Tier 3,10,1
PRJ-4877,Service,Europe,DE,1038529,1313317.44,155645.04,177679.78,1194174.04,1490997.22,435,18,453,Tier 3,0,0
PRJ-4878,Energy,Africa,ZA,4642827,6917200.91,178665.4,214082.01,4821492.4,7131282.92,98,12,110,Tier 3,5,1
PRJ-4879,Install,Europe,FR,2330015,2044352.42,316099.38,362816.7,2646114.38,2407169.12,1782,216,1998,Tier 3,0,0
PRJ-4880,Install,North America,MX,516894,702094.82,68211.32,75362.22,585105.32,777457.05,267,45,312,Tier 4,3,1
PRJ-4881,Energy,North America,US,1712899,3072593.83,274442.24,405435.11,1987341.24,3478028.94,1554,240,1794,Tier 3,2,2
PRJ-4882,Service,South America,AR,739810,1064878.11,93689.1,116537.11,833499.1,1181415.22,826,127,953,Tier 4,9,3
PRJ-4883,Install,Europe,FR,664856,725083.66,74497.83,85103.84,739353.83,810187.5,532,27,559,Tier 4,7,0
PRJ-4884,Service,North America,US,4740686,6987090.11,654459.71,923644.5,5395145.71,7910734.61,178,20,198,Tier 2,3,0
PRJ-4885,Energy,Asia,JP,3072502,5071549.68,902353.6,1149461.02,3974855.6,6221010.7,1320,39,1359,Tier 3,9,0
PRJ-4886,Energy,Asia,CN,4152514,3847369.21,1167856.69,1687466.99,5320370.69,5534836.21,1300,244,1544,Tier 2,8,3
PRJ-4887,Install,Europe,FR,3640358,5213466.52,541063.05,730156.56,4181421.05,5943623.07,183,0,183,Tier 3,2,2
PRJ-4888,Energy,Europe,DE,3304522,5243518.95,481230.28,506537.68,3785752.28,5750056.63,1236,227,1463,Tier 3,1,1
PRJ-4889,Service,Africa,ZA,3395515,2519366.52,277651.66,310067.32,3673166.66,2829433.84,566,31,597,Tier 3,8,5
PRJ-4890,Energy,South America,AR,3890141,3422806.51,467475.48,563211.36,4357616.48,3986017.86,1704,327,2031,Tier 3,8,3
PRJ-4891,Install,Europe,FR,4707937,7836245.74,409713.94,545174.97,5117650.94,8381420.71,661,100,761,Tier 2,10,0
PRJ-4892,Service,Asia,CN,4189714,3231734.69,88447.21,106074.61,4278161.21,3337809.3,1698,331,2029,Tier 3,9,2
PRJ-4893,Service,Asia,CN,780938,527709.22,72718.1,105424.13,853656.1,633133.35,1697,232,1929,Tier 4,4,4
PRJ-4894,Service,Oceania,NZ,4372084,2683602.09,703523.17,966477.51,5075607.17,3650079.59,264,35,299,Tier 2,10,9
PRJ-4895,Install,South America,AR,917584,794232.27,203523.47,237831.73,1121107.47,1032064,1278,194,1472,Tier 3,3,1
PRJ-4896,Install,North America,US,4039200,6545645.36,474412.35,477070.25,4513612.35,7022715.61,58,0,58,Tier 3,5,3
PRJ-4897,Install,Oceania,AU,3124359,5263221.33,403088.01,594551.03,3527447.01,5857772.36,1630,292,1922,Tier 3,1,0
PRJ-4898,Energy,Europe,DE,1843197,1863913.58,165098.09,216703.15,2008295.09,2080616.73,255,4,259,Tier 3,6,3
PRJ-4899,Install,Oceania,NZ,3481156,6259038.52,9922.45,13946.14,3491078.45,6272984.66,502,1,503,Tier 3,4,0
PRJ-4900,Service,Asia,CN,4831427,8008418.02,1276524.52,1672951.96,6107951.52,9681369.98,1516,109,1625,Tier 2,10,1
PRJ-4901,Install,Asia,CN,567375,572402.43,91842.45,128457.35,659217.45,700859.78,1223,193,1416,Tier 4,3,1
PRJ-4902,Service,Asia,JP,3690290,4819931.84,52280.06,72967.26,3742570.06,4892899.1,349,22,371,Tier 3,0,0
PRJ-4903,Install,Oceania,AU,2287773,2494587.3,17317.7,25050.48,2305090.7,2519637.77,32,2,34,Tier 3,3,0
PRJ-4904,Install,Oceania,AU,1495987,1304053.86,285155.14,285535.52,1781142.14,1589589.37,924,97,1021,Tier 3,3,2
PRJ-4905,Energy,Asia,CN,1909723,1208821.75,151657.87,181721.24,2061380.87,1390542.99,1080,86,1166,Tier 3,7,0
PRJ-4906,Energy,Oceania,AU,3776810,6460255.47,765240.97,884970.95,4542050.97,7345226.43,965,87,1052,Tier 3,5,0
PRJ-4907,Install,South America,AR,801942,999194.25,113884.19,155597.92,915826.19,1154792.17,1627,236,1863,Tier 4,8,5
PRJ-4908,Energy,South America,BR,3889799,2516259.22,738566.27,1027236.4,4628365.27,3543495.62,1660,33,1693,Tier 3,10,7
PRJ-4909,Service,Europe,FR,413119,574399.27,49151.22,60092.62,462270.22,634491.89,1468,43,1511,Tier 4,0,0
PRJ-4910,Energy,Oceania,NZ,400762,715439.85,90449.95,135217.83,491211.95,850657.68,1217,52,1269,Tier 4,7,3
PRJ-4911,Energy,North America,MX,4726948,7653886.88,1370331.96,1809957.3,6097279.96,9463844.19,1273,159,1432,Tier 2,0,0
PRJ-4912,Energy,North America,US,3354195,6031410.44,230195.08,244175.73,3584390.08,6275586.17,1762,77,1839,Tier 3,4,3
PRJ-4913,Service,North America,MX,52594,32995.55,1637.27,1992.65,54231.27,34988.2,904,33,937,Tier 5,3,2
PRJ-4914,Service,Europe,DE,1712709,1077190.53,197314.87,267355.31,1910023.87,1344545.84,370,5,375,Tier 3,7,7
PRJ-4915,Energy,Africa,EG,4832964,7553282.24,865305.66,1195459.44,5698269.66,8748741.68,72,7,79,Tier 2,10,2
PRJ-4916,Install,North America,MX,957616,1064156.91,231615.18,279904.74,1189231.18,1344061.65,767,144,911,Tier 3,7,0
PRJ-4917,Energy,Europe,FR,1448592,2399918.04,203897.27,285558.24,1652489.27,2685476.28,20,2,22,Tier 3,10,6
PRJ-4918,Install,Europe,DE,2163665,3593317.24,254196.15,266868.58,2417861.15,3860185.82,402,66,468,Tier 3,2,0
PRJ-4919,Service,North America,US,4313217,2655093.95,38626.75,41670.66,4351843.75,2696764.61,569,108,677,Tier 3,7,1
PRJ-4920,Energy,Africa,ZA,598250,845329.05,104956.58,119668.87,703206.58,964997.92,816,131,947,Tier 4,1,0
PRJ-4921,Install,North America,US,3744234,4196181.67,895605.55,1076303.17,4639839.55,5272484.85,988,170,1158,Tier 3,5,0
PRJ-4922,Service,Europe,FR,2120691,1624710.44,286186.4,307288.6,2406877.4,1931999.04,1106,34,1140,Tier 3,8,3
PRJ-4923,Energy,North America,MX,3513925,3875134.4,807573.28,912262.34,4321498.28,4787396.74,129,3,132,Tier 3,2,2
PRJ-4924,Service,Europe,DE,4699258,6960551.45,552074.74,712267.84,5251332.74,7672819.29,1007,188,1195,Tier 2,8,5
PRJ-4925,Service,North America,US,1930123,2832841.8,302024.15,344351.65,2232147.15,3177193.45,1473,28,1501,Tier 3,5,3
PRJ-4926,Energy,South America,AR,3168051,2404255.77,40617.71,55471.19,3208668.71,2459726.96,1731,188,1919,Tier 3,3,0
PRJ-4927,Energy,Europe,DE,1485785,2283908.72,341330.29,380685.69,1827115.29,2664594.41,1281,184,1465,Tier 3,7,7
PRJ-4928,Energy,South America,BR,1535635,1055788.26,164780.5,192321.32,1700415.5,1248109.58,845,92,937,Tier 3,8,6
PRJ-4929,Install,Oceania,AU,4837437,4798272.52,1407240.19,1444377.88,6244677.19,6242650.4,1202,238,1440,Tier 2,6,0
PRJ-4930,Service,Europe,FR,3127089,2212225.06,250782.55,275876.16,3377871.55,2488101.22,1760,118,1878,Tier 3,0,0
PRJ-4931,Energy,Europe,DE,276648,475174.85,55520.97,73111.33,332168.97,548286.18,905,25,930,Tier 4,1,1
PRJ-4932,Service,Africa,ZA,1656001,1111825.35,474751.69,540119.81,2130752.69,1651945.17,989,189,1178,Tier 3,4,1
PRJ-4933,Install,Africa,EG,816240,893250.29,153963.74,162244,970203.74,1055494.3,31,2,33,Tier 4,6,2
PRJ-4934,Install,Europe,DE,4911233,4311040.12,855087.67,1124236.54,5766320.67,5435276.66,1307,142,1449,Tier 2,5,2
PRJ-4935,Energy,South America,AR,3725231,6164117.63,911318.38,1102455.49,4636549.38,7266573.12,485,21,506,Tier 3,5,1
PRJ-4936,Install,Europe,DE,4338219,2852422.87,694548.08,923135.25,5032767.08,3775558.13,1284,35,1319,Tier 2,8,7
PRJ-4937,Install,Europe,DE,107000,111513.02,21538.37,21744.98,128538.37,133258,1405,15,1420,Tier 5,8,7
PRJ-4938,Service,Africa,EG,2505616,3869176.47,570471.07,637467.04,3076087.07,4506643.51,939,99,1038,Tier 3,1,1
PRJ-4939,Energy,Oceania,NZ,3087396,2183939.44,759753.68,1090963.84,3847149.68,3274903.28,523,94,617,Tier 3,9,5
PRJ-4940,Install,Africa,ZA,3217783,2766386.01,958476.71,1196282.99,4176259.71,3962669,1822,205,2027,Tier 3,0,0
PRJ-4941,Service,Africa,EG,4341630,4677959.02,324166.27,405689.96,4665796.27,5083648.98,786,126,912,Tier 3,10,0
PRJ-4942,Energy,Oceania,NZ,1987265,2425859.64,148092.7,211029.32,2135357.7,2636888.96,951,56,1007,Tier 3,5,2
PRJ-4943,Energy,Asia,CN,3442723,5447219.34,659342.86,688997.42,4102065.86,6136216.77,648,119,767,Tier 3,2,2
PRJ-4944,Install,Africa,ZA,1171978,1284517.99,172578.44,227248.89,1344556.44,1511766.88,1176,46,1222,Tier 3,6,0
PRJ-4945,Energy,North America,US,1480443,1737884.38,261038.13,263945.77,1741481.13,2001830.16,285,2,287,Tier 3,4,2
PRJ-4946,Energy,Europe,DE,4880663,8665160.62,1366649.95,1962544.96,6247312.95,10627705.59,1056,164,1220,Tier 2,6,5
PRJ-4947,Service,South America,AR,3036117,3879930.22,268466.41,293753.37,3304583.41,4173683.59,1047,89,1136,Tier 3,9,0
PRJ-4948,Energy,Oceania,NZ,329341,199610.37,20486.06,28099.08,349827.06,227709.44,1131,193,1324,Tier 4,4,2
PRJ-4949,Service,Africa,ZA,3022316,1830231.68,286663.79,350044.24,3308979.79,2180275.92,103,12,115,Tier 3,1,0
PRJ-4950,Service,North America,MX,4089857,7129906.51,1195978.7,1619236.38,5285835.7,8749142.89,1506,14,1520,Tier 2,8,1
PRJ-4951,Service,Asia,CN,4855035,7134238.15,487432.16,700327.84,5342467.16,7834565.99,1753,330,2083,Tier 2,2,0
PRJ-4952,Install,South America,AR,984831,1150084.44,52430.64,54791.12,1037261.64,1204875.55,516,9,525,Tier 3,9,2
PRJ-4953,Energy,Asia,JP,449035,628385.66,70950.4,88436.47,519985.4,716822.12,1516,157,1673,Tier 4,10,5
PRJ-4954,Install,Oceania,AU,2785829,3284829,294519.33,385913.73,3080348.33,3670742.73,1314,2,1316,Tier 3,9,8
PRJ-4955,Energy,South America,BR,3494119,4171439.97,928973.78,1348631.08,4423092.78,5520071.05,1482,231,1713,Tier 3,2,0
PRJ-4956,Service,Africa,ZA,2605028,1893215.49,445830.75,495220.96,3050858.75,2388436.45,880,170,1050,Tier 3,10,1
PRJ-4957,Service,Africa,EG,79886,125654.56,3868.64,4442.67,83754.64,130097.22,196,11,207,Tier 5,8,6
PRJ-4958,Service,South America,BR,676648,752075.86,166928.09,192822.96,843576.09,944898.82,1315,253,1568,Tier 4,4,2
PRJ-4959,Energy,Africa,ZA,3222582,4845408.34,116020.79,170261.44,3338602.79,5015669.78,719,101,820,Tier 3,5,4
PRJ-4960,Service,Europe,DE,88057,135420.18,2296.93,3280.7,90353.93,138700.88,1525,243,1768,Tier 5,5,5
PRJ-4961,Energy,North America,MX,4171598,4881904.28,1013024.13,1492469.4,5184622.13,6374373.69,1103,180,1283,Tier 2,0,0
PRJ-4962,Service,Europe,FR,4743930,3983893.13,208786.19,304505.81,4952716.19,4288398.94,356,35,391,Tier 3,2,0
PRJ-4963,Install,North America,MX,3376857,5283792.61,670885.24,687849.83,4047742.24,5971642.44,594,78,672,Tier 3,4,4
PRJ-4964,Energy,Europe,FR,1906069,2567288.69,167654.88,224259.51,2073723.88,2791548.2,533,98,631,Tier 3,7,4
PRJ-4965,Install,Africa,ZA,1170501,744938.05,191942.4,251339,1362443.4,996277.05,1725,40,1765,Tier 3,8,7
PRJ-4966,Install,Europe,FR,598222,830325.79,749.76,876.47,598971.76,831202.25,1702,305,2007,Tier 4,4,4
PRJ-4967,Service,Asia,JP,311150,283990.16,56227.36,66232.18,367377.36,350222.35,677,17,694,Tier 4,8,2
PRJ-4968,Service,Europe,FR,758975,751321.3,156921.68,207591.13,915896.68,958912.43,379,72,451,Tier 4,4,3
PRJ-4969,Energy,South America,AR,1182484,899124.3,118452.27,157341.86,1300936.27,1056466.16,1077,164,1241,Tier 3,8,3
PRJ-4970,Install,Europe,DE,3650756,4532357.21,281038.49,382644.26,3931794.49,4915001.47,207,37,244,Tier 3,7,4
PRJ-4971,Energy,Africa,EG,1899162,2901957.07,113809.75,119707.36,2012971.75,3021664.43,1825,22,1847,Tier 3,8,6
PRJ-4972,Install,Asia,CN,205783,158114.46,34637.81,46483.87,240420.81,204598.33,156,6,162,Tier 5,9,5
PRJ-4973,Energy,Africa,EG,1500547,990427.22,426956.77,574755.18,1927503.77,1565182.4,1509,267,1776,Tier 3,5,4
PRJ-4974,Install,South America,AR,4884297,6721481.54,1326584.21,1719458.77,6210881.21,8440940.31,1245,173,1418,Tier 2,1,0
PRJ-4975,Energy,Asia,CN,442904,549571.4,84142.57,105960.7,527046.57,655532.1,599,10,609,Tier 4,10,6
PRJ-4976,Service,Africa,ZA,4723001,2851063.49,797730.99,1187640.57,5520731.99,4038704.06,1666,52,1718,Tier 2,8,6
PRJ-4977,Service,Europe,FR,3312581,4560867.89,94614.91,123502.77,3407195.91,4684370.66,813,62,875,Tier 3,1,0
PRJ-4978,Install,Oceania,AU,945109,1607699.19,57582.94,79114.17,1002691.94,1686813.36,768,33,801,Tier 3,0,0
PRJ-4979,Install,Europe,DE,104380,148251.55,24070.58,32547.47,128450.58,180799.02,373,9,382,Tier 5,1,0
PRJ-4980,Install,Europe,DE,3387557,3877946.99,501350.29,600819.25,3888907.29,4478766.24,61,1,62,Tier 3,3,2
PRJ-4981,Install,Europe,FR,3229390,3744151.92,926130.78,964171.07,4155520.78,4708323,462,80,542,Tier 3,9,0
PRJ-4982,Energy,Africa,ZA,2413116,1788950.4,160675.17,161770.3,2573791.17,1950720.7,677,7,684,Tier 3,6,4
PRJ-4983,Service,Asia,CN,3667256,4328904.94,982856.07,1253548.52,4650112.07,5582453.46,1674,112,1786,Tier 3,3,1
PRJ-4984,Energy,Europe,DE,2905150,3291597.06,224180.49,310253.75,3129330.49,3601850.81,788,78,866,Tier 3,10,6
PRJ-4985,Energy,Asia,JP,3827412,4916652.29,512486.94,739164.07,4339898.94,5655816.36,1683,55,1738,Tier 3,2,0
PRJ-4986,Service,North America,US,3394360,5281801.12,125528.46,173272.56,3519888.46,5455073.67,1776,82,1858,Tier 3,4,3
PRJ-4987,Service,Asia,CN,3112302,2013604.43,541873.07,811515.62,3654175.07,2825120.05,671,108,779,Tier 3,5,0
PRJ-4988,Install,North America,MX,2792766,2777483.53,45698.16,53722.22,2838464.16,2831205.75,166,4,170,Tier 3,2,1
PRJ-4989,Install,Oceania,AU,4143271,7131275.86,704674.91,985977.83,4847945.91,8117253.7,595,92,687,Tier 3,8,3
PRJ-4990,Install,Europe,FR,3514462,4724386,122816.3,135172.31,3637278.3,4859558.31,273,50,323,Tier 3,9,3
PRJ-4991,Install,North America,US,791234,777807.76,50160.07,50174.54,841394.07,827982.3,217,9,226,Tier 4,4,4
PRJ-4992,Service,Asia,JP,548441,420979.6,114008.41,126207.53,662449.41,547187.12,1620,310,1930,Tier 4,7,7
PRJ-4993,Service,Oceania,AU,208975,231696.52,1149.26,1498.86,210124.26,233195.38,832,107,939,Tier 5,3,2
PRJ-4994,Energy,North America,US,3067667,2272929.26,39499.12,40865.89,3107166.12,2313795.15,68,3,71,Tier 3,8,5
PRJ-4995,Service,North America,US,914465,911502.53,63953.78,92608.52,978418.78,1004111.06,816,82,898,Tier 4,6,5
PRJ-4996,Install,North America,MX,108286,186064.59,13166.27,13814.86,121452.27,199879.46,1212,33,1245,Tier 5,1,0
PRJ-4997,Install,North America,MX,1287181,1180266.82,235975.36,346131.05,1523156.36,1526397.86,655,127,782,Tier 3,4,0
PRJ-4998,Service,South America,AR,1100598,1316018.01,144925.17,202922.22,1245523.17,1518940.23,1604,209,1813,Tier 3,6,6
PRJ-4999,Service,Europe,FR,2543166,2700806.3,753792.31,1066308.88,3296958.31,3767115.19,1673,27,1700,Tier 3,9,0
PRJ-5000,Install,Asia,CN,1159156,1532301.5,106279.08,125722.28,1265435.08,1658023.78,1782,113,1895,Tier 3,10,8
